id,slug,name,title,source,url,source_url,record_type,record_kind,outputType,category,themes,document_status,source_access,accessTier,priceUsdCents,archive_downloaded,commit,retrieved_at,source_sha256,executed
77ed3966-1c40-4498-8b3b-35aee54bf2d9,bs-creatormotion-type-title-takeover,CreatorMotion · Title Scene Takeover,,Skillry,https://skillry.dev/skills/bs-creatormotion-type-title-takeover,https://skillry.dev/skills/bs-creatormotion-type-title-takeover,skillry_skill,skill,video,video,"[""explainer"", ""product_promo"", ""typography"", ""characters"", ""background_removal"", ""charts_maps""]",full_public_instruction,public_http,free,0,False,,2026-09-30T00:38:38.822829+00:00,30535b17de568a3a747cbf3dda5a78280cfb7dea842303befb24fb65fb6c279d,
7817f969-44b6-4318-a4d8-e0f1d310a407,bs-manus2-0-style-launch-video,Manus 2.0 Style Launch Video,,Skillry,https://skillry.dev/skills/bs-manus2-0-style-launch-video,https://skillry.dev/skills/bs-manus2-0-style-launch-video,skillry_skill,skill,video,video,"[""explainer"", ""product_promo"", ""typography"", ""characters""]",locked_excerpt,public_http,premium,499,False,,2026-09-30T00:38:36.682989+00:00,36ae040fa71d14f05ddf4bed327c2eef91f1bdddf66cd69ab552ab5932c20fef,
76c7ca1b-268a-4431-b553-96b9e2a073b0,bs-grokbot-avatar,GrokBot Avatar,,Skillry,https://skillry.dev/skills/bs-grokbot-avatar,https://skillry.dev/skills/bs-grokbot-avatar,skillry_skill,skill,image,image,"[""characters""]",full_public_instruction,public_http,free,0,False,,2026-09-30T00:38:38.237388+00:00,c53b0c0ebc5019854a388ed3b4500e5bdf1d8bb42f200523227cb1a9a0e69cd1,
43704719-cf1c-48e4-97af-7c315e2bf2cd,bs-hyperframes-velocity-sting,Velocity-Matched UI Sting,,Skillry,https://skillry.dev/skills/bs-hyperframes-velocity-sting,https://skillry.dev/skills/bs-hyperframes-velocity-sting,skillry_skill,skill,video,video,"[""product_promo""]",full_public_instruction,public_http,free,0,False,,2026-09-30T00:38:36.664643+00:00,31766c159ea0b71a84a3816f73e9eb1bf4b1b64b90f0a15c0e78c698a33f48eb,
aee605e5-e706-4f18-bed6-a6b48531fb47,bs-creatormotion-cards-action-checklist,CreatorMotion · Synchronized Action Checklist,,Skillry,https://skillry.dev/skills/bs-creatormotion-cards-action-checklist,https://skillry.dev/skills/bs-creatormotion-cards-action-checklist,skillry_skill,skill,video,video,"[""explainer"", ""product_promo"", ""typography"", ""characters"", ""charts_maps""]",full_public_instruction,public_http,free,0,False,,2026-09-30T00:38:39.355998+00:00,012329fb1c2938b445b6fe3efc481ed9bc8f0f525f235e4de191cb1486303f41,
fa84bc09-097a-4972-abf6-dcf7c51e56f2,bs-hyperframes-agent-chorus-reel,Agent-Chorus Capability Reel,,Skillry,https://skillry.dev/skills/bs-hyperframes-agent-chorus-reel,https://skillry.dev/skills/bs-hyperframes-agent-chorus-reel,skillry_skill,skill,video,video,"[""product_promo"", ""characters""]",full_public_instruction,public_http,free,0,False,,2026-09-30T00:38:38.382849+00:00,c73368d5f8a1b28ace1c42a44b5a62030a4512bc33ab811b7f94b006c5613495,
166fe7bc-5cb1-4611-99a4-e116be80e0f6,bs-hyperframes-device-canvas-launch,Device-Canvas Product Launch,,Skillry,https://skillry.dev/skills/bs-hyperframes-device-canvas-launch,https://skillry.dev/skills/bs-hyperframes-device-canvas-launch,skillry_skill,skill,video,video,"[""product_promo"", ""background_removal"", ""3d""]",full_public_instruction,public_http,free,0,False,,2026-09-30T00:38:40.098239+00:00,d741405bf4aad2ce2e8e0d7dae36d33257097b9f613dd6feec60290af8ffaadb,
c11897ee-3c22-4668-86d1-2f84de003421,bs-hand-drawn-visual-notes,Hand-Drawn Visual Notes,,Skillry,https://skillry.dev/skills/bs-hand-drawn-visual-notes,https://skillry.dev/skills/bs-hand-drawn-visual-notes,skillry_skill,skill,image,image,"[""explainer"", ""product_promo"", ""typography"", ""characters"", ""charts_maps""]",full_public_instruction,public_http,free,0,False,,2026-09-30T00:38:40.176844+00:00,17174dc1361f5bc6de8e0c37f262752089ceaf412245288a9dfd60c417d58bdd,
a5ec99c1-a916-473e-ba7b-41efc6d58603,bs-hyperframes-chat-to-result-launch,Chat-to-Result Launch Film,,Skillry,https://skillry.dev/skills/bs-hyperframes-chat-to-result-launch,https://skillry.dev/skills/bs-hyperframes-chat-to-result-launch,skillry_skill,skill,video,video,"[""explainer"", ""product_promo"", ""typography""]",full_public_instruction,public_http,free,0,False,,2026-09-30T00:38:40.897670+00:00,76adde89184de3e797619602b366098b68736e5f39b289c5f160a33418379a53,
765dd7d4-abc2-41f4-a7db-ddbed25e5a28,bs-hyperframes-liquid-logo-reveal,Liquid-Rupture Logo Reveal,,Skillry,https://skillry.dev/skills/bs-hyperframes-liquid-logo-reveal,https://skillry.dev/skills/bs-hyperframes-liquid-logo-reveal,skillry_skill,skill,video,video,"[""product_promo"", ""charts_maps"", ""3d""]",full_public_instruction,public_http,free,0,False,,2026-09-30T00:38:40.959668+00:00,3c3e62872e419cf7de7e00d0defbd3dba96378151d79a1f8f2beac48f9d0e0db,
25ad7242-0afd-48ee-ad10-2a476f6b3570,bs-editable-visual-deck,Editable Visual Deck,,Skillry,https://skillry.dev/skills/bs-editable-visual-deck,https://skillry.dev/skills/bs-editable-visual-deck,skillry_skill,skill,presentation,presentation,"[""product_promo"", ""charts_maps""]",full_public_instruction,public_http,free,0,False,,2026-09-30T00:38:42.139218+00:00,aedc29d200bf27920f2e5d32843f44e0e82f7b1084eb9ef537434d8161b4df72,
2eef137a-7907-4611-92f0-1b96ea61ff5a,bs-hero-minimal-motion,Minimal Motion Hero,,Skillry,https://skillry.dev/skills/bs-hero-minimal-motion,https://skillry.dev/skills/bs-hero-minimal-motion,skillry_skill,skill,html,html,"[""product_promo"", ""typography""]",full_public_instruction,public_http,free,0,False,,2026-09-30T00:38:41.723599+00:00,1e65ed8c7fd2eb62c626e61dd9e639cba8976fced9fbc19cf96d4d2fc6d9a29a,
fb0eec29-23ab-41a5-b431-b672f2fbce1d,bs-field-notes-deck,Field Notes Deck,,Skillry,https://skillry.dev/skills/bs-field-notes-deck,https://skillry.dev/skills/bs-field-notes-deck,skillry_skill,skill,presentation,presentation,"[""explainer"", ""typography"", ""characters"", ""charts_maps""]",full_public_instruction,public_http,free,0,False,,2026-09-30T00:38:44.259861+00:00,5febccc172f13df987ddc3a64f996a81f35beaa43df67790e5dafb183bde3e66,
52fff370-6ee2-43d8-922d-89c1aff753f9,bs-sage-sneaker-store,Sage Sneaker Store,,Skillry,https://skillry.dev/skills/bs-sage-sneaker-store,https://skillry.dev/skills/bs-sage-sneaker-store,skillry_skill,skill,html,html,"[""product_promo"", ""typography""]",full_public_instruction,public_http,free,0,False,,2026-09-30T00:38:42.498834+00:00,3c66415e2b0a1ae3ab4e808180ed72f69243d14ed1062933474839845f11e527,
577d82cb-94e2-4cec-a33d-47dfca1c4027,bs-scrapbook-resume-site,Scrapbook Resume Site,,Skillry,https://skillry.dev/skills/bs-scrapbook-resume-site,https://skillry.dev/skills/bs-scrapbook-resume-site,skillry_skill,skill,html,html,"[""product_promo"", ""typography"", ""characters""]",full_public_instruction,public_http,free,0,False,,2026-09-30T00:38:43.264525+00:00,049a26f479782450e2ed2477c5931d725f6e9949e6f185def161d41ce9b53dbc,
2306ab1f-b0ac-4830-90bd-82036cc248b6,bs-creatormotion-cards-card-counter,CreatorMotion · Accumulating Cards and Counter,,Skillry,https://skillry.dev/skills/bs-creatormotion-cards-card-counter,https://skillry.dev/skills/bs-creatormotion-cards-card-counter,skillry_skill,skill,video,video,"[""explainer"", ""product_promo"", ""typography"", ""charts_maps""]",locked_excerpt,public_http,premium,499,False,,2026-09-30T00:38:43.320094+00:00,7fa33dda3e8b29e7af43ae144b84ce50c9535fd6d859c301f1d439302dec680f,
88c65566-0202-47e3-ad67-7fb9c26df4b2,bs-creatormotion-chapter-title-stamp,CreatorMotion · Chapter Title Stamp,,Skillry,https://skillry.dev/skills/bs-creatormotion-chapter-title-stamp,https://skillry.dev/skills/bs-creatormotion-chapter-title-stamp,skillry_skill,skill,video,video,"[""explainer"", ""product_promo"", ""typography"", ""charts_maps""]",locked_excerpt,public_http,premium,499,False,,2026-09-30T00:38:43.987683+00:00,206e6cb5a9233c524cae06399178eb421029b6ccd117cc810f37b0f6bd918141,
8cc19a81-9228-4b96-9a25-0bf0a3f6df7c,bs-hyperframes-code-change-launch,Code-Change Explainer Film,,Skillry,https://skillry.dev/skills/bs-hyperframes-code-change-launch,https://skillry.dev/skills/bs-hyperframes-code-change-launch,skillry_skill,skill,video,video,"[""explainer"", ""product_promo""]",full_public_instruction,public_http,free,0,False,,2026-09-30T00:38:46.585903+00:00,65efafeab1cda60bbf0fee12333c2ef6c475b53e2e9b73b9e0061bb3c8af89e1,
c8013c5e-85a0-4593-8a28-7de54f77f3d3,bs-creatormotion-spotlight-quote-evidence,CreatorMotion · Source Quote Evidence,,Skillry,https://skillry.dev/skills/bs-creatormotion-spotlight-quote-evidence,https://skillry.dev/skills/bs-creatormotion-spotlight-quote-evidence,skillry_skill,skill,video,video,"[""explainer"", ""product_promo"", ""typography"", ""charts_maps""]",locked_excerpt,public_http,premium,499,False,,2026-09-30T00:38:44.635325+00:00,da469e67a18bdf8063589335fbfb792b98a9e7299bd625329f333d81535468a5,
c8851647-2721-4ee8-accb-8c726e72e09d,bs-creatormotion-transition-polygon-wipe,CreatorMotion · Polygon Scene Wipe,,Skillry,https://skillry.dev/skills/bs-creatormotion-transition-polygon-wipe,https://skillry.dev/skills/bs-creatormotion-transition-polygon-wipe,skillry_skill,skill,video,video,"[""explainer"", ""product_promo"", ""typography"", ""charts_maps""]",locked_excerpt,public_http,premium,499,False,,2026-09-30T00:38:47.496453+00:00,31c1ea875e03b975d7a7fd31aeb2c85a3f507b33cb38bea0ccaa7abbc7f2a98e,
8f16b402-5363-4064-88d9-768d3d07bec9,bs-creatormotion-type-burst-statement,CreatorMotion · Echo Burst Statement,,Skillry,https://skillry.dev/skills/bs-creatormotion-type-burst-statement,https://skillry.dev/skills/bs-creatormotion-type-burst-statement,skillry_skill,skill,video,video,"[""explainer"", ""product_promo"", ""typography"", ""charts_maps""]",locked_excerpt,public_http,premium,499,False,,2026-09-30T00:38:45.329714+00:00,2f6949e9a0ee86b4c222c21c4ae3b7b4f3133ceaa3bb0d31488ad88e2718c0bf,
f8705944-02e8-4bcf-b624-b07c81fc09fd,bs-creatormotion-type-topic-cloud,CreatorMotion · Topic Cloud Behind Presenter,,Skillry,https://skillry.dev/skills/bs-creatormotion-type-topic-cloud,https://skillry.dev/skills/bs-creatormotion-type-topic-cloud,skillry_skill,skill,video,video,"[""explainer"", ""product_promo"", ""typography"", ""background_removal"", ""charts_maps""]",locked_excerpt,public_http,premium,499,False,,2026-09-30T00:38:45.689477+00:00,03a549759bd6a22f681afe47489ff0f560816d802cbbb26e1e76b5d36a0645a9,
b514ef80-d207-4f15-9835-ead5ec6e0f02,bs-yellow-sketchnote-deck,Yellow Sketchnote Deck,,Skillry,https://skillry.dev/skills/bs-yellow-sketchnote-deck,https://skillry.dev/skills/bs-yellow-sketchnote-deck,skillry_skill,skill,presentation,presentation,"[""explainer"", ""typography"", ""characters""]",full_public_instruction,public_http,free,0,False,,2026-09-30T00:38:46.865333+00:00,779983eada5792c8769822ef3ad978a98c4cd255938209440260b21c8d4238f2,
3e6acf58-6d99-4327-ac94-bc85f4ab09c6,bs-scattered-cards-magazine,Scattered-Cards Magazine,,Skillry,https://skillry.dev/skills/bs-scattered-cards-magazine,https://skillry.dev/skills/bs-scattered-cards-magazine,skillry_skill,skill,html,html,"[""product_promo"", ""typography""]",full_public_instruction,public_http,free,0,False,,2026-09-30T00:38:47.301296+00:00,63448be347225a79036255342c53b12caf093aa2a6510eb7c8146e642cebc9f5,
0f23a36e-5cc5-49fb-8084-5f2976f3a915,bs-inclusive-cutpaper-deck,Inclusive Cutpaper Deck,,Skillry,https://skillry.dev/skills/bs-inclusive-cutpaper-deck,https://skillry.dev/skills/bs-inclusive-cutpaper-deck,skillry_skill,skill,presentation,presentation,"[""explainer"", ""typography"", ""characters""]",full_public_instruction,public_http,free,0,False,,2026-09-30T00:38:49.127777+00:00,66b1afc6c90852fd1befe833dc1c3d72fc8072ca6734fb917c4dd895bf8ca5b8,
6bd35d48-1ca5-441c-878f-2ec978c82ee2,bs-sky-glass-deck,Sky Glass Deck,,Skillry,https://skillry.dev/skills/bs-sky-glass-deck,https://skillry.dev/skills/bs-sky-glass-deck,skillry_skill,skill,presentation,presentation,"[""explainer"", ""typography"", ""characters"", ""charts_maps""]",full_public_instruction,public_http,free,0,False,,2026-09-30T00:38:48.949862+00:00,59bbd986c7be210ce6aa271f2b772935514dff1ff4a030232720b00d584faeeb,
a0f85aaa-753b-4c5b-aff8-a871973a41f7,bs-creatormotion-split-status-focus,CreatorMotion · Status Focus Sidebar,,Skillry,https://skillry.dev/skills/bs-creatormotion-split-status-focus,https://skillry.dev/skills/bs-creatormotion-split-status-focus,skillry_skill,skill,video,video,"[""explainer"", ""product_promo"", ""typography"", ""charts_maps""]",locked_excerpt,public_http,premium,499,False,,2026-09-30T00:38:48.973503+00:00,21c4b841a3fd7faa6050fd9de00c1c1fda274079355f7eef8b4e9d373ff2afec,
21afe2df-be70-4704-98d2-05f66eefb9bd,bs-creatormotion-cards-cost-range,CreatorMotion · Cost Cards to Range,,Skillry,https://skillry.dev/skills/bs-creatormotion-cards-cost-range,https://skillry.dev/skills/bs-creatormotion-cards-cost-range,skillry_skill,skill,video,video,"[""explainer"", ""product_promo"", ""typography"", ""charts_maps""]",locked_excerpt,public_http,premium,499,False,,2026-09-30T00:38:48.684496+00:00,3c9c94fb6f179035f042db940fbf254449bac60016f0b47dcaa9a340d880644b,
c53cc6d7-0ec5-4b1d-9317-e14857b16d94,bs-creatormotion-cards-inspect-split,CreatorMotion · Inspect Split Reveal,,Skillry,https://skillry.dev/skills/bs-creatormotion-cards-inspect-split,https://skillry.dev/skills/bs-creatormotion-cards-inspect-split,skillry_skill,skill,video,video,"[""explainer"", ""product_promo"", ""typography"", ""charts_maps""]",locked_excerpt,public_http,premium,499,False,,2026-09-30T00:38:52.189953+00:00,3384626d6fc9b833ee2abe84408e9d745351ca0ce351d2bedd84c08c1d287b9c,
b041c4ce-d139-460e-956e-485967919576,bs-creatormotion-cards-matrix-fill,CreatorMotion · Matrix Fill and Pan,,Skillry,https://skillry.dev/skills/bs-creatormotion-cards-matrix-fill,https://skillry.dev/skills/bs-creatormotion-cards-matrix-fill,skillry_skill,skill,video,video,"[""explainer"", ""product_promo"", ""typography"", ""charts_maps""]",locked_excerpt,public_http,premium,499,False,,2026-09-30T00:38:52.863881+00:00,36865c15d18d888211c01b522fe280f9bb6119e4fb7a7fc48a967c7face5ebb0,
6de31cb0-223d-4a6f-8bac-2f573123b8cd,bs-creatormotion-cards-sequential-list,CreatorMotion · Sequential List Reveal,,Skillry,https://skillry.dev/skills/bs-creatormotion-cards-sequential-list,https://skillry.dev/skills/bs-creatormotion-cards-sequential-list,skillry_skill,skill,video,video,"[""explainer"", ""product_promo"", ""typography"", ""charts_maps""]",locked_excerpt,public_http,premium,499,False,,2026-09-30T00:38:52.076495+00:00,d1e2a442de62908762504b8c349c0309a891ef4056f22fce86729af331856d39,
e828ccb7-a224-4958-852c-9b5ea660abf3,bs-creatormotion-cards-status-row,CreatorMotion · Card Row Status Badges,,Skillry,https://skillry.dev/skills/bs-creatormotion-cards-status-row,https://skillry.dev/skills/bs-creatormotion-cards-status-row,skillry_skill,skill,video,video,"[""explainer"", ""product_promo"", ""typography"", ""charts_maps""]",locked_excerpt,public_http,premium,499,False,,2026-09-30T00:38:50.461802+00:00,f90261f21dbe80d1a25999c7c43fcbc0a8a2eb7216f1a1269fe016856d2b857b,
660e6315-4491-4e38-838a-b3068dd8e2e4,bs-creatormotion-chapter-browser-reveal,CreatorMotion · Browser Chapter Reveal,,Skillry,https://skillry.dev/skills/bs-creatormotion-chapter-browser-reveal,https://skillry.dev/skills/bs-creatormotion-chapter-browser-reveal,skillry_skill,skill,video,video,"[""explainer"", ""product_promo"", ""typography"", ""charts_maps""]",locked_excerpt,public_http,premium,499,False,,2026-09-30T00:38:51.498832+00:00,af0da9df3bd2225c4bc7c2a3ffb2332a5513dbd66cdffae649c39b360fc44ebf,
8c21802c-7ec8-49a5-b16e-b3312050d967,bs-creatormotion-collage-scatter-presenter,CreatorMotion · Scattered Images to Presenter Wall,,Skillry,https://skillry.dev/skills/bs-creatormotion-collage-scatter-presenter,https://skillry.dev/skills/bs-creatormotion-collage-scatter-presenter,skillry_skill,skill,video,video,"[""explainer"", ""product_promo"", ""typography"", ""background_removal"", ""charts_maps""]",locked_excerpt,public_http,premium,499,False,,2026-09-30T00:38:52.484655+00:00,35e0e35a3f92bc1dacee23aaccd914c2a5ae9ee038fdc4d6be71a6001e42a9aa,
20f58854-f355-4146-adec-ce02a0b73afa,bs-creatormotion-comparison-feature-matrix,CreatorMotion · Feature Matrix Reveal,,Skillry,https://skillry.dev/skills/bs-creatormotion-comparison-feature-matrix,https://skillry.dev/skills/bs-creatormotion-comparison-feature-matrix,skillry_skill,skill,video,video,"[""explainer"", ""product_promo"", ""typography"", ""charts_maps""]",locked_excerpt,public_http,premium,499,False,,2026-09-30T00:38:53.201828+00:00,d2983550fd437a31bb82b1653e3708412e1049617ee88c3eff40993bc57e6bc7,
c8fd21d6-dbfb-48ac-9695-59daf5be2741,bs-creatormotion-comparison-one-many,CreatorMotion · One Versus Many,,Skillry,https://skillry.dev/skills/bs-creatormotion-comparison-one-many,https://skillry.dev/skills/bs-creatormotion-comparison-one-many,skillry_skill,skill,video,video,"[""explainer"", ""product_promo"", ""typography"", ""charts_maps""]",locked_excerpt,public_http,premium,499,False,,2026-09-30T00:38:53.823731+00:00,e56e2e69c9c9bd2b4147f24f2af841936fed8b8299928d7c690c73e9deb67f44,
0e55d0f4-e46a-4af4-986e-a6e90aa6cefe,bs-creatormotion-comparison-paired-swap,CreatorMotion · Paired Result Swap,,Skillry,https://skillry.dev/skills/bs-creatormotion-comparison-paired-swap,https://skillry.dev/skills/bs-creatormotion-comparison-paired-swap,skillry_skill,skill,video,video,"[""explainer"", ""product_promo"", ""typography"", ""charts_maps""]",locked_excerpt,public_http,premium,499,False,,2026-09-30T00:38:53.489764+00:00,379ad2278d4cab4b3360cdbc10784c6e045b12b9e3e96e91441134cff4be3c02,
1ab6a914-6e0a-499b-a932-9b717d208107,bs-creatormotion-comparison-row-focus-cards,CreatorMotion · Row Focus Cards,,Skillry,https://skillry.dev/skills/bs-creatormotion-comparison-row-focus-cards,https://skillry.dev/skills/bs-creatormotion-comparison-row-focus-cards,skillry_skill,skill,video,video,"[""explainer"", ""product_promo"", ""typography"", ""charts_maps""]",locked_excerpt,public_http,premium,499,False,,2026-09-30T00:38:54.054205+00:00,6e409603d4ecd4d2f687892956a37723cdc603083f74546666bef0b9c1cf4f9d,
d9f69f57-2110-4670-afaa-f2857b05a029,bs-creatormotion-diagram-convergence-evidence,CreatorMotion · Convergence to Evidence,,Skillry,https://skillry.dev/skills/bs-creatormotion-diagram-convergence-evidence,https://skillry.dev/skills/bs-creatormotion-diagram-convergence-evidence,skillry_skill,skill,video,video,"[""explainer"", ""product_promo"", ""typography"", ""charts_maps""]",locked_excerpt,public_http,premium,499,False,,2026-09-30T00:38:54.101210+00:00,bf9bed298a8cef9252613a4489ad6691289f46dcf7023c8e875d0f7b74133b10,
1232433c-11f4-4308-828b-a6e1ff6959d0,bs-creatormotion-diagram-funnel-absorption,CreatorMotion · Funnel Absorption,,Skillry,https://skillry.dev/skills/bs-creatormotion-diagram-funnel-absorption,https://skillry.dev/skills/bs-creatormotion-diagram-funnel-absorption,skillry_skill,skill,video,video,"[""explainer"", ""product_promo"", ""typography"", ""charts_maps""]",locked_excerpt,public_http,premium,499,False,,2026-09-30T00:38:54.507402+00:00,f78dc0ff1ce3f9a0ab5daa17441987507ab3d218a1dbcae6d928a841fff617cb,
e1d50ef9-33a3-40d5-9d7e-f00d7df02807,bs-creatormotion-diagram-hub-routing,CreatorMotion · Hub Routing,,Skillry,https://skillry.dev/skills/bs-creatormotion-diagram-hub-routing,https://skillry.dev/skills/bs-creatormotion-diagram-hub-routing,skillry_skill,skill,video,video,"[""explainer"", ""product_promo"", ""typography"", ""charts_maps""]",locked_excerpt,public_http,premium,499,False,,2026-09-30T00:38:55.015955+00:00,2c0f49390ce13d1ac928baca845065daa77134488b0a99ab3c5ebae3e1bae8cc,
a74f702d-8927-4428-bfdc-c8a6c6db4999,bs-creatormotion-diagram-pipeline-fanout,CreatorMotion · Pipeline to Output Fan,,Skillry,https://skillry.dev/skills/bs-creatormotion-diagram-pipeline-fanout,https://skillry.dev/skills/bs-creatormotion-diagram-pipeline-fanout,skillry_skill,skill,video,video,"[""explainer"", ""product_promo"", ""typography"", ""charts_maps""]",locked_excerpt,public_http,premium,499,False,,2026-09-30T00:38:55.107892+00:00,195c9db75b507b524ac5bb510a38746396874569c4b542476ded076e695719b9,
e052e6d7-e631-443c-9427-0a7011b682fb,bs-creatormotion-pip-calendar-reschedule,CreatorMotion · Calendar Reschedule,,Skillry,https://skillry.dev/skills/bs-creatormotion-pip-calendar-reschedule,https://skillry.dev/skills/bs-creatormotion-pip-calendar-reschedule,skillry_skill,skill,video,video,"[""explainer"", ""product_promo"", ""typography"", ""charts_maps""]",locked_excerpt,public_http,premium,499,False,,2026-09-30T00:38:55.540788+00:00,ff98929d86f080373e4b7893c4297be9d0f129b4f39451d8637991a422309b26,
b89651a1-a252-4605-9f24-0c3299ec0922,bs-creatormotion-pip-notification-log,CreatorMotion · Notification to Log,,Skillry,https://skillry.dev/skills/bs-creatormotion-pip-notification-log,https://skillry.dev/skills/bs-creatormotion-pip-notification-log,skillry_skill,skill,video,video,"[""explainer"", ""product_promo"", ""typography"", ""charts_maps""]",locked_excerpt,public_http,premium,499,False,,2026-09-30T00:38:55.718733+00:00,3c6c5817181b1e63522cb43c5b8ebe5f9f605308843b041e964841ba2f8cfd61,
518a0918-e8c8-4f12-b583-127ad25f80aa,bs-creatormotion-split-phone-callouts,CreatorMotion · Phone Feature Callouts,,Skillry,https://skillry.dev/skills/bs-creatormotion-split-phone-callouts,https://skillry.dev/skills/bs-creatormotion-split-phone-callouts,skillry_skill,skill,video,video,"[""explainer"", ""product_promo"", ""typography"", ""charts_maps""]",locked_excerpt,public_http,premium,499,False,,2026-09-30T00:38:56.082291+00:00,059251cbc89e2e836e1fa90ba953a033e5acc19cbef27e804f88ff0239c17f44,
2c6c8256-86cf-418b-92ba-69f8f4eecb73,bs-creatormotion-split-phone-scale,CreatorMotion · Phone Completion Scale,,Skillry,https://skillry.dev/skills/bs-creatormotion-split-phone-scale,https://skillry.dev/skills/bs-creatormotion-split-phone-scale,skillry_skill,skill,video,video,"[""explainer"", ""product_promo"", ""typography"", ""charts_maps""]",locked_excerpt,public_http,premium,499,False,,2026-09-30T00:38:56.161538+00:00,6b1de4a9c1c023d7af424716b248677053e25bcd895088f2d3af7f9c250faf98,
66413331-9dba-4d64-b8fe-cf4b2834b16e,bs-creatormotion-spotlight-mobile-step,CreatorMotion · Mobile Step Pointer,,Skillry,https://skillry.dev/skills/bs-creatormotion-spotlight-mobile-step,https://skillry.dev/skills/bs-creatormotion-spotlight-mobile-step,skillry_skill,skill,video,video,"[""explainer"", ""product_promo"", ""typography"", ""charts_maps""]",locked_excerpt,public_http,premium,499,False,,2026-09-30T00:38:59.412108+00:00,95ede5556b604b4a6f681b8f64c910a97548f757812161180b96c14c9f18bada,
80394da1-0ae7-4b80-b9d6-140d6442d969,bs-creatormotion-spotlight-shortcut-target,CreatorMotion · Shortcut Target,,Skillry,https://skillry.dev/skills/bs-creatormotion-spotlight-shortcut-target,https://skillry.dev/skills/bs-creatormotion-spotlight-shortcut-target,skillry_skill,skill,video,video,"[""explainer"", ""product_promo"", ""typography"", ""charts_maps""]",locked_excerpt,public_http,premium,499,False,,2026-09-30T00:38:57.224313+00:00,bd55f2cf1c86243ebc819922b9daa2fc00f2d6caaf9fc53664f1356d00576ff2,
f63deb00-c299-4666-b842-11ea1f6c2cee,bs-creatormotion-spotlight-voice-transcript,CreatorMotion · Voice Transcript Handoff,,Skillry,https://skillry.dev/skills/bs-creatormotion-spotlight-voice-transcript,https://skillry.dev/skills/bs-creatormotion-spotlight-voice-transcript,skillry_skill,skill,video,video,"[""explainer"", ""product_promo"", ""typography"", ""charts_maps""]",locked_excerpt,public_http,premium,499,False,,2026-09-30T00:38:57.567755+00:00,3c4045f61f176e271c2e3aafb51c8bbf8b65759b5caf0c7e6b9842fd48b3300f,
6364ac4b-ef8a-49a0-95db-16c47d87e6a1,bs-creatormotion-transition-tile-dissolve,CreatorMotion · Tile Scene Dissolve,,Skillry,https://skillry.dev/skills/bs-creatormotion-transition-tile-dissolve,https://skillry.dev/skills/bs-creatormotion-transition-tile-dissolve,skillry_skill,skill,video,video,"[""explainer"", ""product_promo"", ""typography"", ""charts_maps""]",locked_excerpt,public_http,premium,499,False,,2026-09-30T00:38:57.704478+00:00,732c957e26e939c1db930866a8d505706ae04dbda2c0e6ba818a8f562defde1d,
46efded6-c25f-477b-9529-8457ac2baff8,bs-creatormotion-type-behind-subject,CreatorMotion · Title Behind Subject,,Skillry,https://skillry.dev/skills/bs-creatormotion-type-behind-subject,https://skillry.dev/skills/bs-creatormotion-type-behind-subject,skillry_skill,skill,video,video,"[""explainer"", ""product_promo"", ""typography"", ""background_removal"", ""charts_maps""]",locked_excerpt,public_http,premium,499,False,,2026-09-30T00:38:58.696177+00:00,c5e434a12f6db892d95933e2d8ad91b5673be62a35f761e1bd92c34f1876952a,
f8eb2936-f44a-4282-a802-86054220fe32,bs-creatormotion-type-definition-reframe,CreatorMotion · Definition Reframe,,Skillry,https://skillry.dev/skills/bs-creatormotion-type-definition-reframe,https://skillry.dev/skills/bs-creatormotion-type-definition-reframe,skillry_skill,skill,video,video,"[""explainer"", ""product_promo"", ""typography"", ""charts_maps""]",locked_excerpt,public_http,premium,499,False,,2026-09-30T00:38:58.969368+00:00,4342c4708d677da87b4178854e094012661850dfff500fc41b34ba12090f7d6c,
869ca41f-e87d-4b7d-9e70-e4cc9cd70d48,bs-creatormotion-type-keyword-caption,CreatorMotion · Keyword Caption Build,,Skillry,https://skillry.dev/skills/bs-creatormotion-type-keyword-caption,https://skillry.dev/skills/bs-creatormotion-type-keyword-caption,skillry_skill,skill,video,video,"[""explainer"", ""product_promo"", ""typography"", ""charts_maps""]",locked_excerpt,public_http,premium,499,False,,2026-09-30T00:38:58.989817+00:00,093b0291bc567d70fc4fe3e17f444f9fe7f34ff35f37526f8776c3ac383e5352,
a262f8ae-2258-4446-a34e-3900bec4b613,bs-creatormotion-type-term-pressure,CreatorMotion · Surrounding Term Pressure,,Skillry,https://skillry.dev/skills/bs-creatormotion-type-term-pressure,https://skillry.dev/skills/bs-creatormotion-type-term-pressure,skillry_skill,skill,video,video,"[""explainer"", ""product_promo"", ""typography"", ""charts_maps""]",locked_excerpt,public_http,premium,499,False,,2026-09-30T00:38:59.704823+00:00,3d19adcea325c280a7c08164779a8f78a97e13727c88ffa794a21e45c53d5c5b,
7fb54121-3727-4054-b1cd-86ddb0821089,bs-image-narrative-deck,Image Narrative Deck,,Skillry,https://skillry.dev/skills/bs-image-narrative-deck,https://skillry.dev/skills/bs-image-narrative-deck,skillry_skill,skill,presentation,presentation,"[""explainer"", ""product_promo"", ""typography"", ""charts_maps""]",full_public_instruction,public_http,free,0,False,,2026-09-30T00:39:00.361150+00:00,b3354237b69e95690eb77f0a74817a51425720a2543c65692eb2292899a268da,
dfed37c6-295e-4904-bee3-3e07ed9aa7d4,bs-data-visualization-activity-calendar,Activity Calendar Chart,,Skillry,https://skillry.dev/skills/bs-data-visualization-activity-calendar,https://skillry.dev/skills/bs-data-visualization-activity-calendar,skillry_skill,skill,html,html,"[""product_promo"", ""charts_maps""]",full_public_instruction,public_http,free,0,False,,2026-09-30T00:39:00.494025+00:00,5345135b387fb71d8d80f927fc11e1d554e9fba73f699365697a30e5eb4dde09,
b75b8caa-5664-4979-8bed-a6fa993b41c2,bs-notion-style-og,Notion Style OG Image,,Skillry,https://skillry.dev/skills/bs-notion-style-og,https://skillry.dev/skills/bs-notion-style-og,skillry_skill,skill,image,image,"[""product_promo"", ""typography"", ""characters"", ""charts_maps""]",full_public_instruction,public_http,free,0,False,,2026-09-30T00:39:00.679576+00:00,ebcfc1b177b0276d2557d01407484077866eae41e7d30032d6554a6adb32fa5e,
1a126a2f-7e6c-476b-9a0d-a771a02745e7,bs-cadence-marketing-landing,Cadence Marketing Landing,,Skillry,https://skillry.dev/skills/bs-cadence-marketing-landing,https://skillry.dev/skills/bs-cadence-marketing-landing,skillry_skill,skill,html,html,"[""product_promo"", ""typography"", ""charts_maps""]",full_public_instruction,public_http,free,0,False,,2026-09-30T00:39:01.838671+00:00,7c1ec5474dc922d5b5a91ce2cfc12718f852aae3b500e2ddaa7bde81ad8e7b25,
1c887010-5c9e-4380-adb1-e3a8db62614c,bs-monochrome-studio-portrait,Monochrome Studio Portrait,,Skillry,https://skillry.dev/skills/bs-monochrome-studio-portrait,https://skillry.dev/skills/bs-monochrome-studio-portrait,skillry_skill,skill,image,image,"[""product_promo""]",full_public_instruction,public_http,free,0,False,,2026-09-30T00:39:01.865487+00:00,be9ac07b44c6f4dda3e8fcbbd6c307ed52b00df6558cfc514780b1ff33f7527e,
d2905342-5a26-4061-813b-4aa0d9bc96c3,bs-consulting-storyline-deck,Consulting Storyline Deck,,Skillry,https://skillry.dev/skills/bs-consulting-storyline-deck,https://skillry.dev/skills/bs-consulting-storyline-deck,skillry_skill,skill,presentation,presentation,"[""product_promo"", ""typography"", ""characters"", ""charts_maps""]",full_public_instruction,public_http,free,0,False,,2026-09-30T00:39:02.047926+00:00,8d2613d04fabbb7e322b7e5ec393c2054aebfd9ad23819400b296ef2bc3a4d0e,
0e0f2d33-3dea-4f76-ba65-ec1df33e18ce,bs-creatormotion-cards-chapter-stack,CreatorMotion · Chapter to Stacked Detail,,Skillry,https://skillry.dev/skills/bs-creatormotion-cards-chapter-stack,https://skillry.dev/skills/bs-creatormotion-cards-chapter-stack,skillry_skill,skill,video,video,"[""explainer"", ""product_promo"", ""typography"", ""charts_maps""]",locked_excerpt,public_http,premium,499,False,,2026-09-30T00:39:01.618403+00:00,c71289d289d980f307fc7427db71e9ff76b02e2811236757f67f48761e67b3be,
ef7288ef-c557-412d-8e87-2ac2507e5fac,bs-creatormotion-cards-chat-stack,CreatorMotion · Chat Message Stack,,Skillry,https://skillry.dev/skills/bs-creatormotion-cards-chat-stack,https://skillry.dev/skills/bs-creatormotion-cards-chat-stack,skillry_skill,skill,video,video,"[""explainer"", ""product_promo"", ""typography"", ""charts_maps""]",locked_excerpt,public_http,premium,499,False,,2026-09-30T00:39:02.747663+00:00,198c1f2aaf9b176204b23094cff6fb12c87065f6ee8c732248b494da033dd62b,
a3372ba4-0607-4bb5-bafd-c47673618d2d,bs-creatormotion-cards-context-conflict,CreatorMotion · Shared Context Conflict,,Skillry,https://skillry.dev/skills/bs-creatormotion-cards-context-conflict,https://skillry.dev/skills/bs-creatormotion-cards-context-conflict,skillry_skill,skill,video,video,"[""explainer"", ""product_promo"", ""typography"", ""charts_maps""]",locked_excerpt,public_http,premium,499,False,,2026-09-30T00:39:02.978134+00:00,c9bc0400dd7422eca4036448b9d004b3aa6a47ddb04e0626da47ba2b85c4a645,
a8954c32-ad21-483a-b187-e7cfdac05a26,bs-creatormotion-cards-corner-tags,CreatorMotion · Center and Corner Tags,,Skillry,https://skillry.dev/skills/bs-creatormotion-cards-corner-tags,https://skillry.dev/skills/bs-creatormotion-cards-corner-tags,skillry_skill,skill,video,video,"[""explainer"", ""product_promo"", ""typography"", ""charts_maps""]",locked_excerpt,public_http,premium,499,False,,2026-09-30T00:39:03.098805+00:00,c291521cb5a4ffedfe362b53a6ffa83d14fe845c6689fdc8e554534a78be028d,
036e24b4-541e-4f90-85b2-32fbaba8993d,bs-creatormotion-cards-folder-grid,CreatorMotion · Folder Grid Filing,,Skillry,https://skillry.dev/skills/bs-creatormotion-cards-folder-grid,https://skillry.dev/skills/bs-creatormotion-cards-folder-grid,skillry_skill,skill,video,video,"[""explainer"", ""product_promo"", ""typography"", ""charts_maps""]",locked_excerpt,public_http,premium,499,False,,2026-09-30T00:39:03.233157+00:00,58c0033ef38c6ae96dda871cc1ed546ee30430a48142797411adea8e8795aa78,
0e652934-b125-47c8-b8e7-c99dd2c6331b,bs-creatormotion-cards-foreground-row,CreatorMotion · Presenter Foreground Card Row,,Skillry,https://skillry.dev/skills/bs-creatormotion-cards-foreground-row,https://skillry.dev/skills/bs-creatormotion-cards-foreground-row,skillry_skill,skill,video,video,"[""explainer"", ""product_promo"", ""typography"", ""charts_maps""]",locked_excerpt,public_http,premium,499,False,,2026-09-30T00:39:03.886475+00:00,7c48975019f785406199e861abf444a64f3001b5d1b70f002040f54f5fdd8b0d,
d00fc6ec-84e6-43ea-9fa9-743907b43233,bs-creatormotion-cards-grid-priority,CreatorMotion · Grid with Priority Reveal,,Skillry,https://skillry.dev/skills/bs-creatormotion-cards-grid-priority,https://skillry.dev/skills/bs-creatormotion-cards-grid-priority,skillry_skill,skill,video,video,"[""explainer"", ""product_promo"", ""typography"", ""charts_maps""]",locked_excerpt,public_http,premium,499,False,,2026-09-30T00:39:04.647119+00:00,d775d981ca5b53379a9075725de72c4d2d87df95b1bf7748da5ca206a8f512d6,
9b386888-55e8-4d4f-9be3-d7d39f07dd7e,bs-creatormotion-cards-keyword-resolve,CreatorMotion · Keyword Cloud to Conclusion,,Skillry,https://skillry.dev/skills/bs-creatormotion-cards-keyword-resolve,https://skillry.dev/skills/bs-creatormotion-cards-keyword-resolve,skillry_skill,skill,video,video,"[""explainer"", ""product_promo"", ""typography"", ""charts_maps""]",locked_excerpt,public_http,premium,499,False,,2026-09-30T00:39:04.229159+00:00,d52ec29311bebfba5df07b79320c2ee7ccae73fa59ca356809b6eba4e3415fef,
efaf346d-49cd-4ec6-a193-917d1d528929,bs-creatormotion-cards-list-audience,CreatorMotion · Question List to Audience,,Skillry,https://skillry.dev/skills/bs-creatormotion-cards-list-audience,https://skillry.dev/skills/bs-creatormotion-cards-list-audience,skillry_skill,skill,video,video,"[""explainer"", ""product_promo"", ""typography"", ""charts_maps""]",locked_excerpt,public_http,premium,499,False,,2026-09-30T00:39:05.163422+00:00,5093ae824569ab48507d70048be258fe92e234edf632b57ec85e478baaacdd43,
3c2b6d30-ca54-48de-80c3-2e56896ae30b,bs-creatormotion-cards-ratio-bridge,CreatorMotion · Ratio Between Two Sides,,Skillry,https://skillry.dev/skills/bs-creatormotion-cards-ratio-bridge,https://skillry.dev/skills/bs-creatormotion-cards-ratio-bridge,skillry_skill,skill,video,video,"[""explainer"", ""product_promo"", ""typography"", ""charts_maps""]",locked_excerpt,public_http,premium,499,False,,2026-09-30T00:39:05.760866+00:00,dfe924e541aae332d8a541a8bc7acf076cb90ff31a946d1154cd63b948e35202,
4b23c0fa-8bbe-4418-8df8-2acb52d442c2,bs-creatormotion-cards-roadmap-focus,CreatorMotion · Roadmap Focus Push,,Skillry,https://skillry.dev/skills/bs-creatormotion-cards-roadmap-focus,https://skillry.dev/skills/bs-creatormotion-cards-roadmap-focus,skillry_skill,skill,video,video,"[""explainer"", ""product_promo"", ""typography"", ""charts_maps""]",locked_excerpt,public_http,premium,499,False,,2026-09-30T00:39:05.353353+00:00,5d4dd45cd61e364e7ef0c673f1d2f943b4c95b3b58bd42b2b0677f2bcae428af,
37c39d5c-d90d-4318-9e65-b1e1726bd746,bs-creatormotion-cards-steps-title,CreatorMotion · Step Cards to Chapter,,Skillry,https://skillry.dev/skills/bs-creatormotion-cards-steps-title,https://skillry.dev/skills/bs-creatormotion-cards-steps-title,skillry_skill,skill,video,video,"[""explainer"", ""product_promo"", ""typography"", ""charts_maps""]",locked_excerpt,public_http,premium,499,False,,2026-09-30T00:39:06.314266+00:00,3b0ff065b224acf8c80b6eada50568131f74114f46b824a423999f11ac2d43e2,
46ff7c04-09b6-4b25-bba5-064b23e34e3c,bs-creatormotion-chapter-border-orbit,CreatorMotion · Chapter Border Orbit,,Skillry,https://skillry.dev/skills/bs-creatormotion-chapter-border-orbit,https://skillry.dev/skills/bs-creatormotion-chapter-border-orbit,skillry_skill,skill,video,video,"[""explainer"", ""product_promo"", ""typography"", ""charts_maps""]",locked_excerpt,public_http,premium,499,False,,2026-09-30T00:39:08.471964+00:00,d85bc92bcd8fa884136b6befb9d951f4782c7dd20b750809ebfd142730fb3556,
a963cd93-08dc-4213-aad9-92a85075cb34,bs-creatormotion-chapter-character-reveal,CreatorMotion · Chapter Character Reveal,,Skillry,https://skillry.dev/skills/bs-creatormotion-chapter-character-reveal,https://skillry.dev/skills/bs-creatormotion-chapter-character-reveal,skillry_skill,skill,video,video,"[""explainer"", ""product_promo"", ""typography"", ""characters"", ""charts_maps""]",locked_excerpt,public_http,premium,499,False,,2026-09-30T00:39:06.443673+00:00,fd37049fbf0f4e1067e392a8aa9ad48b8b5c26d951377b62b53cc40caae38ea6,
a8d908eb-af6e-4127-bf29-e18515edb9af,bs-creatormotion-chapter-grid-flip,CreatorMotion · Chapter Grid Flip,,Skillry,https://skillry.dev/skills/bs-creatormotion-chapter-grid-flip,https://skillry.dev/skills/bs-creatormotion-chapter-grid-flip,skillry_skill,skill,video,video,"[""explainer"", ""product_promo"", ""typography"", ""charts_maps""]",locked_excerpt,public_http,premium,499,False,,2026-09-30T00:39:06.874171+00:00,0db34f6abf53b5179c13529707c23e6f8d5512a76d7f8f05a5505b31da482232,
72931a91-0e10-462a-b335-2fc38600217a,bs-creatormotion-chapter-grid-pan,CreatorMotion · Chapter Grid Pan,,Skillry,https://skillry.dev/skills/bs-creatormotion-chapter-grid-pan,https://skillry.dev/skills/bs-creatormotion-chapter-grid-pan,skillry_skill,skill,video,video,"[""explainer"", ""product_promo"", ""typography"", ""charts_maps""]",locked_excerpt,public_http,premium,499,False,,2026-09-30T00:39:07.468457+00:00,85837e00f4936ecaf6116fdba2405901b5fd8ccb9ca1f55f9222f249dff6f7fc,
0e2c83b0-dae5-4b30-92e5-ec74ed6c0468,bs-creatormotion-chapter-label-stack,CreatorMotion · Chapter Label Stack,,Skillry,https://skillry.dev/skills/bs-creatormotion-chapter-label-stack,https://skillry.dev/skills/bs-creatormotion-chapter-label-stack,skillry_skill,skill,video,video,"[""explainer"", ""product_promo"", ""typography"", ""charts_maps""]",locked_excerpt,public_http,premium,499,False,,2026-09-30T00:39:07.547399+00:00,1bf0e172b4c27bc97ef28cbbda51547fbb6daf21ea279d14fac00707a37f6f84,
c3aa6590-d31b-4f15-b821-3e88964e3390,bs-creatormotion-collage-document-stack,CreatorMotion · Tilted Document Stack Cycle,,Skillry,https://skillry.dev/skills/bs-creatormotion-collage-document-stack,https://skillry.dev/skills/bs-creatormotion-collage-document-stack,skillry_skill,skill,video,video,"[""explainer"", ""product_promo"", ""typography"", ""charts_maps""]",locked_excerpt,public_http,premium,499,False,,2026-09-30T00:39:07.961178+00:00,b05961314d3fe62124e8cb2299a6dcef759aedd3bd4307dc7955825fdd83d281,
c002edf9-88a6-49a7-9e3d-77b4e2fc6906,bs-creatormotion-collage-dossier-role,CreatorMotion · Dossier Beside a Role,,Skillry,https://skillry.dev/skills/bs-creatormotion-collage-dossier-role,https://skillry.dev/skills/bs-creatormotion-collage-dossier-role,skillry_skill,skill,video,video,"[""explainer"", ""product_promo"", ""typography"", ""charts_maps""]",locked_excerpt,public_http,premium,499,False,,2026-09-30T00:39:08.495826+00:00,a004ca64ade2a1c528f0586533618620effd7a21eb1414e14b058c3ec8e824d0,
0d425e2a-578c-46c8-b46a-37658a9e371f,bs-creatormotion-collage-evidence-summary,CreatorMotion · Evidence Wall Summary,,Skillry,https://skillry.dev/skills/bs-creatormotion-collage-evidence-summary,https://skillry.dev/skills/bs-creatormotion-collage-evidence-summary,skillry_skill,skill,video,video,"[""explainer"", ""product_promo"", ""typography"", ""charts_maps""]",locked_excerpt,public_http,premium,499,False,,2026-09-30T00:39:08.909883+00:00,4b23c91d5df981913ca162e42551a07af8411f3eb5ff9aa33ad1f63d10925c63,
16d84a81-d771-497f-82a9-7c618c94fead,bs-creatormotion-collage-parallax-proof,CreatorMotion · Parallax Evidence and Conclusion,,Skillry,https://skillry.dev/skills/bs-creatormotion-collage-parallax-proof,https://skillry.dev/skills/bs-creatormotion-collage-parallax-proof,skillry_skill,skill,video,video,"[""explainer"", ""product_promo"", ""typography"", ""charts_maps""]",locked_excerpt,public_http,premium,499,False,,2026-09-30T00:39:09.121002+00:00,4c818fa08a1517ab2a20cf2a5f198e70332a5c070a0bf7cad037ccbc519643a5,
0e07e7e3-91d4-4b5b-bc17-f81f620e1be8,bs-creatormotion-collage-portrait-notes,CreatorMotion · Portrait with Editorial Notes,,Skillry,https://skillry.dev/skills/bs-creatormotion-collage-portrait-notes,https://skillry.dev/skills/bs-creatormotion-collage-portrait-notes,skillry_skill,skill,video,video,"[""explainer"", ""product_promo"", ""typography"", ""charts_maps""]",locked_excerpt,public_http,premium,499,False,,2026-09-30T00:39:09.442046+00:00,872254e23f507b363a28f79c144a841a3ce0dee5738c803c3eb78552680dbefd,
fcec9ee9-3957-49a9-ac1e-fa249f479181,bs-creatormotion-collage-testimonial-wall,CreatorMotion · Overlapping Testimonial Hold,,Skillry,https://skillry.dev/skills/bs-creatormotion-collage-testimonial-wall,https://skillry.dev/skills/bs-creatormotion-collage-testimonial-wall,skillry_skill,skill,video,video,"[""explainer"", ""product_promo"", ""typography"", ""charts_maps""]",locked_excerpt,public_http,premium,499,False,,2026-09-30T00:39:10.058364+00:00,a5b398cce02bcda2af9c83d6bf4179684d37ce3bee9a197f69e46c3fdedb0336,
2e11c6ac-777c-4aac-a26c-7f0a766724ce,bs-creatormotion-comparison-accumulation-blocks,CreatorMotion · Accumulation Blocks,,Skillry,https://skillry.dev/skills/bs-creatormotion-comparison-accumulation-blocks,https://skillry.dev/skills/bs-creatormotion-comparison-accumulation-blocks,skillry_skill,skill,video,video,"[""explainer"", ""product_promo"", ""typography"", ""charts_maps""]",locked_excerpt,public_http,premium,499,False,,2026-09-30T00:39:09.992046+00:00,fe5d264b6c3c25ca8a8677b09f9f8364b15c75d4affc002c1e1444f538487d07,
1a64b147-6149-4524-b305-9ed3f766abab,bs-creatormotion-comparison-calculation-roi,CreatorMotion · Calculation to Return,,Skillry,https://skillry.dev/skills/bs-creatormotion-comparison-calculation-roi,https://skillry.dev/skills/bs-creatormotion-comparison-calculation-roi,skillry_skill,skill,video,video,"[""explainer"", ""product_promo"", ""typography"", ""charts_maps""]",locked_excerpt,public_http,premium,499,False,,2026-09-30T00:39:10.094516+00:00,0f76ce26e372ce6a2899009d292e0baae859d4cf4c14a02cb030aa34d0ebf612,
d306006b-8a89-4776-a9f1-cd8477654942,bs-creatormotion-comparison-capacity-reset,CreatorMotion · Capacity Reset,,Skillry,https://skillry.dev/skills/bs-creatormotion-comparison-capacity-reset,https://skillry.dev/skills/bs-creatormotion-comparison-capacity-reset,skillry_skill,skill,video,video,"[""explainer"", ""product_promo"", ""typography"", ""charts_maps""]",locked_excerpt,public_http,premium,499,False,,2026-09-30T00:39:10.478032+00:00,26d402ff7ff7390b04397b31e87cd6a98a21a34adc53e5f7c3cea04aa7dd48e3,
51cadb33-b812-41e0-a1ff-e52b17866810,bs-creatormotion-comparison-column-annotations,CreatorMotion · Column Annotations,,Skillry,https://skillry.dev/skills/bs-creatormotion-comparison-column-annotations,https://skillry.dev/skills/bs-creatormotion-comparison-column-annotations,skillry_skill,skill,video,video,"[""explainer"", ""product_promo"", ""typography"", ""charts_maps""]",locked_excerpt,public_http,premium,499,False,,2026-09-30T00:39:11.172190+00:00,64cc6cfb7b8091a75c6d64ef642513168af2b6f09caf2857b79533f41b7c0fc8,
a47d9432-a734-4695-8ead-2a658a7ef33b,bs-creatormotion-comparison-composition-strip,CreatorMotion · Composition Strip,,Skillry,https://skillry.dev/skills/bs-creatormotion-comparison-composition-strip,https://skillry.dev/skills/bs-creatormotion-comparison-composition-strip,skillry_skill,skill,video,video,"[""explainer"", ""product_promo"", ""typography"", ""charts_maps""]",locked_excerpt,public_http,premium,499,False,,2026-09-30T00:39:11.427594+00:00,cc9270c540784b9cda64f35b798cb05bd362c95c994c2bc890e0df8e9b55ed24,
3840f2a0-c4ae-445a-9f29-ac314002437c,bs-creatormotion-comparison-cost-total,CreatorMotion · Cost Ledger Total,,Skillry,https://skillry.dev/skills/bs-creatormotion-comparison-cost-total,https://skillry.dev/skills/bs-creatormotion-comparison-cost-total,skillry_skill,skill,video,video,"[""explainer"", ""product_promo"", ""typography"", ""charts_maps""]",locked_excerpt,public_http,premium,499,False,,2026-09-30T00:39:11.403549+00:00,1c2176a2dc9962ee128d60384556bb06db4bc624c9e6265891d28b0d212093ff,
609ba9b7-8472-4ca4-9bc9-993960ee60ec,bs-creatormotion-comparison-device-allocation,CreatorMotion · Device Role Link,,Skillry,https://skillry.dev/skills/bs-creatormotion-comparison-device-allocation,https://skillry.dev/skills/bs-creatormotion-comparison-device-allocation,skillry_skill,skill,video,video,"[""explainer"", ""product_promo"", ""typography"", ""charts_maps""]",locked_excerpt,public_http,premium,499,False,,2026-09-30T00:39:11.686016+00:00,cb1994be14c5f02bd8c4378113142e498a70f8d8697f25d95b77f4391d312bbc,
c07c03aa-d1e6-4db8-bbd7-75c8248ade90,bs-creatormotion-comparison-document-collapse,CreatorMotion · Document Collapse Contrast,,Skillry,https://skillry.dev/skills/bs-creatormotion-comparison-document-collapse,https://skillry.dev/skills/bs-creatormotion-comparison-document-collapse,skillry_skill,skill,video,video,"[""explainer"", ""product_promo"", ""typography"", ""charts_maps""]",locked_excerpt,public_http,premium,499,False,,2026-09-30T00:39:12.200324+00:00,3353cccede363c892797d010fb8425453712e0d85caf6d83f809429118b481e6,
32f8fbf6-74b9-474d-8bda-774bfcd13a6e,bs-creatormotion-comparison-dual-sliders,CreatorMotion · Dual Tendency Scales,,Skillry,https://skillry.dev/skills/bs-creatormotion-comparison-dual-sliders,https://skillry.dev/skills/bs-creatormotion-comparison-dual-sliders,skillry_skill,skill,video,video,"[""explainer"", ""product_promo"", ""typography"", ""charts_maps""]",locked_excerpt,public_http,premium,499,False,,2026-09-30T00:39:12.882162+00:00,6748417b6c2b9a72eecf434319db61a5edbb06846da263dfc1e1bda748fa9ae4,
34ee117a-c442-475f-ae6d-73a042f20557,bs-creatormotion-comparison-focus-bars,CreatorMotion · Focus Bars,,Skillry,https://skillry.dev/skills/bs-creatormotion-comparison-focus-bars,https://skillry.dev/skills/bs-creatormotion-comparison-focus-bars,skillry_skill,skill,video,video,"[""explainer"", ""product_promo"", ""typography"", ""charts_maps""]",locked_excerpt,public_http,premium,499,False,,2026-09-30T00:39:12.513229+00:00,cf9c56fdc0211b509347370941d61377352561d1f13cfd65f67262bc07c04ace,
b1be67f3-1ed0-460a-b02a-c0a921c98f54,bs-creatormotion-comparison-grouped-bars,CreatorMotion · Grouped Metric Bars,,Skillry,https://skillry.dev/skills/bs-creatormotion-comparison-grouped-bars,https://skillry.dev/skills/bs-creatormotion-comparison-grouped-bars,skillry_skill,skill,video,video,"[""explainer"", ""product_promo"", ""typography"", ""charts_maps""]",locked_excerpt,public_http,premium,499,False,,2026-09-30T00:39:13.149188+00:00,f170aeecd0a0d16b775fb2b961907c2ef562c7357ff9ffe514687bee33d5405c,
fcf22fab-50db-4f28-8dfd-22a736b19f8e,bs-creatormotion-comparison-icon-distribution,CreatorMotion · Icon Distribution Sweep,,Skillry,https://skillry.dev/skills/bs-creatormotion-comparison-icon-distribution,https://skillry.dev/skills/bs-creatormotion-comparison-icon-distribution,skillry_skill,skill,video,video,"[""explainer"", ""product_promo"", ""typography"", ""charts_maps""]",locked_excerpt,public_http,premium,499,False,,2026-09-30T00:39:13.262189+00:00,2a041ac706196257f644c4519f824dbff1e1270ff7d55b75c1881fd71848907a,
042f1e9d-4bed-4694-a76e-564b58bb912b,bs-creatormotion-comparison-latest-history,CreatorMotion · Latest Then History,,Skillry,https://skillry.dev/skills/bs-creatormotion-comparison-latest-history,https://skillry.dev/skills/bs-creatormotion-comparison-latest-history,skillry_skill,skill,video,video,"[""reels_shorts"", ""explainer"", ""product_promo"", ""typography"", ""charts_maps""]",locked_excerpt,public_http,premium,499,False,,2026-09-30T00:39:16.098382+00:00,54ff5bf5172d668529b5e4cd0240318f1d0cb20282495c697baebe0356813e47,
808a8f8c-7260-427e-affb-8b7e128754c0,bs-creatormotion-comparison-line-trend,CreatorMotion · Line and Trend Draw,,Skillry,https://skillry.dev/skills/bs-creatormotion-comparison-line-trend,https://skillry.dev/skills/bs-creatormotion-comparison-line-trend,skillry_skill,skill,video,video,"[""explainer"", ""product_promo"", ""typography"", ""charts_maps""]",locked_excerpt,public_http,premium,499,False,,2026-09-30T00:39:14.131946+00:00,6916f9fb8fd937d84ce6a302861413d9275997bd18084041c15c8d59cc3a7928,
c3e17059-b1cd-4f4e-b7cd-3a35e3955eec,bs-creatormotion-comparison-prompt-results,CreatorMotion · Prompted Result Inspection,,Skillry,https://skillry.dev/skills/bs-creatormotion-comparison-prompt-results,https://skillry.dev/skills/bs-creatormotion-comparison-prompt-results,skillry_skill,skill,video,video,"[""explainer"", ""product_promo"", ""typography"", ""charts_maps""]",locked_excerpt,public_http,premium,499,False,,2026-09-30T00:39:17.178042+00:00,c3bdf7ff842c3c8aaf671eb383a52a8be3de88c8c2042fde99ebff6a2f14e3ab,
fed90f8d-ca6c-425b-adcc-d6f74a65fbb3,bs-creatormotion-comparison-quadrant-focus,CreatorMotion · Quadrant Focus,,Skillry,https://skillry.dev/skills/bs-creatormotion-comparison-quadrant-focus,https://skillry.dev/skills/bs-creatormotion-comparison-quadrant-focus,skillry_skill,skill,video,video,"[""explainer"", ""product_promo"", ""typography"", ""charts_maps""]",locked_excerpt,public_http,premium,499,False,,2026-09-30T00:39:14.637180+00:00,42d9a4781dbad573045ed8eecfd29c2b4357ea61171ee2d09ec6147fdbb61324,
cdee3bea-0571-4ede-b44c-d4ec9aeb654f,bs-creatormotion-comparison-query-screens,CreatorMotion · One Query Multiple Screens,,Skillry,https://skillry.dev/skills/bs-creatormotion-comparison-query-screens,https://skillry.dev/skills/bs-creatormotion-comparison-query-screens,skillry_skill,skill,video,video,"[""explainer"", ""product_promo"", ""typography"", ""charts_maps""]",locked_excerpt,public_http,premium,499,False,,2026-09-30T00:39:15.257603+00:00,788d0a52ce7e6aa9c0d9b557613670de7dee35d0bc6a28481f11c9f2cd1a654f,
88d7ca3e-b050-4ee6-9714-9df4bc146372,bs-creatormotion-comparison-quote-sliders,CreatorMotion · Quote Sliders,,Skillry,https://skillry.dev/skills/bs-creatormotion-comparison-quote-sliders,https://skillry.dev/skills/bs-creatormotion-comparison-quote-sliders,skillry_skill,skill,video,video,"[""explainer"", ""product_promo"", ""typography"", ""charts_maps""]",locked_excerpt,public_http,premium,499,False,,2026-09-30T00:39:15.747599+00:00,bf0ed1b7d5f71751de7cc6e9bf04cc719cf166170012ace9ebcc352ce3d00b0c,
38e11258-009f-44f5-bc7e-90ebd849cc42,bs-creatormotion-comparison-radar-reveal,CreatorMotion · Radar Explanation Reveal,,Skillry,https://skillry.dev/skills/bs-creatormotion-comparison-radar-reveal,https://skillry.dev/skills/bs-creatormotion-comparison-radar-reveal,skillry_skill,skill,video,video,"[""explainer"", ""product_promo"", ""typography"", ""charts_maps""]",locked_excerpt,public_http,premium,499,False,,2026-09-30T00:39:17.315397+00:00,9994cfd08ff3f1ca87e159aee4d213c88f9017736e5404f4b2f9997aadb4449d,
c6ff9aec-8975-4972-a56c-89915ed392c5,bs-creatormotion-comparison-ratio-bars,CreatorMotion · Ratio Bars,,Skillry,https://skillry.dev/skills/bs-creatormotion-comparison-ratio-bars,https://skillry.dev/skills/bs-creatormotion-comparison-ratio-bars,skillry_skill,skill,video,video,"[""reels_shorts"", ""explainer"", ""product_promo"", ""typography"", ""charts_maps""]",locked_excerpt,public_http,premium,499,False,,2026-09-30T00:39:16.754438+00:00,692e73140f91993a21c7e097b4aeb442850f7e7a54a5cea3e077a5e736a54a15,
07f3818f-6f7b-41c5-8916-9b1b0ddceae6,bs-creatormotion-comparison-records-donut,CreatorMotion · Records and Donut,,Skillry,https://skillry.dev/skills/bs-creatormotion-comparison-records-donut,https://skillry.dev/skills/bs-creatormotion-comparison-records-donut,skillry_skill,skill,video,video,"[""explainer"", ""product_promo"", ""typography"", ""charts_maps""]",locked_excerpt,public_http,premium,499,False,,2026-09-30T00:39:17.580504+00:00,fd7195498238bb0649c63ad13190925a0177059c00178529088442196b4c7a38,
55ca848e-6f8d-4ed5-bd89-d6854221c4bf,bs-creatormotion-comparison-sequential-bars,CreatorMotion · Sequential Bars,,Skillry,https://skillry.dev/skills/bs-creatormotion-comparison-sequential-bars,https://skillry.dev/skills/bs-creatormotion-comparison-sequential-bars,skillry_skill,skill,video,video,"[""explainer"", ""product_promo"", ""typography"", ""charts_maps""]",locked_excerpt,public_http,premium,499,False,,2026-09-30T00:39:18.005794+00:00,6e19c05110cf42103f54efe617cd29696366ed324420a034e8d6d73a3fc738de,
22c7d70c-6e14-49a7-acfd-56dc9e20bb4b,bs-creatormotion-comparison-stage-loss,CreatorMotion · Stage Loss Lanes,,Skillry,https://skillry.dev/skills/bs-creatormotion-comparison-stage-loss,https://skillry.dev/skills/bs-creatormotion-comparison-stage-loss,skillry_skill,skill,video,video,"[""explainer"", ""product_promo"", ""typography"", ""charts_maps""]",locked_excerpt,public_http,premium,499,False,,2026-09-30T00:39:18.884578+00:00,c6a747ced36b54c04c99896878ce7decfe1f6860fb5e37d8e98231acf10a8f42,
70a4ce32-4f87-4ee9-9a08-0d530ab4c0eb,bs-creatormotion-comparison-target-overrun,CreatorMotion · Target Overrun,,Skillry,https://skillry.dev/skills/bs-creatormotion-comparison-target-overrun,https://skillry.dev/skills/bs-creatormotion-comparison-target-overrun,skillry_skill,skill,video,video,"[""explainer"", ""product_promo"", ""typography"", ""charts_maps""]",locked_excerpt,public_http,premium,499,False,,2026-09-30T00:39:20.544920+00:00,b7c3bf8fdde3dd2b3f273b1307fd2d5983c8734a4832b4f5954aef05fd0787ef,
de672228-e7db-4bc6-a9ed-d0e5c68858d8,bs-creatormotion-comparison-trend-card-tour,CreatorMotion · Trend Card Tour,,Skillry,https://skillry.dev/skills/bs-creatormotion-comparison-trend-card-tour,https://skillry.dev/skills/bs-creatormotion-comparison-trend-card-tour,skillry_skill,skill,video,video,"[""explainer"", ""product_promo"", ""typography"", ""charts_maps""]",locked_excerpt,public_http,premium,499,False,,2026-09-30T00:39:19.483302+00:00,479ca4ab17c422be827815b682fb566e0de1f58d832854a5d3712e89cc0dc899,
6886d360-c5a7-4723-a4f0-3eb282000eea,bs-creatormotion-comparison-wording-choice,CreatorMotion · Wording Choice,,Skillry,https://skillry.dev/skills/bs-creatormotion-comparison-wording-choice,https://skillry.dev/skills/bs-creatormotion-comparison-wording-choice,skillry_skill,skill,video,video,"[""explainer"", ""product_promo"", ""typography"", ""charts_maps""]",locked_excerpt,public_http,premium,499,False,,2026-09-30T00:39:19.122754+00:00,7bb2dc3e9fe0fedd3cb840b880d059a60c6a4a368fd7a9455eaa47b4e2b56d98,
547e5597-db48-4de5-9807-54e257b4a09c,bs-creatormotion-diagram-additive-equation,CreatorMotion · Parts to Whole Equation,,Skillry,https://skillry.dev/skills/bs-creatormotion-diagram-additive-equation,https://skillry.dev/skills/bs-creatormotion-diagram-additive-equation,skillry_skill,skill,video,video,"[""explainer"", ""product_promo"", ""typography"", ""charts_maps""]",locked_excerpt,public_http,premium,499,False,,2026-09-30T00:39:19.910986+00:00,19cdc14b1bcd35c0f55e2ff25b14df647ea2e0a92010c06c1b304cdb60356dcc,
b4937502-4327-4c33-9a14-7ea2f42a15ac,bs-creatormotion-diagram-anchored-callouts,CreatorMotion · Anchored Callout Reveal,,Skillry,https://skillry.dev/skills/bs-creatormotion-diagram-anchored-callouts,https://skillry.dev/skills/bs-creatormotion-diagram-anchored-callouts,skillry_skill,skill,video,video,"[""explainer"", ""product_promo"", ""typography"", ""charts_maps""]",locked_excerpt,public_http,premium,499,False,,2026-09-30T00:39:20.448865+00:00,cc2194bc48f8c56ca0015a4d980aa8a77d7289a3bd6a1cf6441f121260f3af57,
328847aa-13e3-4e1d-a25d-88edba051891,bs-creatormotion-diagram-branch-reveal,CreatorMotion · Branch by Branch,,Skillry,https://skillry.dev/skills/bs-creatormotion-diagram-branch-reveal,https://skillry.dev/skills/bs-creatormotion-diagram-branch-reveal,skillry_skill,skill,video,video,"[""explainer"", ""product_promo"", ""typography"", ""charts_maps""]",locked_excerpt,public_http,premium,499,False,,2026-09-30T00:39:20.493435+00:00,a14e985b851e43b635dc654ef8b0f1c1f73f2cc9b12c59a6ca5469d7c6b3445a,
30956488-9fd0-4825-9a63-d33128cfdedd,bs-creatormotion-diagram-capacity-callouts,CreatorMotion · Capacity with Anchored Callouts,,Skillry,https://skillry.dev/skills/bs-creatormotion-diagram-capacity-callouts,https://skillry.dev/skills/bs-creatormotion-diagram-capacity-callouts,skillry_skill,skill,video,video,"[""explainer"", ""product_promo"", ""typography"", ""charts_maps""]",locked_excerpt,public_http,premium,499,False,,2026-09-30T00:39:21.358539+00:00,05dd4b724764024f7c962a6b61539e676b8eda0ae28a5a4b3cdc960ae53bbc84,
c939cfe3-016e-4c6c-9f4b-ac272706d4aa,bs-creatormotion-diagram-cycle-build,CreatorMotion · Cycle Build and Close,,Skillry,https://skillry.dev/skills/bs-creatormotion-diagram-cycle-build,https://skillry.dev/skills/bs-creatormotion-diagram-cycle-build,skillry_skill,skill,video,video,"[""explainer"", ""product_promo"", ""typography"", ""charts_maps""]",locked_excerpt,public_http,premium,499,False,,2026-09-30T00:39:21.475325+00:00,f251f6b7a0d788d21397de96833dd729dfb471586305ffa02505df53038c3999,
7f2c76b5-cd0c-4c92-bb94-fd59a567ab6b,bs-creatormotion-diagram-cycle-traversal,CreatorMotion · Cycle State Traversal,,Skillry,https://skillry.dev/skills/bs-creatormotion-diagram-cycle-traversal,https://skillry.dev/skills/bs-creatormotion-diagram-cycle-traversal,skillry_skill,skill,video,video,"[""explainer"", ""product_promo"", ""typography"", ""charts_maps""]",locked_excerpt,public_http,premium,499,False,,2026-09-30T00:39:21.455164+00:00,1e300836962d5ca262f1b15f8e975c5f0654bf5ab2ed51c7a6adf69b906d3e25,
8e14eb44-c491-498a-bb78-28ee780945e1,bs-creatormotion-diagram-decompose-scan,CreatorMotion · Decompose and Scan,,Skillry,https://skillry.dev/skills/bs-creatormotion-diagram-decompose-scan,https://skillry.dev/skills/bs-creatormotion-diagram-decompose-scan,skillry_skill,skill,video,video,"[""explainer"", ""product_promo"", ""typography"", ""characters"", ""charts_maps""]",locked_excerpt,public_http,premium,499,False,,2026-09-30T00:39:21.597015+00:00,2dcf615436fd340be746e2fde731f45da8c40e9bae634b676f540a10003fbf1b,
a8b8bf02-57d6-4f21-b417-1ca4bbb907e4,bs-claude-style-illustration,Claude Style Illustration,,Skillry,https://skillry.dev/skills/bs-claude-style-illustration,https://skillry.dev/skills/bs-claude-style-illustration,skillry_skill,skill,image,image,"[""reels_shorts"", ""product_promo"", ""typography"", ""characters""]",full_public_instruction,public_http,free,0,False,,2026-09-30T00:39:23.035693+00:00,eb0990bb291ba33dbbecd4c55059f9a6033bcad4e744cd5105dd26a2ad806fda,
55e8cc73-5911-4f3f-88a9-be9ec0ac8051,bs-slate-admin-console,Slate Admin Console,,Skillry,https://skillry.dev/skills/bs-slate-admin-console,https://skillry.dev/skills/bs-slate-admin-console,skillry_skill,skill,html,html,"[""product_promo"", ""charts_maps""]",full_public_instruction,public_http,free,0,False,,2026-09-30T00:39:26.057685+00:00,5fece8fd136936a0425877b71ee435a132468b66ad5bde24e9080c0d5fc5a4d1,
c6a10cc2-d9e7-426b-b0be-b1ae17ec8cc3,bs-creatormotion-diagram-handoff-explain,CreatorMotion · Handoff and Explain,,Skillry,https://skillry.dev/skills/bs-creatormotion-diagram-handoff-explain,https://skillry.dev/skills/bs-creatormotion-diagram-handoff-explain,skillry_skill,skill,video,video,"[""explainer"", ""product_promo"", ""typography"", ""charts_maps""]",locked_excerpt,public_http,premium,499,False,,2026-09-30T00:39:24.614755+00:00,fdd282350d3c82a852910d4500b17ba5ac6786a89b5d069a6baea9a13192ce99,
ded2df42-c553-49b8-a78b-817b0fb3e96d,bs-creatormotion-diagram-input-convergence,CreatorMotion · Inputs Converge to One Result,,Skillry,https://skillry.dev/skills/bs-creatormotion-diagram-input-convergence,https://skillry.dev/skills/bs-creatormotion-diagram-input-convergence,skillry_skill,skill,video,video,"[""explainer"", ""product_promo"", ""typography"", ""charts_maps""]",locked_excerpt,public_http,premium,499,False,,2026-09-30T00:39:23.154571+00:00,37c3510071d230390ad8a8f7d91e4fabb485ae5391caaeb03ecf5a65551fee05,
ec6f107a-ddf3-4357-aadc-7b78a0be6d33,bs-creatormotion-diagram-list-bridge,CreatorMotion · List to Destination Bridge,,Skillry,https://skillry.dev/skills/bs-creatormotion-diagram-list-bridge,https://skillry.dev/skills/bs-creatormotion-diagram-list-bridge,skillry_skill,skill,video,video,"[""explainer"", ""product_promo"", ""typography"", ""charts_maps""]",locked_excerpt,public_http,premium,499,False,,2026-09-30T00:39:24.001489+00:00,c711324d88a881cf91d09d0736ac2d2b503ffd5f7d51a5e3e444f9925e1fb9a9,
a58abfa8-8fb6-420a-913d-7fec2bb99786,bs-creatormotion-diagram-milestone-detail,CreatorMotion · Milestone with Detail Branch,,Skillry,https://skillry.dev/skills/bs-creatormotion-diagram-milestone-detail,https://skillry.dev/skills/bs-creatormotion-diagram-milestone-detail,skillry_skill,skill,video,video,"[""explainer"", ""product_promo"", ""typography"", ""charts_maps""]",locked_excerpt,public_http,premium,499,False,,2026-09-30T00:39:24.269322+00:00,0ffe65730398590b3cad81f4b1705114dca56bbb9d3639628aa3e96f45d84c8f,
8d785d01-7847-4e59-b88e-a256e078c341,bs-creatormotion-diagram-nested-workspace,CreatorMotion · Nested Workspace Build,,Skillry,https://skillry.dev/skills/bs-creatormotion-diagram-nested-workspace,https://skillry.dev/skills/bs-creatormotion-diagram-nested-workspace,skillry_skill,skill,video,video,"[""explainer"", ""product_promo"", ""typography"", ""charts_maps""]",locked_excerpt,public_http,premium,499,False,,2026-09-30T00:39:25.011717+00:00,e2f092dbe2f61f5568ffbb189a9330bd11baedb7cbf87366c11e0b639344de08,
b6fcc32c-c32a-4768-b2ee-741791bf532a,bs-creatormotion-diagram-pipeline-package,CreatorMotion · Pipeline to Packaged Result,,Skillry,https://skillry.dev/skills/bs-creatormotion-diagram-pipeline-package,https://skillry.dev/skills/bs-creatormotion-diagram-pipeline-package,skillry_skill,skill,video,video,"[""explainer"", ""product_promo"", ""typography"", ""charts_maps""]",locked_excerpt,public_http,premium,499,False,,2026-09-30T00:39:25.361756+00:00,23a00f7c0ddeb8f34bebaf201dc0cdc160b9a207ce3af88c816d00f1d1284cc4,
93eb99e1-4336-4a6c-b98f-a247f238ea79,bs-creatormotion-diagram-quadrant-positioning,CreatorMotion · Quadrant Positioning,,Skillry,https://skillry.dev/skills/bs-creatormotion-diagram-quadrant-positioning,https://skillry.dev/skills/bs-creatormotion-diagram-quadrant-positioning,skillry_skill,skill,video,video,"[""explainer"", ""product_promo"", ""typography"", ""charts_maps""]",locked_excerpt,public_http,premium,499,False,,2026-09-30T00:39:26.248870+00:00,2f74ec36b7d781e0005f653e492a95843679be009352db6f33927bd5261973d0,
d42585f4-7835-498f-8ab2-f76f41045a35,bs-creatormotion-diagram-radial-branches,CreatorMotion · Radial Branch Reveal,,Skillry,https://skillry.dev/skills/bs-creatormotion-diagram-radial-branches,https://skillry.dev/skills/bs-creatormotion-diagram-radial-branches,skillry_skill,skill,video,video,"[""explainer"", ""product_promo"", ""typography"", ""charts_maps""]",locked_excerpt,public_http,premium,499,False,,2026-09-30T00:39:26.080334+00:00,672bfd1003b6fd0a369267f74a02248d3b8e9a422b88931a3345f85cd35f9868,
2c18b209-bf9d-457b-8ec6-7b300853cbb5,bs-creatormotion-diagram-scope-emphasis,CreatorMotion · Nested Scope Emphasis,,Skillry,https://skillry.dev/skills/bs-creatormotion-diagram-scope-emphasis,https://skillry.dev/skills/bs-creatormotion-diagram-scope-emphasis,skillry_skill,skill,video,video,"[""explainer"", ""product_promo"", ""typography"", ""charts_maps""]",locked_excerpt,public_http,premium,499,False,,2026-09-30T00:39:26.404532+00:00,750ca7d79ff7815686c300a2fa3f8b21304a996aee6047e901db571b1a86f9b1,
aafb282a-5841-4301-9498-eb2d7f34b8b2,bs-creatormotion-diagram-sequence-lanes,CreatorMotion · Message Sequence Lanes,,Skillry,https://skillry.dev/skills/bs-creatormotion-diagram-sequence-lanes,https://skillry.dev/skills/bs-creatormotion-diagram-sequence-lanes,skillry_skill,skill,video,video,"[""explainer"", ""product_promo"", ""typography"", ""charts_maps""]",locked_excerpt,public_http,premium,499,False,,2026-09-30T00:39:27.180773+00:00,d273f37ab33f336ea392e92aa62c0760c2fd3c3b52b4f4249871e31dbc8c68f7,
024eec51-33dd-4e79-8876-3c1ba45d14d4,bs-creatormotion-diagram-tier-pyramid,CreatorMotion · Tiered Pyramid Notes,,Skillry,https://skillry.dev/skills/bs-creatormotion-diagram-tier-pyramid,https://skillry.dev/skills/bs-creatormotion-diagram-tier-pyramid,skillry_skill,skill,video,video,"[""explainer"", ""product_promo"", ""typography"", ""charts_maps""]",locked_excerpt,public_http,premium,499,False,,2026-09-30T00:39:29.655586+00:00,60f1490bbaae69e3ce5734e51b2fd4beaa5e989a894b023b9e7560716fe6434c,
f67f5675-2255-4675-a548-9d0443fd216c,bs-creatormotion-diagram-timeline-nodes,CreatorMotion · Timeline Node Reveal,,Skillry,https://skillry.dev/skills/bs-creatormotion-diagram-timeline-nodes,https://skillry.dev/skills/bs-creatormotion-diagram-timeline-nodes,skillry_skill,skill,video,video,"[""explainer"", ""product_promo"", ""typography"", ""charts_maps""]",locked_excerpt,public_http,premium,499,False,,2026-09-30T00:39:29.965492+00:00,2df11d0d0d051a136eb4efa85079d7c712c1ceecb17858a32c6e409e41b03077,
88c86de0-d8c8-4c2a-b9a7-9ea9dfe8ef99,bs-creatormotion-pip-chat-response,CreatorMotion · Chat Response Presenter,,Skillry,https://skillry.dev/skills/bs-creatormotion-pip-chat-response,https://skillry.dev/skills/bs-creatormotion-pip-chat-response,skillry_skill,skill,video,video,"[""explainer"", ""product_promo"", ""typography"", ""charts_maps""]",locked_excerpt,public_http,premium,499,False,,2026-09-30T00:39:27.446232+00:00,2c0e7fe5637b87941e4ed917d1404a5bec2d109626ed02d295e9d35a30438cec,
2d2c76d8-c210-44e3-83e8-c63aabec07f6,bs-creatormotion-pip-slides-focus,CreatorMotion · Slide Focus Presenter,,Skillry,https://skillry.dev/skills/bs-creatormotion-pip-slides-focus,https://skillry.dev/skills/bs-creatormotion-pip-slides-focus,skillry_skill,skill,video,video,"[""explainer"", ""product_promo"", ""typography"", ""charts_maps""]",locked_excerpt,public_http,premium,499,False,,2026-09-30T00:39:28.233385+00:00,8fee6a959a075c3060fb582de9efca448948aef56e7f8249908a128078553467,
e4027958-9cd5-4ef9-8baa-ceeaa4fd24aa,bs-creatormotion-split-chart-pan,CreatorMotion · Chart Viewport Scan,,Skillry,https://skillry.dev/skills/bs-creatormotion-split-chart-pan,https://skillry.dev/skills/bs-creatormotion-split-chart-pan,skillry_skill,skill,video,video,"[""explainer"", ""product_promo"", ""typography"", ""charts_maps""]",locked_excerpt,public_http,premium,499,False,,2026-09-30T00:39:28.503758+00:00,acde671bc556b3f1ff9ce53c81131470202275cfba840603e4ddf6d5da26569d,
4ed3b677-5a9e-43ca-b86e-eefed07ddc4d,bs-creatormotion-split-chart-swap,CreatorMotion · Chart Presenter Swap,,Skillry,https://skillry.dev/skills/bs-creatormotion-split-chart-swap,https://skillry.dev/skills/bs-creatormotion-split-chart-swap,skillry_skill,skill,video,video,"[""explainer"", ""product_promo"", ""typography"", ""charts_maps""]",locked_excerpt,public_http,premium,499,False,,2026-09-30T00:39:29.993109+00:00,91510ad2a9ed7384f6ec9dddbdea369796417838ebf35b6a45b30d268a6d5faa,
6ae1526e-fc54-4c45-99a5-12cc430fe6dd,bs-creatormotion-split-progressive-list,CreatorMotion · Progressive Presenter List,,Skillry,https://skillry.dev/skills/bs-creatormotion-split-progressive-list,https://skillry.dev/skills/bs-creatormotion-split-progressive-list,skillry_skill,skill,video,video,"[""explainer"", ""product_promo"", ""typography"", ""charts_maps""]",locked_excerpt,public_http,premium,499,False,,2026-09-30T00:39:29.535795+00:00,a44460404442deeea2e947936ff10939e9900599350377efae7bfa73b512475e,
09b3a012-225e-4a82-b2af-74d779a37748,bs-creatormotion-split-quote-underline,CreatorMotion · Quote Underline Portrait,,Skillry,https://skillry.dev/skills/bs-creatormotion-split-quote-underline,https://skillry.dev/skills/bs-creatormotion-split-quote-underline,skillry_skill,skill,video,video,"[""explainer"", ""product_promo"", ""typography"", ""background_removal"", ""charts_maps""]",locked_excerpt,public_http,premium,499,False,,2026-09-30T00:39:30.918253+00:00,7f49a4d8fc2b1462addf51417711c808c66fb0c5627c5f6ff8d8222e78debcdd,
d5b31cfe-66f2-46ed-8af5-657696c5da5f,bs-creatormotion-split-response-spotlight,CreatorMotion · Response Line Spotlight,,Skillry,https://skillry.dev/skills/bs-creatormotion-split-response-spotlight,https://skillry.dev/skills/bs-creatormotion-split-response-spotlight,skillry_skill,skill,video,video,"[""explainer"", ""product_promo"", ""typography"", ""charts_maps""]",locked_excerpt,public_http,premium,499,False,,2026-09-30T00:39:31.129237+00:00,b1a3d1cd28642cdc7a2efd692ab2dbc4ed0eaa27bab8bb8f385ed720edb7aa10,
7dd0a5e0-1c15-4ffa-905c-8f92d9b4bf07,bs-creatormotion-spotlight-comment-emphasis,CreatorMotion · Comment Emphasis,,Skillry,https://skillry.dev/skills/bs-creatormotion-spotlight-comment-emphasis,https://skillry.dev/skills/bs-creatormotion-spotlight-comment-emphasis,skillry_skill,skill,video,video,"[""explainer"", ""product_promo"", ""typography"", ""charts_maps""]",locked_excerpt,public_http,premium,499,False,,2026-09-30T00:39:31.318573+00:00,cc3c6a08829aa534e6fbc7f8be31ad140bfc726cb56079ca7a817a85af8b6319,
8be4eec3-b57a-4ee9-b254-6aa8f9c5a4c8,bs-creatormotion-spotlight-issue-resolution,CreatorMotion · Issue to Resolution,,Skillry,https://skillry.dev/skills/bs-creatormotion-spotlight-issue-resolution,https://skillry.dev/skills/bs-creatormotion-spotlight-issue-resolution,skillry_skill,skill,video,video,"[""explainer"", ""product_promo"", ""typography"", ""charts_maps""]",locked_excerpt,public_http,premium,499,False,,2026-09-30T00:39:31.233504+00:00,4297baaaee8e160a300637c653a9715d86cbe8c98b8423d620520307fa2d7aa5,
d9bd2c03-e333-4333-bb10-dc705b9d65e1,bs-creatormotion-spotlight-metric-audit,CreatorMotion · Metric Audit Marks,,Skillry,https://skillry.dev/skills/bs-creatormotion-spotlight-metric-audit,https://skillry.dev/skills/bs-creatormotion-spotlight-metric-audit,skillry_skill,skill,video,video,"[""explainer"", ""product_promo"", ""typography"", ""charts_maps""]",locked_excerpt,public_http,premium,499,False,,2026-09-30T00:39:34.083758+00:00,feac0cc81c3dd5002d552a347bedc33d2d2ad13ab8deca3ee18ed6fc640a5989,
a300a646-acd0-4ce4-8acc-311184655814,bs-creatormotion-spotlight-metric-to-detail,CreatorMotion · Metric to Interface Detail,,Skillry,https://skillry.dev/skills/bs-creatormotion-spotlight-metric-to-detail,https://skillry.dev/skills/bs-creatormotion-spotlight-metric-to-detail,skillry_skill,skill,video,video,"[""explainer"", ""product_promo"", ""typography"", ""charts_maps""]",locked_excerpt,public_http,premium,499,False,,2026-09-30T00:39:32.184736+00:00,635e1cf4a6316cd5c03f263f4feec735e156ecbe27008dae907284fb91cb2f04,
0aa5adfd-769c-4871-a75b-3ef5708ee954,bs-creatormotion-spotlight-region-callout,CreatorMotion · Region Callout,,Skillry,https://skillry.dev/skills/bs-creatormotion-spotlight-region-callout,https://skillry.dev/skills/bs-creatormotion-spotlight-region-callout,skillry_skill,skill,video,video,"[""explainer"", ""product_promo"", ""typography"", ""charts_maps""]",locked_excerpt,public_http,premium,499,False,,2026-09-30T00:39:32.675259+00:00,a3bd0da5bf72e61446c752d72116a98bdd82c5a9c2c6650c48b82a16fc687210,
a6104876-d944-4723-8214-d9dbfb296b9a,bs-creatormotion-type-copy-correction,CreatorMotion · Copy Card Correction,,Skillry,https://skillry.dev/skills/bs-creatormotion-type-copy-correction,https://skillry.dev/skills/bs-creatormotion-type-copy-correction,skillry_skill,skill,video,video,"[""explainer"", ""product_promo"", ""typography"", ""charts_maps""]",locked_excerpt,public_http,premium,499,False,,2026-09-30T00:39:32.826552+00:00,6bf0f5a18e6e891bd0658ade7115b422c08407b7e03e932944c668dc5579d648,
8f12a73a-adb9-46d7-8dc2-b322e8c54ddf,bs-creatormotion-type-opposing-labels,CreatorMotion · Opposing Side Labels,,Skillry,https://skillry.dev/skills/bs-creatormotion-type-opposing-labels,https://skillry.dev/skills/bs-creatormotion-type-opposing-labels,skillry_skill,skill,video,video,"[""explainer"", ""product_promo"", ""typography"", ""charts_maps""]",locked_excerpt,public_http,premium,499,False,,2026-09-30T00:39:33.362441+00:00,297510a2c159615d4cdd3f0220e9155ad65a5dbad2ba821453b66bc4d28417dd,
a33e4703-f3b3-4a71-96b8-c4fad9c07c50,bs-creatormotion-type-question-bubble,CreatorMotion · Question Bubble Pause,,Skillry,https://skillry.dev/skills/bs-creatormotion-type-question-bubble,https://skillry.dev/skills/bs-creatormotion-type-question-bubble,skillry_skill,skill,video,video,"[""explainer"", ""product_promo"", ""typography"", ""characters"", ""charts_maps""]",locked_excerpt,public_http,premium,499,False,,2026-09-30T00:39:33.879354+00:00,7a138f62815042510bdd7cc5e9068210c8b352a5e21e9e1c09ff6c4232b94f3f,
6b3e0eff-5c0a-47ac-a121-14ccd9c7f6b0,bs-creatormotion-type-spec-reveal,CreatorMotion · Specification Status Reveal,,Skillry,https://skillry.dev/skills/bs-creatormotion-type-spec-reveal,https://skillry.dev/skills/bs-creatormotion-type-spec-reveal,skillry_skill,skill,video,video,"[""explainer"", ""product_promo"", ""typography"", ""charts_maps""]",locked_excerpt,public_http,premium,499,False,,2026-09-30T00:39:34.244638+00:00,5c623519062fe5178a1072723a20bb4bfb424b7ed116dca38372fb41b82b0c93,
bea92570-06bb-4bb9-b6c2-9e9801c247c2,bs-creatormotion-type-tag-stack,CreatorMotion · Wrapping Tag Stack,,Skillry,https://skillry.dev/skills/bs-creatormotion-type-tag-stack,https://skillry.dev/skills/bs-creatormotion-type-tag-stack,skillry_skill,skill,video,video,"[""explainer"", ""product_promo"", ""typography"", ""charts_maps""]",locked_excerpt,public_http,premium,499,False,,2026-09-30T00:39:34.376427+00:00,e07ebceb8c32948a1c34afc218608a8996adce37d896aca8f68e3fc5f3dda7b2,
f468d504-5e5f-4c4b-a399-e5276a73c474,bs-creatormotion-type-wall-checklist,CreatorMotion · Wall Checklist Reveal,,Skillry,https://skillry.dev/skills/bs-creatormotion-type-wall-checklist,https://skillry.dev/skills/bs-creatormotion-type-wall-checklist,skillry_skill,skill,video,video,"[""explainer"", ""product_promo"", ""typography"", ""background_removal"", ""charts_maps""]",locked_excerpt,public_http,premium,499,False,,2026-09-30T00:39:34.912712+00:00,b8cf1e226792de7c654e0d6ff0dc859a17fb253f9a5e9d5d0de1d8995a9a0543,
f4db78f9-5ab5-4882-92ae-5c815cfef0d2,bs-ochre-editorial-deck,Ochre Editorial Deck,,Skillry,https://skillry.dev/skills/bs-ochre-editorial-deck,https://skillry.dev/skills/bs-ochre-editorial-deck,skillry_skill,skill,presentation,presentation,"[""explainer"", ""typography"", ""characters""]",full_public_instruction,public_http,free,0,False,,2026-09-30T00:39:36.069452+00:00,be9bca50377e623eda7980e6b8fbcbcf25425c46d6d61e19b57ecdc63f098c24,
4ec14012-a5f7-4824-86e8-1c488851aea3,bs-research-talk-deck,Research Talk Deck,,Skillry,https://skillry.dev/skills/bs-research-talk-deck,https://skillry.dev/skills/bs-research-talk-deck,skillry_skill,skill,presentation,presentation,"[""explainer"", ""typography""]",full_public_instruction,public_http,free,0,False,,2026-09-30T00:39:35.547428+00:00,6016c844df5e2bda62b1a74656cbe75af5e6ff01a374da51d74afd975b5a935e,
c44a9633-aa35-4f45-ab38-60ad2af2f980,bs-chalkboard-infographic,Chalkboard Infographic,,Skillry,https://skillry.dev/skills/bs-chalkboard-infographic,https://skillry.dev/skills/bs-chalkboard-infographic,skillry_skill,skill,image,image,"[""explainer"", ""product_promo"", ""typography"", ""characters"", ""charts_maps""]",full_public_instruction,public_http,free,0,False,,2026-09-30T00:39:35.755923+00:00,8ab58b007a404f3ca8203a02718332c854c905309dcd3cda5557293e0568f108,
e1878f8c-c01d-49ba-bba4-8ee8f4d94c39,bs-beacon-saas-landing,Beacon SaaS Landing,,Skillry,https://skillry.dev/skills/bs-beacon-saas-landing,https://skillry.dev/skills/bs-beacon-saas-landing,skillry_skill,skill,html,html,"[""product_promo"", ""typography"", ""charts_maps""]",full_public_instruction,public_http,free,0,False,,2026-09-30T00:39:36.964248+00:00,42a244996382243d5ced9efe77c1753537f372128c8a1b125f28c0611eedba4b,
10398a6c-9037-4b4a-b986-de85447826a7,bs-cobalt-system-deck,Cobalt System Deck,,Skillry,https://skillry.dev/skills/bs-cobalt-system-deck,https://skillry.dev/skills/bs-cobalt-system-deck,skillry_skill,skill,presentation,presentation,"[""explainer"", ""product_promo"", ""typography"", ""characters"", ""background_removal""]",full_public_instruction,public_http,free,0,False,,2026-09-30T00:39:39.187170+00:00,882f45dd0e8e1740885b7598096546cfa9a573706699619a034842628812e60f,
3a93747f-71ab-4230-99a4-8522ee3e09c8,bs-linktree-style-og,Linktree Style OG Image,,Skillry,https://skillry.dev/skills/bs-linktree-style-og,https://skillry.dev/skills/bs-linktree-style-og,skillry_skill,skill,image,image,"[""product_promo"", ""typography"", ""characters"", ""charts_maps""]",full_public_instruction,public_http,free,0,False,,2026-09-30T00:39:37.334380+00:00,da936de1344d7d102fd4a78c3c9b326a7e1c28097c3b2602e85776c8f915eb30,
e74bfb34-f95c-4c2e-8a41-6c253101da05,bs-testimonial-masonry-wall,Masonry Testimonial Wall,,Skillry,https://skillry.dev/skills/bs-testimonial-masonry-wall,https://skillry.dev/skills/bs-testimonial-masonry-wall,skillry_skill,skill,html,html,"[""product_promo"", ""3d""]",full_public_instruction,public_http,free,0,False,,2026-09-30T00:39:39.605933+00:00,9b3b1f27d5f3c961c93e5ce2cba79e97ee7b9ae369d873c39f5f60eb92815b7d,
c8645c8b-c4e0-422f-8fc1-db90c273be87,bs-visual-canvas-deck,Visual Canvas Deck,,Skillry,https://skillry.dev/skills/bs-visual-canvas-deck,https://skillry.dev/skills/bs-visual-canvas-deck,skillry_skill,skill,presentation,presentation,"[""product_promo"", ""charts_maps""]",locked_excerpt,public_http,premium,499,False,,2026-09-30T00:39:38.060010+00:00,e2285c052b3e6187dd73d9a659ced6130bbbc779ad22bc91791f419f8e6cc9e1,
7fb44254-f135-4ff2-950b-87c4e993f0a6,bs-article-brief-deck,Article Brief Deck,,Skillry,https://skillry.dev/skills/bs-article-brief-deck,https://skillry.dev/skills/bs-article-brief-deck,skillry_skill,skill,presentation,presentation,"[""explainer"", ""characters""]",full_public_instruction,public_http,free,0,False,,2026-09-30T00:39:38.909125+00:00,f1c529a76ef87bd571cb8725d81bbc6238f9021089a67282346b0bb16f2994c2,
02aaf03f-ce99-45fe-946b-0310a7aece59,bs-brand-story-deck,Brand Story Deck,,Skillry,https://skillry.dev/skills/bs-brand-story-deck,https://skillry.dev/skills/bs-brand-story-deck,skillry_skill,skill,presentation,presentation,"[""product_promo"", ""typography""]",full_public_instruction,public_http,free,0,False,,2026-09-30T00:39:39.484445+00:00,5ad9406a556c05cc556ed1ea0157099488d70c2cffb769310b286f31646e2c52,
816c1c71-033f-4da2-aba2-20e61dd0efbc,bs-paper-cut-science-explainer,Paper-Cut Science Explainer,,Skillry,https://skillry.dev/skills/bs-paper-cut-science-explainer,https://skillry.dev/skills/bs-paper-cut-science-explainer,skillry_skill,skill,image,image,"[""explainer"", ""product_promo"", ""characters""]",locked_excerpt,public_http,premium,499,False,,2026-09-30T00:39:39.937470+00:00,b0032524fd0fc3138c12c7acd819191657eb728500e113eb3d6c35122a7e8a7d,
9f2383e0-0249-4118-afe5-accc99bdc6fa,bs-cobalt-serif-freelancer-site,Cobalt Serif Freelancer Site,,Skillry,https://skillry.dev/skills/bs-cobalt-serif-freelancer-site,https://skillry.dev/skills/bs-cobalt-serif-freelancer-site,skillry_skill,skill,html,html,"[""product_promo"", ""typography""]",locked_excerpt,public_http,premium,499,False,,2026-09-30T00:39:40.857399+00:00,1010a75312897baf1b650932c6b9ddbdcce0133e790079f891eda3040197756b,
a7419abb-0a20-4d29-81e1-cfe5de659ccf,bs-basalt-dev-portfolio,Basalt Dev Portfolio,,Skillry,https://skillry.dev/skills/bs-basalt-dev-portfolio,https://skillry.dev/skills/bs-basalt-dev-portfolio,skillry_skill,skill,html,html,"[""product_promo"", ""typography""]",full_public_instruction,public_http,free,0,False,,2026-09-30T00:39:40.710479+00:00,ed47424eed102099f500b33283dfabd16ef6cbfe538d5f38207b2e21cb8624c6,
ee05469e-f78b-4beb-87fa-d2c5df2e2967,bs-hyperframes-pain-gag-reveal-launch,Pain-Gag Reveal Launch Film,,Skillry,https://skillry.dev/skills/bs-hyperframes-pain-gag-reveal-launch,https://skillry.dev/skills/bs-hyperframes-pain-gag-reveal-launch,skillry_skill,skill,video,video,"[""explainer"", ""product_promo""]",locked_excerpt,public_http,premium,499,False,,2026-09-30T00:39:40.704185+00:00,cea17f359be462d684500c01c891aa7f6e17aabba4ba85f11677078e9bf539e0,
76ce623f-bd30-4b5a-b92b-d219338d008c,bs-hyperframes-sound-reveal-launch,Sound-Reveal Launch Film,,Skillry,https://skillry.dev/skills/bs-hyperframes-sound-reveal-launch,https://skillry.dev/skills/bs-hyperframes-sound-reveal-launch,skillry_skill,skill,video,video,"[""explainer"", ""product_promo"", ""charts_maps""]",locked_excerpt,public_http,premium,499,False,,2026-09-30T00:39:41.017502+00:00,2bb558117ed8de0605da52c9f88403da4f48f73a8f3fe7bf3a68d54267453017,
488cc59b-a28d-49fe-a050-d552f0048e74,bs-collage-creative-portfolio,Collage Creative Portfolio,,Skillry,https://skillry.dev/skills/bs-collage-creative-portfolio,https://skillry.dev/skills/bs-collage-creative-portfolio,skillry_skill,skill,html,html,"[""product_promo"", ""typography""]",locked_excerpt,public_http,premium,499,False,,2026-09-30T00:39:41.707041+00:00,6a7a703991e451eee6f3665dff64dc9a70771c5ab59ca6b73605e8600a17be80,
616ad845-879a-43e8-b50e-3cbb7e4013e8,bs-airy-flight-booking-landing,Airy Flight Booking Landing,,Skillry,https://skillry.dev/skills/bs-airy-flight-booking-landing,https://skillry.dev/skills/bs-airy-flight-booking-landing,skillry_skill,skill,html,html,"[""product_promo"", ""typography""]",locked_excerpt,public_http,premium,499,False,,2026-09-30T00:39:41.739053+00:00,4f22173533e5bfd653f354125348fdac88612ea744408bb92d3eeda555e837ae,
34587e66-e9f2-448e-a454-b18a9c5c7e6c,bs-hyperframes-objection-reversal-launch,Objection-Reversal Launch Film,,Skillry,https://skillry.dev/skills/bs-hyperframes-objection-reversal-launch,https://skillry.dev/skills/bs-hyperframes-objection-reversal-launch,skillry_skill,skill,video,video,"[""explainer"", ""product_promo""]",locked_excerpt,public_http,premium,499,False,,2026-09-30T00:39:41.986020+00:00,35afb06768e556d7af1f211d905ec15fb9a2f30ca5f9505241e494928c7fdb62,
68d96810-0bde-4c1b-983b-a0831fcf897b,bs-hyperframes-partnership-aroll-launch,Partnership Announcement Film,,Skillry,https://skillry.dev/skills/bs-hyperframes-partnership-aroll-launch,https://skillry.dev/skills/bs-hyperframes-partnership-aroll-launch,skillry_skill,skill,video,video,"[""product_promo""]",locked_excerpt,public_http,premium,499,False,,2026-09-30T00:39:42.022425+00:00,1ebd6bf6ff48fcbb0aad94be3d9ac004fa9b8827f79d4bb2ff200471d8f88c86,
a37aa213-0d0c-4483-b729-a445dc382e34,bs-hyperframes-persistent-chat-launch,Persistent-Chat Before-After Film,,Skillry,https://skillry.dev/skills/bs-hyperframes-persistent-chat-launch,https://skillry.dev/skills/bs-hyperframes-persistent-chat-launch,skillry_skill,skill,video,video,"[""explainer"", ""product_promo""]",locked_excerpt,public_http,premium,499,False,,2026-09-30T00:39:43.361665+00:00,4b0cbf8bacaae1f96de51aa6a7294ac5790234ef6d1ec778a4e5e5adf83c21ce,
b990be89-83e4-45ad-a636-54f9a2004fd7,bs-hyperframes-square-morph-launch,Square Morph-Chain Launch Film,,Skillry,https://skillry.dev/skills/bs-hyperframes-square-morph-launch,https://skillry.dev/skills/bs-hyperframes-square-morph-launch,skillry_skill,skill,video,video,"[""explainer"", ""product_promo""]",locked_excerpt,public_http,premium,499,False,,2026-09-30T00:39:42.827250+00:00,df90cccd38263bfa3eb8c5628fdb8deeddc5bbd52f9dddc2693c7769dda764c2,
990e5355-592b-4f1f-9732-063e8fc9aba8,bs-hyperframes-technical-drawing-promo,Technical-Drawing Launch Promo,,Skillry,https://skillry.dev/skills/bs-hyperframes-technical-drawing-promo,https://skillry.dev/skills/bs-hyperframes-technical-drawing-promo,skillry_skill,skill,video,video,"[""product_promo"", ""typography""]",locked_excerpt,public_http,premium,499,False,,2026-09-30T00:39:43.230410+00:00,9d2c932ca12b8f9cab2b3704d381b2b9609eb4e6a1826b9469c49484cd9e2234,
ee7e4e7c-2d0e-48f1-85f0-6b06ec0c0ee0,bs-hero-dark-stats,Dark Stat Hero,,Skillry,https://skillry.dev/skills/bs-hero-dark-stats,https://skillry.dev/skills/bs-hero-dark-stats,skillry_skill,skill,html,html,"[""product_promo"", ""typography""]",locked_excerpt,public_http,premium,499,False,,2026-09-30T00:39:43.400080+00:00,bb0df4fd6d15589357820c3c2e16a4d099b700999a768d6c0d235d59fa5cca57,
a8ece2d5-a4c8-46ac-a031-d99bb8347173,bs-hyperframes-texture-swatch-launch,Texture-Swatch Kinetic Launch,,Skillry,https://skillry.dev/skills/bs-hyperframes-texture-swatch-launch,https://skillry.dev/skills/bs-hyperframes-texture-swatch-launch,skillry_skill,skill,video,video,"[""product_promo"", ""typography""]",locked_excerpt,public_http,premium,499,False,,2026-09-30T00:39:44.293906+00:00,111a851db5586e9bdfe30f1205e628b708688a1f4df552c387d1ce0fc0ec6b7f,
9e8a0802-6f8e-4ea6-8be1-4a91277f6fa3,bs-cutpaper-collective-site,Cut-Paper Collective Site,,Skillry,https://skillry.dev/skills/bs-cutpaper-collective-site,https://skillry.dev/skills/bs-cutpaper-collective-site,skillry_skill,skill,html,html,"[""explainer"", ""product_promo"", ""typography""]",locked_excerpt,public_http,premium,499,False,,2026-09-30T00:39:44.321598+00:00,b44a0a6a59e7544620233822638d89c75ba7e093562c71480354be34a6e62308,
6c784bbe-b74e-46f4-93c7-5235c4e9999c,bs-mono-designer-portfolio,Mono Designer Portfolio,,Skillry,https://skillry.dev/skills/bs-mono-designer-portfolio,https://skillry.dev/skills/bs-mono-designer-portfolio,skillry_skill,skill,html,html,"[""product_promo"", ""typography""]",locked_excerpt,public_http,premium,499,False,,2026-09-30T00:39:44.846635+00:00,f14506b009bb08981de7d52400a90b80d13625b5bb2dd521c0f59daec9d11b74,
a985a2a0-fc6d-4e24-afe7-5c30b7d0749b,bs-industrial-identity-artifact,Industrial Identity Artifact,,Skillry,https://skillry.dev/skills/bs-industrial-identity-artifact,https://skillry.dev/skills/bs-industrial-identity-artifact,skillry_skill,skill,image,image,"[""product_promo"", ""characters""]",locked_excerpt,public_http,premium,499,False,,2026-09-30T00:39:44.870912+00:00,3efbe11b66aff38eefc75769c9f0550b05baa4513b4752feb13a08eaf1d6a3ea,
ed80569e-075f-4b6c-a266-7d22fe5ba7f9,bs-continuity-asset-set,Continuity Asset Set,,Skillry,https://skillry.dev/skills/bs-continuity-asset-set,https://skillry.dev/skills/bs-continuity-asset-set,skillry_skill,skill,image,image,"[""product_promo"", ""characters""]",locked_excerpt,public_http,premium,499,False,,2026-09-30T00:39:45.313379+00:00,b5df803659af4ae0d903863ca7e0e2a9810332d5447f6e5dde5ed5be55cbbc62,
14d06383-39c9-4987-8348-8861dcb9e468,bs-cinematic-shot-grid,Cinematic Shot Grid,,Skillry,https://skillry.dev/skills/bs-cinematic-shot-grid,https://skillry.dev/skills/bs-cinematic-shot-grid,skillry_skill,skill,image,image,"[""product_promo"", ""characters""]",locked_excerpt,public_http,premium,499,False,,2026-09-30T00:39:45.440339+00:00,a0d5e2d5d500e041c505cc2a809c9ab614c7fb7be8ab23ef78c2c57297ddab8c,
d02901c0-69c7-4ba7-b466-23df09dde0fe,bs-data-visualization-kpi-lines,KPI Line Panel,,Skillry,https://skillry.dev/skills/bs-data-visualization-kpi-lines,https://skillry.dev/skills/bs-data-visualization-kpi-lines,skillry_skill,skill,html,html,"[""product_promo"", ""charts_maps"", ""3d""]",locked_excerpt,public_http,premium,499,False,,2026-09-30T00:39:46.018853+00:00,1ef566474bf0d7bd24e5975336d036f4cc48d9f3eb372e4484d660118859de30,
2ad8a480-cc1d-4cfb-a565-485f28108fce,bs-data-visualization-paired-columns,Paired Column Chart,,Skillry,https://skillry.dev/skills/bs-data-visualization-paired-columns,https://skillry.dev/skills/bs-data-visualization-paired-columns,skillry_skill,skill,html,html,"[""product_promo"", ""charts_maps"", ""3d""]",locked_excerpt,public_http,premium,499,False,,2026-09-30T00:39:45.958913+00:00,90f83bca1df1f95133d6771098cbda22e8e8e023bb9d951637057395e7f8663d,
805567f5-2007-4245-b609-16b321d16d6b,bs-data-visualization-summary-lines,Summary Line Chart,,Skillry,https://skillry.dev/skills/bs-data-visualization-summary-lines,https://skillry.dev/skills/bs-data-visualization-summary-lines,skillry_skill,skill,html,html,"[""product_promo"", ""charts_maps"", ""3d""]",locked_excerpt,public_http,premium,499,False,,2026-09-30T00:39:46.503038+00:00,82c8ae26c369317d01d2d2aaff0c8b11f6e8dd5d6b4399b0475964e14cc1dff0,
e8b1dab4-d57d-44ae-9841-65b417d561d3,bs-obsidian-cinema-landing,Obsidian Cinema Landing,,Skillry,https://skillry.dev/skills/bs-obsidian-cinema-landing,https://skillry.dev/skills/bs-obsidian-cinema-landing,skillry_skill,skill,html,html,"[""product_promo""]",locked_excerpt,public_http,premium,499,False,,2026-09-30T00:39:46.456352+00:00,320c4539f344f098c23dfea974c6fc64efeb2d91885ba9bc70f2970be6b348b0,
fa64c349-81aa-4198-9730-5c823b062f25,bs-lime-endurance-deck,Lime Endurance Deck,,Skillry,https://skillry.dev/skills/bs-lime-endurance-deck,https://skillry.dev/skills/bs-lime-endurance-deck,skillry_skill,skill,presentation,presentation,"[""characters""]",locked_excerpt,public_http,premium,499,False,,2026-09-30T00:39:47.012664+00:00,5dec5815e373df68e1f45fb23381d9a390c8b34a542234cd82359c965311bec8,
65f44295-0896-4100-a185-8d3d2a045eaa,bs-academic-argument-deck,Academic Argument Deck,,Skillry,https://skillry.dev/skills/bs-academic-argument-deck,https://skillry.dev/skills/bs-academic-argument-deck,skillry_skill,skill,presentation,presentation,"[""explainer"", ""typography""]",locked_excerpt,public_http,premium,499,False,,2026-09-30T00:39:47.062488+00:00,4dda7ecf4f99a917b6ba877f41f135f2a8a6989eb296b9c3236e7547ca72aa10,
96ff1b8f-9c26-4664-a694-ba489141026a,bs-architectural-project-deck,Architectural Project Deck,,Skillry,https://skillry.dev/skills/bs-architectural-project-deck,https://skillry.dev/skills/bs-architectural-project-deck,skillry_skill,skill,presentation,presentation,"[""product_promo"", ""characters""]",locked_excerpt,public_http,premium,499,False,,2026-09-30T00:39:47.510125+00:00,23db8266cbb3de7cd28d0b03a49b5bc4e5f968e75802f950e877845c49d42fdd,
97a48ad9-7d7e-4cc6-abac-1cdda22d731d,bs-hyperframes-capability-keynote-launch,Capability-Keynote Launch Film,,Skillry,https://skillry.dev/skills/bs-hyperframes-capability-keynote-launch,https://skillry.dev/skills/bs-hyperframes-capability-keynote-launch,skillry_skill,skill,video,video,"[""explainer"", ""product_promo"", ""typography"", ""charts_maps""]",locked_excerpt,public_http,premium,499,False,,2026-09-30T00:39:47.455194+00:00,f09f35267631e44973aa1fee372073abf3898e16d6fb5b40f2f6c1c55fd7e862,
86ea0d32-7de5-4cf9-aec1-ac281ba9da0d,bs-research-paper-deck,Research Paper Deck,,Skillry,https://skillry.dev/skills/bs-research-paper-deck,https://skillry.dev/skills/bs-research-paper-deck,skillry_skill,skill,presentation,presentation,"[""explainer""]",locked_excerpt,public_http,premium,499,False,,2026-09-30T00:39:48.025964+00:00,6cece2b7b9d84fb1907f1458decc31cb64cbde88b96ee2c33c87676704ffdd62,
9a19a36e-00ad-49b1-ac86-4ec92ef700e8,bs-fantasy-concept-map,Fantasy Concept Map,,Skillry,https://skillry.dev/skills/bs-fantasy-concept-map,https://skillry.dev/skills/bs-fantasy-concept-map,skillry_skill,skill,image,image,"[""product_promo"", ""characters"", ""charts_maps""]",locked_excerpt,public_http,premium,499,False,,2026-09-30T00:39:48.099146+00:00,5862539291e655cb00a9d146505f9dd332fe301f741f7656598692ffab8c656e,
221c199d-7423-4094-bbb4-ca52798e0f55,bs-composition-study-generator,Composition Study Generator,,Skillry,https://skillry.dev/skills/bs-composition-study-generator,https://skillry.dev/skills/bs-composition-study-generator,skillry_skill,skill,image,image,"[""product_promo"", ""characters""]",locked_excerpt,public_http,premium,499,False,,2026-09-30T00:39:48.581312+00:00,deda2a915f560d577503ac1299179ebdb592c1ec9de864fd4e7c7c67a1937fa4,
60ba1112-58cb-452a-87e2-95424780bbdc,bs-city-street-map-illustrator,City Street Map Illustrator,,Skillry,https://skillry.dev/skills/bs-city-street-map-illustrator,https://skillry.dev/skills/bs-city-street-map-illustrator,skillry_skill,skill,image,image,"[""product_promo"", ""characters"", ""charts_maps""]",locked_excerpt,public_http,premium,499,False,,2026-09-30T00:39:48.597345+00:00,8b8388a1dc1a0c38cb65ffd18bfe00e9bcfb119c2b5d4ba0ea6560420a8783bc,
3a663e3a-ecd3-466b-9498-673307a871f0,bs-article-illustration-set,Article Illustration Set,,Skillry,https://skillry.dev/skills/bs-article-illustration-set,https://skillry.dev/skills/bs-article-illustration-set,skillry_skill,skill,image,image,"[""product_promo"", ""typography"", ""characters""]",locked_excerpt,public_http,premium,499,False,,2026-09-30T00:39:49.090002+00:00,85f03867f76e46808edcaa0718fad5a2012f227e6e7ac2422dfd38103f31f647,
5bf591a6-1d84-498a-997f-a7b369f9ec3a,bs-data-visualization-balance-chart,Dark Balance Chart,,Skillry,https://skillry.dev/skills/bs-data-visualization-balance-chart,https://skillry.dev/skills/bs-data-visualization-balance-chart,skillry_skill,skill,html,html,"[""product_promo"", ""charts_maps"", ""3d""]",locked_excerpt,public_http,premium,499,False,,2026-09-30T00:39:49.161810+00:00,4570a35240a1404dbd78d7c0349aab02e48ded5d5f1fd8dddbd6ce6d8c776a9c,
d3985dca-9af2-419a-abda-aabf7ccabed2,bs-data-visualization-event-bars,Event Bar Chart,,Skillry,https://skillry.dev/skills/bs-data-visualization-event-bars,https://skillry.dev/skills/bs-data-visualization-event-bars,skillry_skill,skill,html,html,"[""product_promo"", ""charts_maps"", ""3d""]",locked_excerpt,public_http,premium,499,False,,2026-09-30T00:39:49.728026+00:00,0aa9e5c0a0e02406ab2db48ffdaebd866ab3c9b90300f09c77fbe86a706a8dcf,
43d6f701-2794-4020-88b6-63964fcff134,bs-data-visualization-funnel-area,Funnel Area Chart,,Skillry,https://skillry.dev/skills/bs-data-visualization-funnel-area,https://skillry.dev/skills/bs-data-visualization-funnel-area,skillry_skill,skill,html,html,"[""product_promo"", ""charts_maps"", ""3d""]",locked_excerpt,public_http,premium,499,False,,2026-09-30T00:39:49.789863+00:00,4e87c900874fd317c3a0af796c694c565483e9c6c90ec490268139c0738be696,
6436bb05-9535-430e-812b-69264ed03833,bs-data-visualization-records-grid,Records Data Grid,,Skillry,https://skillry.dev/skills/bs-data-visualization-records-grid,https://skillry.dev/skills/bs-data-visualization-records-grid,skillry_skill,skill,html,html,"[""product_promo"", ""charts_maps""]",locked_excerpt,public_http,premium,499,False,,2026-09-30T00:39:50.299672+00:00,1249c9d5d007be70f63c8c797d860befed70e4c8e7dcd3a804c50d82345c530c,
f19105ee-f63c-4e96-bba8-01d276204982,bs-data-visualization-spreadsheet-grid,Spreadsheet Data Grid,,Skillry,https://skillry.dev/skills/bs-data-visualization-spreadsheet-grid,https://skillry.dev/skills/bs-data-visualization-spreadsheet-grid,skillry_skill,skill,html,html,"[""product_promo"", ""charts_maps""]",locked_excerpt,public_http,premium,499,False,,2026-09-30T00:39:50.275332+00:00,d03d9b70cb0fb1adbe4491589a888f7ebab696c5b9c8dff60e7d4aa2429bd9d3,
b264d408-401f-4b1c-8b64-a8666f8a2878,bs-data-visualization-stacked-columns,Stacked Column Chart,,Skillry,https://skillry.dev/skills/bs-data-visualization-stacked-columns,https://skillry.dev/skills/bs-data-visualization-stacked-columns,skillry_skill,skill,html,html,"[""product_promo"", ""charts_maps"", ""3d""]",locked_excerpt,public_http,premium,499,False,,2026-09-30T00:39:50.956643+00:00,a5c3a0e5258ffaa322b4169eb77e3f38716a93b559431c991a7606278bef83f6,
1c2426c7-dd3b-4eac-82b4-190595a802d6,bs-hero-film-strip,Film Strip Hero,,Skillry,https://skillry.dev/skills/bs-hero-film-strip,https://skillry.dev/skills/bs-hero-film-strip,skillry_skill,skill,html,html,"[""product_promo"", ""typography""]",locked_excerpt,public_http,premium,499,False,,2026-09-30T00:39:50.770546+00:00,a977bc934cccf14ef17ed1d8251e541d24d953e7ac19003e3a17f6dba47c7dfc,
746cf588-9a41-4b60-8e4e-9a06ed64f2f9,bs-hero-ink-ridge,Ink Ridge Hero,,Skillry,https://skillry.dev/skills/bs-hero-ink-ridge,https://skillry.dev/skills/bs-hero-ink-ridge,skillry_skill,skill,html,html,"[""product_promo"", ""typography"", ""3d""]",locked_excerpt,public_http,premium,499,False,,2026-09-30T00:39:51.618049+00:00,9bac00bc24f86140889d805be3c0ae1aceaa8772f973a83b4d507f65b0416acd,
5b3bc3c2-a084-46b0-b269-668add1ed5d5,bs-project-knowledge-graph,Project Knowledge Graph,,Skillry,https://skillry.dev/skills/bs-project-knowledge-graph,https://skillry.dev/skills/bs-project-knowledge-graph,skillry_skill,skill,html,html,"[""product_promo"", ""characters"", ""charts_maps""]",full_public_instruction,public_http,free,0,False,,2026-09-30T00:39:52.031392+00:00,d04b3ac7afa121cc9d628790937687fb8df8af5f5b6dc4894e305953a2d4f90a,
548ddb81-55d1-4015-8391-801fdce96b87,bs-liquid-glass-landing,Liquid Glass Landing,,Skillry,https://skillry.dev/skills/bs-liquid-glass-landing,https://skillry.dev/skills/bs-liquid-glass-landing,skillry_skill,skill,html,html,"[""product_promo"", ""typography""]",locked_excerpt,public_http,premium,499,False,,2026-09-30T00:39:52.026672+00:00,3565ec6cebabcf37dfadddd433cde352d884cf05d90526624330e6a559e1463b,
02cef6f3-906b-4c92-9757-579a50d38886,bs-hyperframes-format-shift-launch,Format-Shift Argument Film,,Skillry,https://skillry.dev/skills/bs-hyperframes-format-shift-launch,https://skillry.dev/skills/bs-hyperframes-format-shift-launch,skillry_skill,skill,video,video,"[""explainer"", ""product_promo"", ""typography""]",locked_excerpt,public_http,premium,499,False,,2026-09-30T00:39:54.596280+00:00,d34bb28e2d091d5903edd27b53581db5623995b6742364b2963fe03c238ad7be,
15fa0082-150c-4a5a-952d-5fda2e9e2c2d,bs-hyperframes-frame-token-launch,Frame-Token Editorial Launch,,Skillry,https://skillry.dev/skills/bs-hyperframes-frame-token-launch,https://skillry.dev/skills/bs-hyperframes-frame-token-launch,skillry_skill,skill,video,video,"[""product_promo"", ""typography""]",locked_excerpt,public_http,premium,499,False,,2026-09-30T00:39:52.744106+00:00,787371c17ec8cc10d77487045ee951d67da2cce6fd4a39f7a28fc97237f8963f,
3cf9ad3c-cc45-4cee-919f-1d94bdbdc2b6,bs-hyperframes-halftone-canvas-launch,Living-Halftone Canvas Film,,Skillry,https://skillry.dev/skills/bs-hyperframes-halftone-canvas-launch,https://skillry.dev/skills/bs-hyperframes-halftone-canvas-launch,skillry_skill,skill,video,video,"[""explainer"", ""product_promo"", ""characters"", ""charts_maps""]",locked_excerpt,public_http,premium,499,False,,2026-09-30T00:39:53.091579+00:00,7524882fd3090c648d28e24dab9fd626671f996c4e4c635f4711fa876799a824,
d066dd98-e424-42bd-b2e3-142bcb9a9860,bs-interactive-system-map,Interactive System Map,,Skillry,https://skillry.dev/skills/bs-interactive-system-map,https://skillry.dev/skills/bs-interactive-system-map,skillry_skill,skill,html,html,"[""explainer"", ""product_promo"", ""characters"", ""charts_maps""]",full_public_instruction,public_http,free,0,False,,2026-09-30T00:39:53.519612+00:00,e90444feedc9be705a5d170ea86d1d0d80482555ef7c5dafe1c14a70d26a7231,
b28c37fb-a916-453e-9718-f20faa948b83,bs-harbor-saas-suite,Harbor SaaS Suite,,Skillry,https://skillry.dev/skills/bs-harbor-saas-suite,https://skillry.dev/skills/bs-harbor-saas-suite,skillry_skill,skill,html,html,"[""product_promo""]",locked_excerpt,public_http,premium,499,False,,2026-09-30T00:39:53.665571+00:00,5662a24a9eab42f4b9594f583eb13d552ccbf286cd6865df1fedd0bdfbae50d3,
68e56d9b-95be-43bd-a617-1f5a0ae08c4b,bs-alpine-travel-agency-landing,Alpine Travel Agency Landing,,Skillry,https://skillry.dev/skills/bs-alpine-travel-agency-landing,https://skillry.dev/skills/bs-alpine-travel-agency-landing,skillry_skill,skill,html,html,"[""product_promo"", ""typography""]",locked_excerpt,public_http,premium,499,False,,2026-09-30T00:39:54.091046+00:00,a660d82d4b3798415ae2fbbc941bc64a1a1d508bbc9f19cec0fd681612e6bf7a,
88bd030d-eaa5-4d74-9538-22e97212f703,bs-bento-designer-portfolio,Bento Designer Portfolio,,Skillry,https://skillry.dev/skills/bs-bento-designer-portfolio,https://skillry.dev/skills/bs-bento-designer-portfolio,skillry_skill,skill,html,html,"[""product_promo"", ""typography""]",locked_excerpt,public_http,premium,499,False,,2026-09-30T00:39:54.516391+00:00,13e200f3737350acda6fb394a9cc6d4f9f10cfcb92c798924363e1f571937c5d,
6328f5cd-64e6-4f3d-9116-d14138a4e5cd,bs-cloud-jet-travel-landing,Cloud Jet Travel Landing,,Skillry,https://skillry.dev/skills/bs-cloud-jet-travel-landing,https://skillry.dev/skills/bs-cloud-jet-travel-landing,skillry_skill,skill,html,html,"[""product_promo"", ""typography""]",locked_excerpt,public_http,premium,499,False,,2026-09-30T00:39:54.733635+00:00,c6ff68f4a1ff34c960e16b17fb5e5cb92a9d1f40c37bcdb49fd78955dfe75914,
f7e1810d-5162-494a-9cf9-892052e2b19e,bs-doodle-developer-portfolio,Doodle Developer Portfolio,,Skillry,https://skillry.dev/skills/bs-doodle-developer-portfolio,https://skillry.dev/skills/bs-doodle-developer-portfolio,skillry_skill,skill,html,html,"[""product_promo"", ""typography""]",locked_excerpt,public_http,premium,499,False,,2026-09-30T00:39:55.201020+00:00,28bb2d49c44af1070ec2143651b2e639d6bbaa883484f2721f4bcde8d5e61328,
a950c032-aeba-4d35-8d6a-9eb872b804f5,bs-editorial-personal-brand-landing,Editorial Personal Brand Landing,,Skillry,https://skillry.dev/skills/bs-editorial-personal-brand-landing,https://skillry.dev/skills/bs-editorial-personal-brand-landing,skillry_skill,skill,html,html,"[""product_promo"", ""typography""]",locked_excerpt,public_http,premium,499,False,,2026-09-30T00:39:57.754759+00:00,6b785d9fd0308a9f6c52e74b64bd2a00f406fc50c3f4d6277a891a4032c47462,
7d2895b4-dbd7-48ca-ab68-0b1fd7c8a421,bs-ember-ebike-store,Ember E-Bike Store,,Skillry,https://skillry.dev/skills/bs-ember-ebike-store,https://skillry.dev/skills/bs-ember-ebike-store,skillry_skill,skill,html,html,"[""product_promo"", ""typography""]",locked_excerpt,public_http,premium,499,False,,2026-09-30T00:39:55.910578+00:00,47a4d7d7b11b3b6ad1eb05bed9d8b7509277d81b793cf12ef2f5bc0cf0d33ee5,
ba658048-e617-42b3-9053-23f8b328f63e,bs-gradient-juice-brand-site,Gradient Juice Brand Site,,Skillry,https://skillry.dev/skills/bs-gradient-juice-brand-site,https://skillry.dev/skills/bs-gradient-juice-brand-site,skillry_skill,skill,html,html,"[""product_promo"", ""typography""]",locked_excerpt,public_http,premium,499,False,,2026-09-30T00:39:55.755141+00:00,42d63f19357f7d64e99d641ebc391d38508d0527a6f049dfa21fa040417d16af,
a76a479e-888f-478f-b02b-8aa2b2249f82,bs-green-pharmacy-storefront,Green Pharmacy Storefront,,Skillry,https://skillry.dev/skills/bs-green-pharmacy-storefront,https://skillry.dev/skills/bs-green-pharmacy-storefront,skillry_skill,skill,html,html,"[""product_promo"", ""typography""]",locked_excerpt,public_http,premium,499,False,,2026-09-30T00:39:58.609683+00:00,20c061086289558e8075164d44647984c598b9b0b66203f3d302751e7087d7f4,
35787e39-1ee4-4626-9118-a60437a1d55f,bs-gridpaper-beverage-brand-site,Grid-Paper Beverage Brand Site,,Skillry,https://skillry.dev/skills/bs-gridpaper-beverage-brand-site,https://skillry.dev/skills/bs-gridpaper-beverage-brand-site,skillry_skill,skill,html,html,"[""product_promo"", ""typography""]",locked_excerpt,public_http,premium,499,False,,2026-09-30T00:39:59.457805+00:00,98d216a879b025a0e6b8de0161c325f94d5d1577a033a81bd7c70aa699d767cd,
31cf7fa9-b430-4903-9434-138d0c0770e7,bs-illustrated-agritech-app-landing,Illustrated Agritech App Landing,,Skillry,https://skillry.dev/skills/bs-illustrated-agritech-app-landing,https://skillry.dev/skills/bs-illustrated-agritech-app-landing,skillry_skill,skill,html,html,"[""product_promo"", ""typography""]",locked_excerpt,public_http,premium,499,False,,2026-09-30T00:39:59.683106+00:00,d3195b6a876e52260dfd3667d9d8b77b6319a590fda3bd73f2971589a998afcf,
5dbb04e7-62a3-46d6-b4e8-4958ae70db8d,bs-lime-frame-designer-portfolio,Lime-Frame Designer Portfolio,,Skillry,https://skillry.dev/skills/bs-lime-frame-designer-portfolio,https://skillry.dev/skills/bs-lime-frame-designer-portfolio,skillry_skill,skill,html,html,"[""product_promo"", ""typography""]",locked_excerpt,public_http,premium,499,False,,2026-09-30T00:39:58.858631+00:00,6b51ca02cb17898d25319688e7bb0773d870e1bf3e363faa2fcff4c0ede4af49,
64639cb6-91a6-4701-b234-a50237566af7,bs-marker-doodle-brand-studio,Marker-Doodle Brand Studio,,Skillry,https://skillry.dev/skills/bs-marker-doodle-brand-studio,https://skillry.dev/skills/bs-marker-doodle-brand-studio,skillry_skill,skill,html,html,"[""product_promo"", ""typography""]",locked_excerpt,public_http,premium,499,False,,2026-09-30T00:39:59.966067+00:00,a944324d418fc40abf6e98bc586a76f96d1345e6b2d50e9147ef3f198feeb67f,
f93ddb1d-cabc-4fea-b7aa-bc5fa3d811e0,bs-paper-texture-resume-site,Paper-Texture Resume Site,,Skillry,https://skillry.dev/skills/bs-paper-texture-resume-site,https://skillry.dev/skills/bs-paper-texture-resume-site,skillry_skill,skill,html,html,"[""product_promo"", ""typography""]",locked_excerpt,public_http,premium,499,False,,2026-09-30T00:39:59.937644+00:00,3eadaf173450e7c1a6a4deb177dc1ebb56296d28e309dd1204aa41744494be35,
08b9b910-be11-49a8-a472-eed3a42e28d9,bs-playful-uiux-portfolio,Playful UI/UX Portfolio,,Skillry,https://skillry.dev/skills/bs-playful-uiux-portfolio,https://skillry.dev/skills/bs-playful-uiux-portfolio,skillry_skill,skill,html,html,"[""product_promo"", ""typography""]",locked_excerpt,public_http,premium,499,False,,2026-09-30T00:40:00.549942+00:00,857f9fe8dd19880d0c7bab30aed60a07e0c1c8c4e209360c36cf72eddd6f597f,
b7f975f3-2424-4971-a780-58f6828cc659,bs-royal-blue-pet-store,Royal Blue Pet Store,,Skillry,https://skillry.dev/skills/bs-royal-blue-pet-store,https://skillry.dev/skills/bs-royal-blue-pet-store,skillry_skill,skill,html,html,"[""product_promo"", ""typography""]",locked_excerpt,public_http,premium,499,False,,2026-09-30T00:40:00.790508+00:00,2134749ac6d51650d88b9adb27f49be44c97613fa191fc6f4b6191b622162c28,
4525991a-fde1-4b54-b3f0-7e25d8e2e73e,bs-silver-robot-product-site,Silver Robot Product Site,,Skillry,https://skillry.dev/skills/bs-silver-robot-product-site,https://skillry.dev/skills/bs-silver-robot-product-site,skillry_skill,skill,html,html,"[""product_promo"", ""typography""]",locked_excerpt,public_http,premium,499,False,,2026-09-30T00:40:01.326957+00:00,a140453f84c3d33dc2f615d42a9086deb9dda23fbeffa7847600ec40fbf96bae,
fc0c48fc-a288-4c36-8236-ad433dd627f2,bs-sky-sports-club-landing,Sky Sports Club Landing,,Skillry,https://skillry.dev/skills/bs-sky-sports-club-landing,https://skillry.dev/skills/bs-sky-sports-club-landing,skillry_skill,skill,html,html,"[""product_promo"", ""typography""]",locked_excerpt,public_http,premium,499,False,,2026-09-30T00:40:01.238416+00:00,33d9c851f3b3cc293faf3fc6dd1d24f5b7bf8447c5241b4b270fb3a29ef97a8b,
f24d1858-c390-4e1e-a38f-f10f4a9888f9,bs-sticker-agency-landing,Sticker Agency Landing,,Skillry,https://skillry.dev/skills/bs-sticker-agency-landing,https://skillry.dev/skills/bs-sticker-agency-landing,skillry_skill,skill,html,html,"[""product_promo"", ""typography""]",locked_excerpt,public_http,premium,499,False,,2026-09-30T00:40:02.171679+00:00,5607b8dc6ee131f2bb09b76aea0e817fc21e01a4c4e95419b476eff62e4619e7,
e99ebde8-f126-46dd-8b62-195625f7693c,bs-sticker-gifting-app-landing,Sticker Gifting App Landing,,Skillry,https://skillry.dev/skills/bs-sticker-gifting-app-landing,https://skillry.dev/skills/bs-sticker-gifting-app-landing,skillry_skill,skill,html,html,"[""product_promo"", ""typography""]",locked_excerpt,public_http,premium,499,False,,2026-09-30T00:40:02.148852+00:00,6b070fae63b935d5157d0d837523b53ba1e248c03cb6c1b97da71ad6f837b144,
271525d8-d56f-4f7d-a0bc-4a52734a95fd,bs-apple-style-og,Apple Style OG Image,,Skillry,https://skillry.dev/skills/bs-apple-style-og,https://skillry.dev/skills/bs-apple-style-og,skillry_skill,skill,image,image,"[""product_promo"", ""typography"", ""charts_maps""]",locked_excerpt,public_http,premium,499,False,,2026-09-30T00:40:02.756632+00:00,88505256e4e609f868dd98d5c37e9decbe7585f91c8b9adf2e36df1c08221b46,
5a1fe35f-465f-4edf-b39b-41a2d083d03a,bs-vehicle-anatomy-poster,Vehicle Anatomy Poster,,Skillry,https://skillry.dev/skills/bs-vehicle-anatomy-poster,https://skillry.dev/skills/bs-vehicle-anatomy-poster,skillry_skill,skill,image,image,"[""explainer"", ""charts_maps""]",locked_excerpt,public_http,premium,499,False,,2026-09-30T00:40:02.346465+00:00,792e6e50bb3034f1f66e8e8693ee55ee9c2a3a4a5d8049822398057445971bf7,
196e2f56-7ba6-4b3b-8ef9-94c3c7e0097c,bs-regional-flavor-map,Regional Flavor Map,,Skillry,https://skillry.dev/skills/bs-regional-flavor-map,https://skillry.dev/skills/bs-regional-flavor-map,skillry_skill,skill,image,image,"[""explainer"", ""charts_maps""]",locked_excerpt,public_http,premium,499,False,,2026-09-30T00:40:03.215794+00:00,c9dce8e1f367c0a6a8614b45a7163164ffb14f8f89bdaeab9be41b66159885f2,
f88051d9-2a2d-4cac-9eb3-df2e516e2bc8,bs-hand-rendered-explainer,Hand-Rendered Explainer,,Skillry,https://skillry.dev/skills/bs-hand-rendered-explainer,https://skillry.dev/skills/bs-hand-rendered-explainer,skillry_skill,skill,image,image,"[""explainer"", ""product_promo"", ""charts_maps""]",locked_excerpt,public_http,premium,499,False,,2026-09-30T00:40:03.669779+00:00,58aecaa4420f48d6f9618c917841e81c6b64ebfc64b9cb7271fee58ea88ffe7b,
d7d93e6e-e8b0-4fa1-8279-ec7f8eefe236,bs-hero-drifting-marks,Drifting Marks Hero,,Skillry,https://skillry.dev/skills/bs-hero-drifting-marks,https://skillry.dev/skills/bs-hero-drifting-marks,skillry_skill,skill,html,html,"[""product_promo"", ""typography""]",locked_excerpt,public_http,premium,499,False,,2026-09-30T00:40:03.650874+00:00,578f303595596c008dad84bf4203d2aa21c1ddce003f33caf5b2bd6432557668,
14c0cd3a-1480-46b0-a252-229a894ccd98,bs-hero-particle-field,Particle Field Hero,,Skillry,https://skillry.dev/skills/bs-hero-particle-field,https://skillry.dev/skills/bs-hero-particle-field,skillry_skill,skill,html,html,"[""product_promo"", ""typography""]",locked_excerpt,public_http,premium,499,False,,2026-09-30T00:40:03.875161+00:00,fcbdb5567c11690285486e7297d8ee29c267cb7cf49f9fbfe2f4c193e3998dfe,
5ea3d59e-9ab3-4bbc-b425-1e1f07cdc8b5,bs-testimonial-dark-portraits,Dark Portrait Testimonials,,Skillry,https://skillry.dev/skills/bs-testimonial-dark-portraits,https://skillry.dev/skills/bs-testimonial-dark-portraits,skillry_skill,skill,html,html,"[""product_promo""]",locked_excerpt,public_http,premium,499,False,,2026-09-30T00:40:04.643802+00:00,dbe2149d7a4e4956cd74258d569c82ab8d77531facc1dd5e0c0f11e7a16239eb,
63007766-2cb8-4d58-8233-47c65932e39e,bs-testimonial-editorial-spread,Editorial Testimonial Spread,,Skillry,https://skillry.dev/skills/bs-testimonial-editorial-spread,https://skillry.dev/skills/bs-testimonial-editorial-spread,skillry_skill,skill,html,html,"[""product_promo""]",locked_excerpt,public_http,premium,499,False,,2026-09-30T00:40:04.654365+00:00,8527a1872b82cb03aaef1fbc3ddb16468d66668c5114092de05c55f93b1e0a27,
7f949e82-57a4-43c4-9ace-5d503ed69c6c,bs-testimonial-ticker,Testimonial Ticker,,Skillry,https://skillry.dev/skills/bs-testimonial-ticker,https://skillry.dev/skills/bs-testimonial-ticker,skillry_skill,skill,html,html,"[""product_promo"", ""3d""]",locked_excerpt,public_http,premium,499,False,,2026-09-30T00:40:04.775137+00:00,64586786687dd0e4cdbbb36f156ed16a0c51f693a0e8e427fc3e9684e228fb5f,
5049b8d6-7803-45c2-ad2e-8c5583ff7dc2,bs-magnetic-lattice-hero,Magnetic Lattice Hero,,Skillry,https://skillry.dev/skills/bs-magnetic-lattice-hero,https://skillry.dev/skills/bs-magnetic-lattice-hero,skillry_skill,skill,html,html,"[""product_promo"", ""typography""]",locked_excerpt,public_http,premium,499,False,,2026-09-30T00:40:04.879578+00:00,a53c0566d84757edde76e58b520264170ff3b8f36a664638ca1d92312d453992,
a6607d89-0a68-4350-b4f7-56b18d95e49b,bs-neon-makers-deck,Neon Makers Deck,,Skillry,https://skillry.dev/skills/bs-neon-makers-deck,https://skillry.dev/skills/bs-neon-makers-deck,skillry_skill,skill,presentation,presentation,"[""characters""]",locked_excerpt,public_http,premium,499,False,,2026-09-30T00:40:05.655137+00:00,c22fbfc27b399f6070b5b84246241646019829422740d90d7a2591bd0f694002,
b0139c1e-e365-4623-85aa-ae6c796cdea8,bs-whiteboard-concept-explainer,Whiteboard Concept Explainer,,Skillry,https://skillry.dev/skills/bs-whiteboard-concept-explainer,https://skillry.dev/skills/bs-whiteboard-concept-explainer,skillry_skill,skill,image,image,"[""explainer"", ""product_promo"", ""characters""]",locked_excerpt,public_http,premium,499,False,,2026-09-30T00:40:05.801912+00:00,edd6d9a71dbee4396b40e7c5ec8df6f0c49087b5755de0a124e420a0008f6819,
12f1dc99-7fb4-48d3-897e-2b8f05798d52,bs-learning-loop-deck,Learning Loop Deck,,Skillry,https://skillry.dev/skills/bs-learning-loop-deck,https://skillry.dev/skills/bs-learning-loop-deck,skillry_skill,skill,presentation,presentation,"[""explainer"", ""typography""]",full_public_instruction,public_http,free,0,False,,2026-09-30T00:40:09.170032+00:00,484650cc272eb124765d5e508077327227b78c0ad03634737d167376ec112899,
50a285fa-4d2c-4f60-b918-8ec86006638c,bs-wonky-cute-doodles,Wonky Cute Doodles,,Skillry,https://skillry.dev/skills/bs-wonky-cute-doodles,https://skillry.dev/skills/bs-wonky-cute-doodles,skillry_skill,skill,image,image,"[""typography"", ""characters""]",locked_excerpt,public_http,premium,499,False,,2026-09-30T00:40:05.983422+00:00,26f3d486ecd127cc76a0dd1ab0611d9c9df22ab8c093a5a3f1de6ce244ced41c,
e6eab7ef-4234-4db8-b2cc-f1337c560d0e,bs-taskmuse-ai-landing,Taskmuse AI Landing,,Skillry,https://skillry.dev/skills/bs-taskmuse-ai-landing,https://skillry.dev/skills/bs-taskmuse-ai-landing,skillry_skill,skill,html,html,"[""product_promo"", ""typography""]",locked_excerpt,public_http,premium,499,False,,2026-09-30T00:40:06.658682+00:00,67b9f0cb19137f014aeb24cb496c4768a8b65b8bd18abcb2dee6a40b6f3731f3,
49a07d1d-def4-4cf4-9c34-8465ac6fa6a3,bs-research-project-homepage,Research Project Homepage,,Skillry,https://skillry.dev/skills/bs-research-project-homepage,https://skillry.dev/skills/bs-research-project-homepage,skillry_skill,skill,html,html,[],locked_excerpt,public_http,premium,499,False,,2026-09-30T00:40:09.280055+00:00,6b007a54a99eba497f3c4d8d5d30f4f65918ae8e58a3c10bf35e7c288528d7ae,
52385e8c-9399-4719-b27e-69d2d74d088e,bs-skin-mechanism-visual,Skin Mechanism Visual,,Skillry,https://skillry.dev/skills/bs-skin-mechanism-visual,https://skillry.dev/skills/bs-skin-mechanism-visual,skillry_skill,skill,image,image,"[""explainer"", ""product_promo""]",locked_excerpt,public_http,premium,499,False,,2026-09-30T00:40:07.030767+00:00,f4f26bc1f68ce26122a1d47e2660b2da4afebdc33a04bd7491a4842cbcaad55d,
8451dafa-a00b-43f9-8d4a-4b0b1c9d7368,bs-optical-bench-diagram,Optical Bench Diagram,,Skillry,https://skillry.dev/skills/bs-optical-bench-diagram,https://skillry.dev/skills/bs-optical-bench-diagram,skillry_skill,skill,image,image,"[""explainer""]",locked_excerpt,public_http,premium,499,False,,2026-09-30T00:40:07.750424+00:00,81b3be8e6981608ddff4bbef75d9b2c24af2ff6a4891843483a60989287714b6,
413f149d-6bf0-4ed6-a65c-20711eae651e,bs-layered-material-cutaway,Layered Material Cutaway,,Skillry,https://skillry.dev/skills/bs-layered-material-cutaway,https://skillry.dev/skills/bs-layered-material-cutaway,skillry_skill,skill,image,image,"[""explainer"", ""product_promo""]",locked_excerpt,public_http,premium,499,False,,2026-09-30T00:40:08.075370+00:00,99e0c2b083ab8c7f9668971f803516fca07d55a5c0e2460d0d18b22b04d61aa1,
c1d247c1-5d93-4a5d-8c9e-6c34bab1fe78,bs-ev-system-exploded-view,EV System Exploded View,,Skillry,https://skillry.dev/skills/bs-ev-system-exploded-view,https://skillry.dev/skills/bs-ev-system-exploded-view,skillry_skill,skill,image,image,"[""explainer"", ""product_promo""]",locked_excerpt,public_http,premium,499,False,,2026-09-30T00:40:08.754127+00:00,223f6a1937995736958cbb30907b2758d2a5ed3081c91bb3440e5d1a73de419a,
f889b2f8-a271-453a-8fb8-d851964d147e,bs-bioactive-pathway-poster,Bioactive Pathway Poster,,Skillry,https://skillry.dev/skills/bs-bioactive-pathway-poster,https://skillry.dev/skills/bs-bioactive-pathway-poster,skillry_skill,skill,image,image,"[""explainer"", ""charts_maps""]",locked_excerpt,public_http,premium,499,False,,2026-09-30T00:40:09.089138+00:00,dc1e9bc36ab002256ec14d8181ec1cb37d4887ad1b74b56e24a77905472b44ad,
c16bbf43-9e41-4331-9d81-bbfb93bd36c0,bs-raw-ink-storyboard,Raw Ink Storyboard,,Skillry,https://skillry.dev/skills/bs-raw-ink-storyboard,https://skillry.dev/skills/bs-raw-ink-storyboard,skillry_skill,skill,image,image,"[""explainer"", ""charts_maps""]",locked_excerpt,public_http,premium,499,False,,2026-09-30T00:40:09.720187+00:00,db479fdef40776ca5990eb3c92f811b4dd2b5539de990981c72545468b31fed5,
6edc6025-9ae4-42f7-b034-19216ebfd59f,bs-marine-research-poster,Marine Research Poster,,Skillry,https://skillry.dev/skills/bs-marine-research-poster,https://skillry.dev/skills/bs-marine-research-poster,skillry_skill,skill,image,image,"[""explainer"", ""charts_maps""]",locked_excerpt,public_http,premium,499,False,,2026-09-30T00:40:10.179641+00:00,5630cc3472bcd0c8793f8e1aeb1fa4b91d593bb739881ce030c69461f51c8c68,
7b03e3cb-1a79-40a6-854b-347dba4601e7,bs-isometric-research-collage,Isometric Research Collage,,Skillry,https://skillry.dev/skills/bs-isometric-research-collage,https://skillry.dev/skills/bs-isometric-research-collage,skillry_skill,skill,image,image,"[""explainer"", ""charts_maps""]",locked_excerpt,public_http,premium,499,False,,2026-09-30T00:40:10.248134+00:00,6ad657e79b930f3d74fe88435f3ec51e29a28fe8815daaa067763b32d06dc839,
80fe295a-f61d-48f6-ada1-81a4ed6b7d3c,bs-cue-column-study-sheet,Cue-Column Study Sheet,,Skillry,https://skillry.dev/skills/bs-cue-column-study-sheet,https://skillry.dev/skills/bs-cue-column-study-sheet,skillry_skill,skill,image,image,"[""explainer"", ""charts_maps""]",locked_excerpt,public_http,premium,499,False,,2026-09-30T00:40:10.329446+00:00,54f2c5f55ab390ffc0968de8de0ccf320c14a3aaf73295ec9852cb921f582c78,
6cf11e3b-8e71-417c-8513-c81c75705a1e,bs-appliance-exploded-poster,Appliance Exploded Poster,,Skillry,https://skillry.dev/skills/bs-appliance-exploded-poster,https://skillry.dev/skills/bs-appliance-exploded-poster,skillry_skill,skill,image,image,"[""product_promo""]",locked_excerpt,public_http,premium,499,False,,2026-09-30T00:40:10.706153+00:00,24272e4a9b709bf12ccfef3402ac019ac5a05c530921ae5c00ea3f27ffc72d26,
11432908-cb2f-416a-b34a-85bf9c7b0f4e,bs-hero-skyline,Skyline Hero,,Skillry,https://skillry.dev/skills/bs-hero-skyline,https://skillry.dev/skills/bs-hero-skyline,skillry_skill,skill,html,html,"[""product_promo"", ""typography""]",locked_excerpt,public_http,premium,499,False,,2026-09-30T00:40:11.130737+00:00,c23bb99e76907d0a0d6f2a0f8202fa78efbf9574478c7e039149f61140268d78,
f9c266b3-be93-4cf5-8f34-7dcbc1836339,bs-hero-angled-gallery,Angled Gallery Hero,,Skillry,https://skillry.dev/skills/bs-hero-angled-gallery,https://skillry.dev/skills/bs-hero-angled-gallery,skillry_skill,skill,html,html,"[""product_promo"", ""typography""]",locked_excerpt,public_http,premium,499,False,,2026-09-30T00:40:11.352617+00:00,7a42c19ee7010808a1b4afaf064ef61e9fb98c43f7a8e3849e729d7f8bf6710a,
25890714-147c-4bc8-adea-b452f1b4d708,bs-testimonial-case-notes,Case Note Testimonials,,Skillry,https://skillry.dev/skills/bs-testimonial-case-notes,https://skillry.dev/skills/bs-testimonial-case-notes,skillry_skill,skill,html,html,"[""product_promo""]",locked_excerpt,public_http,premium,499,False,,2026-09-30T00:40:11.423815+00:00,246f98dcb86bcad029f5ee4d0a3b8ddf144b8242fc2861c8767d438814e71817,
5c8f5541-f369-463b-b5c6-5c1ca2bb5fa2,bs-hero-contact-bar,Contact Bar Hero,,Skillry,https://skillry.dev/skills/bs-hero-contact-bar,https://skillry.dev/skills/bs-hero-contact-bar,skillry_skill,skill,html,html,"[""product_promo"", ""typography""]",locked_excerpt,public_http,premium,499,False,,2026-09-30T00:40:11.845735+00:00,c3ac59909a163fd9df238fdf6808482e0a186db1a680330893e4032a96e5fde8,
c8e60e53-8a57-4b1b-b7cf-e5421eb488a4,bs-hero-image-tiles,Image Tiles Hero,,Skillry,https://skillry.dev/skills/bs-hero-image-tiles,https://skillry.dev/skills/bs-hero-image-tiles,skillry_skill,skill,html,html,"[""product_promo"", ""typography""]",locked_excerpt,public_http,premium,499,False,,2026-09-30T00:40:12.222178+00:00,548566d93ea4cdbb6282cdef3078bcdb2282f6db42e6db85574e0be631b44e0a,
e8e81a36-95fd-4b6d-b9f8-5598669badc0,bs-hero-integration-grid,Integration Grid Hero,,Skillry,https://skillry.dev/skills/bs-hero-integration-grid,https://skillry.dev/skills/bs-hero-integration-grid,skillry_skill,skill,html,html,"[""product_promo"", ""typography""]",locked_excerpt,public_http,premium,499,False,,2026-09-30T00:40:12.839013+00:00,4795f5d24227662b3e301a6a7b0c6f55e83ee7bfad71631344b2f9b2d7ee2113,
a6d35c25-a67e-4f75-b29b-9ae07e8bbc86,bs-hero-single-frame,Single Frame Hero,,Skillry,https://skillry.dev/skills/bs-hero-single-frame,https://skillry.dev/skills/bs-hero-single-frame,skillry_skill,skill,html,html,"[""product_promo"", ""typography""]",locked_excerpt,public_http,premium,499,False,,2026-09-30T00:40:12.467190+00:00,39ea950445caa9562a0ead4b746cb00039512bdcafb0ae6b87d1e49556d3cb11,
ddee9b76-0368-4f11-8916-6933f936b221,bs-testimonial-colour-blocks,Colour Block Testimonials,,Skillry,https://skillry.dev/skills/bs-testimonial-colour-blocks,https://skillry.dev/skills/bs-testimonial-colour-blocks,skillry_skill,skill,html,html,"[""product_promo"", ""3d""]",locked_excerpt,public_http,premium,499,False,,2026-09-30T00:40:12.894563+00:00,ca37943ccb98872c8d02c029c2034f25ffd85ae388d2500f280462fb82513c38,
aac11387-adf0-46e0-8534-3d3dfd422db4,bs-testimonial-columns,Testimonial Columns,,Skillry,https://skillry.dev/skills/bs-testimonial-columns,https://skillry.dev/skills/bs-testimonial-columns,skillry_skill,skill,html,html,"[""product_promo"", ""3d""]",locked_excerpt,public_http,premium,499,False,,2026-09-30T00:40:13.783530+00:00,cf6d2973bb1b90d5e69a7e4d9a9b06e59200cf4a0b9ec1d53e9525ecc7883f83,
7925d84c-6557-4bc8-aae0-3d0ca45b407a,bs-testimonial-compact-grid,Compact Testimonial Grid,,Skillry,https://skillry.dev/skills/bs-testimonial-compact-grid,https://skillry.dev/skills/bs-testimonial-compact-grid,skillry_skill,skill,html,html,"[""product_promo"", ""3d""]",locked_excerpt,public_http,premium,499,False,,2026-09-30T00:40:13.503547+00:00,5009fbcd73958f218a44b0cffb3fd4d39eb09845bf7909e8e5267368bf557966,
2aeb6986-d59b-42fb-901b-60f70d78b776,bs-testimonial-fanned-deck,Fanned Testimonial Deck,,Skillry,https://skillry.dev/skills/bs-testimonial-fanned-deck,https://skillry.dev/skills/bs-testimonial-fanned-deck,skillry_skill,skill,html,html,"[""product_promo"", ""3d""]",locked_excerpt,public_http,premium,499,False,,2026-09-30T00:40:13.769335+00:00,82ad2717c7e794c0e6417fab9b3c7d485ce3eda0beed03c06fb66e9833d75cd3,
acd25119-1b63-401c-880c-d8e16ab10804,bs-testimonial-minimal-carousel,Minimal Testimonial Carousel,,Skillry,https://skillry.dev/skills/bs-testimonial-minimal-carousel,https://skillry.dev/skills/bs-testimonial-minimal-carousel,skillry_skill,skill,html,html,"[""product_promo"", ""3d""]",locked_excerpt,public_http,premium,499,False,,2026-09-30T00:40:13.975967+00:00,f1f383874e5830505899cad671d947d7cb3150d588332dfc6afc41995aaba91a,
be854d5b-2bc9-475c-924d-fdb8048f9a7f,bs-testimonial-mosaic,Feature Testimonial Mosaic,,Skillry,https://skillry.dev/skills/bs-testimonial-mosaic,https://skillry.dev/skills/bs-testimonial-mosaic,skillry_skill,skill,html,html,"[""product_promo""]",locked_excerpt,public_http,premium,499,False,,2026-09-30T00:40:14.499038+00:00,43e2ee94bf3172d4839cc189fcc42f57ba0d0d976a45b3842a16ab205a8451c3,
c9a0d197-228c-4d11-88c9-e92fe1431c54,bs-testimonial-numbered-slider,Numbered Testimonial Slider,,Skillry,https://skillry.dev/skills/bs-testimonial-numbered-slider,https://skillry.dev/skills/bs-testimonial-numbered-slider,skillry_skill,skill,html,html,"[""product_promo""]",locked_excerpt,public_http,premium,499,False,,2026-09-30T00:40:14.917388+00:00,c01e395776e82bc41a68f8e1ae5ddb902011f2d209de2b11da0ea56785dc9a7b,
cf377bd3-f78b-4005-b733-9cbd7de09b9c,bs-testimonial-orbiting-portraits,Orbiting Portrait Testimonials,,Skillry,https://skillry.dev/skills/bs-testimonial-orbiting-portraits,https://skillry.dev/skills/bs-testimonial-orbiting-portraits,skillry_skill,skill,html,html,"[""product_promo""]",locked_excerpt,public_http,premium,499,False,,2026-09-30T00:40:14.878932+00:00,a24444661cbf9206d52a69f1e912a7906ae269445f13d31edc7edd062384a4bb,
2f1f6cb0-dd10-40f5-9dbc-15742d583696,bs-testimonial-portrait-overlay,Portrait Overlay Testimonials,,Skillry,https://skillry.dev/skills/bs-testimonial-portrait-overlay,https://skillry.dev/skills/bs-testimonial-portrait-overlay,skillry_skill,skill,html,html,"[""product_promo""]",locked_excerpt,public_http,premium,499,False,,2026-09-30T00:40:15.336625+00:00,8796f824841bc9324cebb238fb44135fe0dca2df31271e519add41898ffb3c68,
b1d6d256-162d-40e9-a2e1-17e19430b215,bs-testimonial-portrait-switcher,Portrait Switcher Testimonials,,Skillry,https://skillry.dev/skills/bs-testimonial-portrait-switcher,https://skillry.dev/skills/bs-testimonial-portrait-switcher,skillry_skill,skill,html,html,"[""product_promo"", ""3d""]",locked_excerpt,public_http,premium,499,False,,2026-09-30T00:40:15.861881+00:00,164d7afe37cae20ef2d9473c34fae566bffae1004583f096774ea38361682b9a,
c59bcf97-360d-4d67-bf94-b44b39b86de1,bs-testimonial-portrait-tiles,Portrait Tile Testimonials,,Skillry,https://skillry.dev/skills/bs-testimonial-portrait-tiles,https://skillry.dev/skills/bs-testimonial-portrait-tiles,skillry_skill,skill,html,html,"[""product_promo""]",locked_excerpt,public_http,premium,499,False,,2026-09-30T00:40:16.039387+00:00,79fd25e04ffe790753a28e2a645905615af9ea1e75b7d9b8dd38426c084efe00,
afce00f7-8520-4e57-b625-05aeea4887f5,bs-testimonial-profile-reel,Profile Card Testimonial Reel,,Skillry,https://skillry.dev/skills/bs-testimonial-profile-reel,https://skillry.dev/skills/bs-testimonial-profile-reel,skillry_skill,skill,html,html,"[""product_promo""]",locked_excerpt,public_http,premium,499,False,,2026-09-30T00:40:16.263805+00:00,29661a070003e90d2ffb584e6db660f700ada0b9f76c913f7d471548123f8ab7,
85749f59-2104-4e18-942f-19650377de7b,bs-testimonial-rated-row,Rated Testimonial Row,,Skillry,https://skillry.dev/skills/bs-testimonial-rated-row,https://skillry.dev/skills/bs-testimonial-rated-row,skillry_skill,skill,html,html,"[""product_promo""]",locked_excerpt,public_http,premium,499,False,,2026-09-30T00:40:19.620919+00:00,22de31df3f8a92948acd92640ed14004619f9bd40c055c978a2bd61bfea0738d,
803a3b17-cdf0-484b-b21a-ebbf4e105a30,bs-testimonial-single-card,Single Testimonial Card,,Skillry,https://skillry.dev/skills/bs-testimonial-single-card,https://skillry.dev/skills/bs-testimonial-single-card,skillry_skill,skill,html,html,"[""product_promo""]",locked_excerpt,public_http,premium,499,False,,2026-09-30T00:40:16.856125+00:00,647c14390a961bce945ca60670f8dfb45a9f159b3e753162c3eb8990bc3e340f,
a87f38cb-777b-46ba-9893-6f2736e614a5,bs-testimonial-social-feed,Social Feed Testimonials,,Skillry,https://skillry.dev/skills/bs-testimonial-social-feed,https://skillry.dev/skills/bs-testimonial-social-feed,skillry_skill,skill,html,html,"[""product_promo"", ""3d""]",locked_excerpt,public_http,premium,499,False,,2026-09-30T00:40:17.096405+00:00,642d7c8c19d1b0f0a6f4c12d657c5e931d285711395ca5465dbc056456b5a3fa,
9a564ac4-4b29-4fc9-8243-dca7c1acc1c0,bs-testimonial-tilted-card,Tilted Testimonial Card,,Skillry,https://skillry.dev/skills/bs-testimonial-tilted-card,https://skillry.dev/skills/bs-testimonial-tilted-card,skillry_skill,skill,html,html,"[""product_promo"", ""3d""]",locked_excerpt,public_http,premium,499,False,,2026-09-30T00:40:17.441147+00:00,d8082876429365fcd81085c26edf7142232dd43ea78411a4f3e72f1e4dea05dc,
6d1a42c9-591e-461e-8905-004317ed8cc1,bs-testimonial-tilted-stack,Tilted Photo Testimonials,,Skillry,https://skillry.dev/skills/bs-testimonial-tilted-stack,https://skillry.dev/skills/bs-testimonial-tilted-stack,skillry_skill,skill,html,html,"[""product_promo""]",locked_excerpt,public_http,premium,499,False,,2026-09-30T00:40:17.913734+00:00,728d858b7d79512f1f03ffc4e43b6ae032f451f8fa78b258e94e9df935bb613a,
fdd7669c-21ef-4bcf-b84f-8c90df5eab46,bs-testimonial-typed-row,Typed Testimonial Row,,Skillry,https://skillry.dev/skills/bs-testimonial-typed-row,https://skillry.dev/skills/bs-testimonial-typed-row,skillry_skill,skill,html,html,"[""product_promo"", ""3d""]",locked_excerpt,public_http,premium,499,False,,2026-09-30T00:40:18.118629+00:00,81e935b02e54ff14b8a77c64a26f94b5e14bcc15b3088b6cdba60ef01f3dec40,
1075728c-e45e-4481-85bb-b0e94c56f279,bs-meta-style-og,Meta Style OG Image,,Skillry,https://skillry.dev/skills/bs-meta-style-og,https://skillry.dev/skills/bs-meta-style-og,skillry_skill,skill,image,image,"[""product_promo"", ""typography"", ""charts_maps""]",locked_excerpt,public_http,premium,499,False,,2026-09-30T00:40:18.542876+00:00,3eccf0a330610edc4feb5d8d45441fb497bae3d7286880f75635db7ff463dc6d,
08ba4eff-8e17-4d5e-a202-7c6ec56b7c62,bs-airbnb-style-og,Airbnb Style OG Image,,Skillry,https://skillry.dev/skills/bs-airbnb-style-og,https://skillry.dev/skills/bs-airbnb-style-og,skillry_skill,skill,image,image,"[""product_promo"", ""typography"", ""charts_maps""]",locked_excerpt,public_http,premium,499,False,,2026-09-30T00:40:19.016809+00:00,2c694ff70ca5e8b722c3d41df013e7142c748a2332ebb53122c06267f7a117cf,
9aef1aaf-4ce6-42c4-affa-a6d74c6b5dbb,bs-goodnotes-style-og,Goodnotes Style OG Image,,Skillry,https://skillry.dev/skills/bs-goodnotes-style-og,https://skillry.dev/skills/bs-goodnotes-style-og,skillry_skill,skill,image,image,"[""product_promo"", ""typography"", ""charts_maps""]",locked_excerpt,public_http,premium,499,False,,2026-09-30T00:40:19.203043+00:00,3e36bd85bbc30fbcca7a347ff162656bb3f22e0479677bbf4f3277924142c16e,
fc0945ae-8415-49e7-af52-012fd46f1a2f,bs-golden-market-deck,Golden Market Deck,,Skillry,https://skillry.dev/skills/bs-golden-market-deck,https://skillry.dev/skills/bs-golden-market-deck,skillry_skill,skill,presentation,presentation,"[""characters""]",locked_excerpt,public_http,premium,499,False,,2026-09-30T00:40:20.159267+00:00,8e084d68c00ab863eeffab26549215e7aa9ecffbb858353fa39f9f1506fc12ff,
bedd3869-52d3-40e0-b2d2-6ad8c5ea51b8,bs-blue-lime-ledger-deck,Blue Lime Ledger Deck,,Skillry,https://skillry.dev/skills/bs-blue-lime-ledger-deck,https://skillry.dev/skills/bs-blue-lime-ledger-deck,skillry_skill,skill,presentation,presentation,"[""characters"", ""charts_maps""]",locked_excerpt,public_http,premium,499,False,,2026-09-30T00:40:20.010167+00:00,3c1bbe0767f2c991d2a68544840ebab44f6c02484a243fcdd8d4598d3947a89a,
f50e1cee-7111-439f-b56f-2bd2501d35eb,bs-confetti-gathering-deck,Confetti Gathering Deck,,Skillry,https://skillry.dev/skills/bs-confetti-gathering-deck,https://skillry.dev/skills/bs-confetti-gathering-deck,skillry_skill,skill,presentation,presentation,"[""explainer"", ""typography"", ""characters""]",full_public_instruction,public_http,free,0,False,,2026-09-30T00:40:21.128292+00:00,eba054675d0a99927f7fd7a9dd849ca849af7c627c9567aa0a406704fa1377dc,
63fb3acd-b5b0-43ca-8e42-122f41831ce4,bs-annotated-wash-diagram,Annotated Wash Diagram,,Skillry,https://skillry.dev/skills/bs-annotated-wash-diagram,https://skillry.dev/skills/bs-annotated-wash-diagram,skillry_skill,skill,image,image,"[""explainer"", ""product_promo""]",locked_excerpt,public_http,premium,499,False,,2026-09-30T00:40:20.684709+00:00,e361f1b27e2116007b73a56f4a2bb8b382d0ad7519f4fa10e9654c1d6c620b0d,
38b65052-6637-4342-af22-f7c2bac28f63,bs-openai-style-poster,OpenAI Style Poster,,Skillry,https://skillry.dev/skills/bs-openai-style-poster,https://skillry.dev/skills/bs-openai-style-poster,skillry_skill,skill,image,image,"[""product_promo"", ""typography"", ""charts_maps""]",locked_excerpt,public_http,premium,499,False,,2026-09-30T00:40:21.018590+00:00,b5cae2ba87e12a8a67928ddd3ff076b4678451de1e73fe6203150350afc23b60,
0e9d86b9-0ee9-4edd-9d1a-9df40e6dc881,bs-vaultic-fintech-landing,Vaultic Fintech Landing,,Skillry,https://skillry.dev/skills/bs-vaultic-fintech-landing,https://skillry.dev/skills/bs-vaultic-fintech-landing,skillry_skill,skill,html,html,"[""product_promo"", ""typography""]",locked_excerpt,public_http,premium,499,False,,2026-09-30T00:40:21.322251+00:00,4b31a12df4692e2904b36caa67a47aa67e0e7d84d97bfb261fe49c7710d69444,
505c4ee0-d922-41d9-a552-01c184b455ab,bs-tracklane-devtool-landing,Tracklane Devtool Landing,,Skillry,https://skillry.dev/skills/bs-tracklane-devtool-landing,https://skillry.dev/skills/bs-tracklane-devtool-landing,skillry_skill,skill,html,html,"[""product_promo"", ""typography""]",locked_excerpt,public_http,premium,499,False,,2026-09-30T00:40:21.834808+00:00,aa10bac841dcaf32a7ebf143acf8aa837df3968d9af7cda7736aeb929b350b36,
8450e723-484b-45e0-82d2-a78172f1477a,bs-loopwise-saas-landing,Loopwise SaaS Landing,,Skillry,https://skillry.dev/skills/bs-loopwise-saas-landing,https://skillry.dev/skills/bs-loopwise-saas-landing,skillry_skill,skill,html,html,"[""product_promo"", ""typography""]",locked_excerpt,public_http,premium,499,False,,2026-09-30T00:40:25.027286+00:00,e81eba68bc225d78d8eecd78d78e175147951e8c60ba01b0b388f5c6278f9930,
51fcde06-9750-479c-855a-72d52df17e5b,bs-stillline-insight-card,Stillline Insight Card,,Skillry,https://skillry.dev/skills/bs-stillline-insight-card,https://skillry.dev/skills/bs-stillline-insight-card,skillry_skill,skill,image,image,"[""explainer"", ""typography"", ""charts_maps""]",locked_excerpt,public_http,premium,499,False,,2026-09-30T00:40:22.270398+00:00,99d47790bc7c208281b13300b5aa18f62c4348587da639ad0821919e456bb8e3,
ee975ba3-8bf3-4328-a663-475d73ca4c01,bs-split-frame-portfolio,Split Frame Portfolio,,Skillry,https://skillry.dev/skills/bs-split-frame-portfolio,https://skillry.dev/skills/bs-split-frame-portfolio,skillry_skill,skill,html,html,[],locked_excerpt,public_http,premium,499,False,,2026-09-30T00:40:22.502026+00:00,dfb64aa2243d4a75424d43805e3937cc7ef6fd93bd899109b491e03144ca09ab,
9f57a7a1-c395-403a-869e-0f88e818c4d8,bs-skyline-developer-journal,Skyline Developer Journal,,Skillry,https://skillry.dev/skills/bs-skyline-developer-journal,https://skillry.dev/skills/bs-skyline-developer-journal,skillry_skill,skill,html,html,"[""product_promo""]",locked_excerpt,public_http,premium,499,False,,2026-09-30T00:40:22.883005+00:00,86668617da639327d07941f2b8fda09a5c9adb935f49c91cd4ace506843e7f06,
033bbe05-52ad-49dc-a4f8-a943e9055b3f,bs-quartz-saas-landing,Quartz SaaS Landing,,Skillry,https://skillry.dev/skills/bs-quartz-saas-landing,https://skillry.dev/skills/bs-quartz-saas-landing,skillry_skill,skill,html,html,"[""product_promo"", ""typography""]",locked_excerpt,public_http,premium,499,False,,2026-09-30T00:40:23.361207+00:00,829620783f73ff3ab7cf9b83f67c7feec121a58bbc50b62e8437764f7aab6fd5,
a5488a76-2652-408a-b362-9f8629d53909,bs-paperline-content-illustrator,Paperline Content Illustrator,,Skillry,https://skillry.dev/skills/bs-paperline-content-illustrator,https://skillry.dev/skills/bs-paperline-content-illustrator,skillry_skill,skill,image,image,"[""explainer"", ""product_promo"", ""typography"", ""characters"", ""charts_maps""]",locked_excerpt,public_http,premium,499,False,,2026-09-30T00:40:23.570045+00:00,453cb380f6854d7a0e954503026da24e7aa18617b2ea332c4d900252f8d464e9,
3d4b6f1b-a27b-4a2f-b45a-6c5424d743e9,bs-orbit-startup-landing,Orbit Startup Landing,,Skillry,https://skillry.dev/skills/bs-orbit-startup-landing,https://skillry.dev/skills/bs-orbit-startup-landing,skillry_skill,skill,html,html,"[""product_promo"", ""typography""]",locked_excerpt,public_http,premium,499,False,,2026-09-30T00:40:23.878026+00:00,85da140895958b3e69d6c6a867a0337e08fb6dbba58493fed3973ba8fed34d45,
d27e4f45-0a19-497c-9d6a-7f4c2f89fbf4,bs-orbit-admin-dashboard,Orbit Admin Dashboard,,Skillry,https://skillry.dev/skills/bs-orbit-admin-dashboard,https://skillry.dev/skills/bs-orbit-admin-dashboard,skillry_skill,skill,html,html,"[""product_promo""]",locked_excerpt,public_http,premium,499,False,,2026-09-30T00:40:24.411241+00:00,7f67a23dfd7beb707478f8a8447609e74783ca31e9de7076e4422b82986fdfe4,
d3f725a8-b93b-4774-939d-8f7e51b414b8,bs-opsdeck-admin-kit,Opsdeck Admin Kit,,Skillry,https://skillry.dev/skills/bs-opsdeck-admin-kit,https://skillry.dev/skills/bs-opsdeck-admin-kit,skillry_skill,skill,html,html,"[""product_promo"", ""charts_maps""]",locked_excerpt,public_http,premium,499,False,,2026-09-30T00:40:24.597522+00:00,6c174674af60db812291434936e4282543b6dc5ffc0de98e1b3ee9ecda107911,
bbf914eb-a795-4d9e-ab7b-aaac9b768d14,bs-molten-glass-landing,Molten Glass Landing,,Skillry,https://skillry.dev/skills/bs-molten-glass-landing,https://skillry.dev/skills/bs-molten-glass-landing,skillry_skill,skill,html,html,"[""product_promo"", ""typography"", ""3d""]",locked_excerpt,public_http,premium,499,False,,2026-09-30T00:40:24.923817+00:00,a0cf0f618047b92f76aed85232822553e482ea6affeeae10cbfdc66068282c70,
e0d018d1-7998-43ee-8314-de0cff301db3,bs-meridian-marketing-landing,Meridian Marketing Landing,,Skillry,https://skillry.dev/skills/bs-meridian-marketing-landing,https://skillry.dev/skills/bs-meridian-marketing-landing,skillry_skill,skill,html,html,"[""product_promo"", ""typography"", ""charts_maps""]",locked_excerpt,public_http,premium,499,False,,2026-09-30T00:40:25.414319+00:00,0a50ebad08d19b20dc966abe13038963ffaa82f73063dc32ecc39a06d8abba81,
69e1c353-ba23-4037-b31d-c51a89cc3fbf,bs-lumen-agency-landing,Lumen Agency Landing,,Skillry,https://skillry.dev/skills/bs-lumen-agency-landing,https://skillry.dev/skills/bs-lumen-agency-landing,skillry_skill,skill,html,html,"[""product_promo"", ""typography""]",locked_excerpt,public_http,premium,499,False,,2026-09-30T00:40:25.689619+00:00,4ef488f46969298a66c807f870fcb8dd4ee0adee0b5f65be39806a302d52f7ec,
383e0ffa-1e5b-434e-ba9a-78daf2cfde7a,bs-confetti-marketing-landing,Confetti Marketing Landing,,Skillry,https://skillry.dev/skills/bs-confetti-marketing-landing,https://skillry.dev/skills/bs-confetti-marketing-landing,skillry_skill,skill,html,html,"[""product_promo"", ""typography"", ""charts_maps""]",locked_excerpt,public_http,premium,499,False,,2026-09-30T00:40:26.589861+00:00,36110e0e3cc3f0f90d6949f88cb7f8ceb72a5cd6ea6d93a0c8bb8bf51d0727df,
b397904d-c2e4-4699-9172-e3b4883837a9,bs-bluewave-podcast-site,Bluewave Podcast Site,,Skillry,https://skillry.dev/skills/bs-bluewave-podcast-site,https://skillry.dev/skills/bs-bluewave-podcast-site,skillry_skill,skill,html,html,"[""product_promo""]",locked_excerpt,public_http,premium,499,False,,2026-09-30T00:40:26.065606+00:00,fbd9d4cce6f9d08221164659550ea97dbfd5c0e85ade01dd2be853ce6663949b,
19263193-df46-4540-a217-38d7000a6568,bs-aurawave-audio-landing,Aurawave Audio Landing,,Skillry,https://skillry.dev/skills/bs-aurawave-audio-landing,https://skillry.dev/skills/bs-aurawave-audio-landing,skillry_skill,skill,html,html,"[""product_promo"", ""typography"", ""background_removal""]",locked_excerpt,public_http,premium,499,False,,2026-09-30T00:40:27.280109+00:00,9c2868bfa6d173c3272cb787bec399ab4e5d8f1669ed55457dfce361ae47501c,
27f8610f-41de-4fdb-8de7-34c4e7ab87f3,bs-allegorical-engraving-cover,Allegorical Engraving Cover,,Skillry,https://skillry.dev/skills/bs-allegorical-engraving-cover,https://skillry.dev/skills/bs-allegorical-engraving-cover,skillry_skill,skill,image,image,"[""explainer"", ""product_promo"", ""typography"", ""characters""]",locked_excerpt,public_http,premium,499,False,,2026-09-30T00:40:26.705013+00:00,9bd799bc97bc6191a8227382cb51cf812c6402c2deb22a845ae00203e689743d,
6e3dc489-ead8-4965-aca0-f8099db33c0b,bs-sketchnote-pricing,Sketchnote Pricing,,Skillry,https://skillry.dev/skills/bs-sketchnote-pricing,https://skillry.dev/skills/bs-sketchnote-pricing,skillry_skill,skill,html,html,"[""product_promo""]",locked_excerpt,public_http,premium,499,False,,2026-09-30T00:40:27.242939+00:00,214da6d52ed9efc6e3e9633ea3a0056bc1d37f536eb5b32d2596cac74e7eb9b7,
aa7dbbf9-bd1f-48a7-8cb7-f3922d5593f8,bs-red-black-zine-deck,Red Black Zine Deck,,Skillry,https://skillry.dev/skills/bs-red-black-zine-deck,https://skillry.dev/skills/bs-red-black-zine-deck,skillry_skill,skill,presentation,presentation,"[""typography""]",locked_excerpt,public_http,premium,499,False,,2026-09-30T00:40:27.596651+00:00,7f6608822cb536d1f7cd51796c30b2b67ac80c59799025b32533c4c39d165deb,
026c1f95-2b7a-4420-90fd-eabed94be0e7,bs-starlit-deck,Starlit Deck,,Skillry,https://skillry.dev/skills/bs-starlit-deck,https://skillry.dev/skills/bs-starlit-deck,skillry_skill,skill,presentation,presentation,"[""product_promo"", ""typography""]",locked_excerpt,public_http,premium,499,False,,2026-09-30T00:40:27.757852+00:00,48357b452e767a7fe6cd39bba716eabbc41dd81087896ad5c51eac83da5620d2,
45b4fade-2e05-4812-9e4a-beecd36d6261,bs-tessellated-editorial-still-life,Tessellated Editorial Still Life,,Skillry,https://skillry.dev/skills/bs-tessellated-editorial-still-life,https://skillry.dev/skills/bs-tessellated-editorial-still-life,skillry_skill,skill,image,image,[],locked_excerpt,public_http,premium,499,False,,2026-09-30T00:40:28.343954+00:00,68ea828268b40775992a2826357e0f4e05fc22ec43c8e0b87f3f2e7348efa403,
b17a9599-1db4-4e7a-99ed-2b61ee650cb9,bs-data-visualization-spectrum-monitor,Spectrum Monitor Chart,,Skillry,https://skillry.dev/skills/bs-data-visualization-spectrum-monitor,https://skillry.dev/skills/bs-data-visualization-spectrum-monitor,skillry_skill,skill,html,html,"[""product_promo"", ""charts_maps""]",locked_excerpt,public_http,premium,499,False,,2026-09-30T00:40:28.883242+00:00,e230ac2bad2615f51452225c9d25b344f82dd967636725b15e50a465ebe9b6a6,
4bb7d773-da49-4101-989a-f2aebcb211cc,bs-nike-style-og,Nike Style OG Image,,Skillry,https://skillry.dev/skills/bs-nike-style-og,https://skillry.dev/skills/bs-nike-style-og,skillry_skill,skill,image,image,"[""product_promo"", ""typography"", ""charts_maps""]",locked_excerpt,public_http,premium,499,False,,2026-09-30T00:40:28.631197+00:00,731f36add6350209efe393feda764e611c563091a97d9e90e41256fd49a43bc3,
35bb9b43-9ef3-46ed-8ac8-5875d5f764bc,bs-shopify-style-og,Shopify Style OG Image,,Skillry,https://skillry.dev/skills/bs-shopify-style-og,https://skillry.dev/skills/bs-shopify-style-og,skillry_skill,skill,image,image,"[""product_promo"", ""typography"", ""charts_maps""]",locked_excerpt,public_http,premium,499,False,,2026-09-30T00:40:28.719784+00:00,95f6c01a51231c38685c9e17090559c14e981796b1ee554a04ecff77a4b686f4,
a7d1e0b4-e3d3-436c-b110-a8859647e0cb,bs-discord-style-og,Discord Style OG Image,,Skillry,https://skillry.dev/skills/bs-discord-style-og,https://skillry.dev/skills/bs-discord-style-og,skillry_skill,skill,image,image,"[""product_promo"", ""typography"", ""characters"", ""charts_maps""]",locked_excerpt,public_http,premium,499,False,,2026-09-30T00:40:29.432226+00:00,465f20f45b03f5448456d7d90089bd864de21835f0d03036da586f627ec797b2,
0a0bf117-c554-4f7d-b3dc-3c93a6166139,bs-slack-style-og,Slack Style OG Image,,Skillry,https://skillry.dev/skills/bs-slack-style-og,https://skillry.dev/skills/bs-slack-style-og,skillry_skill,skill,image,image,"[""product_promo"", ""typography"", ""charts_maps""]",locked_excerpt,public_http,premium,499,False,,2026-09-30T00:40:29.593051+00:00,70b343d81dbec949d2e41af2937d76b54da5949a61e9864d98813add0358befc,
8b0a22f5-004f-41f5-874d-e82b69b9f5d8,bs-duolingo-style-og,Duolingo Style OG Image,,Skillry,https://skillry.dev/skills/bs-duolingo-style-og,https://skillry.dev/skills/bs-duolingo-style-og,skillry_skill,skill,image,image,"[""product_promo"", ""typography"", ""charts_maps""]",locked_excerpt,public_http,premium,499,False,,2026-09-30T00:40:29.704709+00:00,fa75d3370caf50ef1e4e53b093545f98cbb2b83ad40fa912810b441b446aa1db,
11248214-9824-4d07-a9a1-e34f87a4234e,bs-figma-style-og,Figma Style OG Image,,Skillry,https://skillry.dev/skills/bs-figma-style-og,https://skillry.dev/skills/bs-figma-style-og,skillry_skill,skill,image,image,"[""product_promo"", ""typography"", ""charts_maps""]",locked_excerpt,public_http,premium,499,False,,2026-09-30T00:40:30.026759+00:00,54493010c4b03693808e6c43c0540470fae6f4d46a1433f09e1ed7ba2490d772,
792e3538-2441-4031-afc1-677471365014,bs-grammarly-style-og,Grammarly Style OG Image,,Skillry,https://skillry.dev/skills/bs-grammarly-style-og,https://skillry.dev/skills/bs-grammarly-style-og,skillry_skill,skill,image,image,"[""product_promo"", ""typography"", ""charts_maps""]",locked_excerpt,public_http,premium,499,False,,2026-09-30T00:40:30.531940+00:00,81ac553e31aa2641ad0fc677191a6a297ee35d1fbed45c828a71d507ea3e29ca,
25d51a04-e946-49ac-816d-e6461e19cd3b,bs-github-style-og,GitHub Style OG Image,,Skillry,https://skillry.dev/skills/bs-github-style-og,https://skillry.dev/skills/bs-github-style-og,skillry_skill,skill,image,image,"[""product_promo"", ""typography"", ""charts_maps""]",locked_excerpt,public_http,premium,499,False,,2026-09-30T00:40:30.761602+00:00,b00281947c643714bf0ca60e8a3c649d8ae79cea8cf8db93124f9ea2e99dacf2,
79c603d4-537e-493b-9645-2ec78ef01bcc,bs-stripe-style-og,Stripe Style OG Image,,Skillry,https://skillry.dev/skills/bs-stripe-style-og,https://skillry.dev/skills/bs-stripe-style-og,skillry_skill,skill,image,image,"[""product_promo"", ""typography"", ""charts_maps""]",locked_excerpt,public_http,premium,499,False,,2026-09-30T00:40:30.769045+00:00,7f5e2a2f97f3dd80063f34065acc07d22631fa514db1304d385addad98600732,
ee9d1467-b60d-4fa0-80ad-be2db2b6b975,bs-openai-style-og,OpenAI Style OG Image,,Skillry,https://skillry.dev/skills/bs-openai-style-og,https://skillry.dev/skills/bs-openai-style-og,skillry_skill,skill,image,image,"[""product_promo"", ""typography"", ""charts_maps""]",locked_excerpt,public_http,premium,499,False,,2026-09-30T00:40:31.144995+00:00,0edf87e66267d7a283847664e13c1abc06d8645eeb2e185e1f7c1b4be12aa100,
84a1124f-278f-4a50-914b-ae599f1008c9,bs-spotify-style-og,Spotify Style OG Image,,Skillry,https://skillry.dev/skills/bs-spotify-style-og,https://skillry.dev/skills/bs-spotify-style-og,skillry_skill,skill,image,image,"[""product_promo"", ""typography"", ""charts_maps""]",locked_excerpt,public_http,premium,499,False,,2026-09-30T00:40:31.633824+00:00,0e7c31cbfbf482736f42eda65f12d52356233955c4c47aae28cf4b7ba564a717,
12e29a3c-73be-45e6-a585-341d94631c21,bs-cash-app-style-og,Cash App Style OG Image,,Skillry,https://skillry.dev/skills/bs-cash-app-style-og,https://skillry.dev/skills/bs-cash-app-style-og,skillry_skill,skill,image,image,"[""product_promo"", ""typography"", ""charts_maps""]",locked_excerpt,public_http,premium,499,False,,2026-09-30T00:40:31.812066+00:00,e953e8169c080dc5bf5aa6334d2e2608521f99cb528b998f5ebf7278c37bc926,
a29d97d1-4469-4243-83fa-eb911604351f,bs-square-style-og,Square Style OG Image,,Skillry,https://skillry.dev/skills/bs-square-style-og,https://skillry.dev/skills/bs-square-style-og,skillry_skill,skill,image,image,"[""product_promo"", ""typography"", ""charts_maps""]",locked_excerpt,public_http,premium,499,False,,2026-09-30T00:40:31.823489+00:00,a5465f9ac3c83be45d8aa93e8db1f48eb34c7f46f7236894cb78a8272f56b3ff,
1019813b-9e46-4d46-a5b8-741d793996da,bs-webflow-style-og,Webflow Style OG Image,,Skillry,https://skillry.dev/skills/bs-webflow-style-og,https://skillry.dev/skills/bs-webflow-style-og,skillry_skill,skill,image,image,"[""product_promo"", ""typography"", ""charts_maps""]",locked_excerpt,public_http,premium,499,False,,2026-09-30T00:40:32.178202+00:00,d3d62a1cc68c2a56caf7cfbd86b587fa02f1a9b5113fac4ab5a9b83243d98a12,
dc98a724-c9d0-40a0-b7ec-82e4a8c9fb58,bs-vercel-style-og,Vercel Style OG Image,,Skillry,https://skillry.dev/skills/bs-vercel-style-og,https://skillry.dev/skills/bs-vercel-style-og,skillry_skill,skill,image,image,"[""product_promo"", ""typography"", ""charts_maps""]",locked_excerpt,public_http,premium,499,False,,2026-09-30T00:40:33.195146+00:00,48b63773688de89142c4a655c37476644daa30152a72eb46ce8f00dadd922068,
f458a587-a15c-469e-861d-c871bab63e07,bs-todoist-style-og,Todoist Style OG Image,,Skillry,https://skillry.dev/skills/bs-todoist-style-og,https://skillry.dev/skills/bs-todoist-style-og,skillry_skill,skill,image,image,"[""product_promo"", ""typography"", ""charts_maps""]",locked_excerpt,public_http,premium,499,False,,2026-09-30T00:40:33.054709+00:00,371dd223c63188a697e91003a68b2abaead13ceba61c9c41de8eb68701bd5609,
3ebe92cb-4ac6-46fe-8bb7-a16057fc4a0c,bs-mailchimp-style-og,Mailchimp Style OG Image,,Skillry,https://skillry.dev/skills/bs-mailchimp-style-og,https://skillry.dev/skills/bs-mailchimp-style-og,skillry_skill,skill,image,image,"[""product_promo"", ""typography"", ""charts_maps""]",locked_excerpt,public_http,premium,499,False,,2026-09-30T00:40:32.905736+00:00,7965e2c971cfaaa3c98737530ad6d249d012550c44c8cf1315794f7b55ca010f,
3a91c3df-4a23-465c-bb1d-d8ff20310a80,bs-asana-style-og,Asana Style OG Image,,Skillry,https://skillry.dev/skills/bs-asana-style-og,https://skillry.dev/skills/bs-asana-style-og,skillry_skill,skill,image,image,"[""product_promo"", ""typography"", ""charts_maps""]",locked_excerpt,public_http,premium,499,False,,2026-09-30T00:40:33.220170+00:00,4306da100a1dcb7b499a3d424ff10272cb92f2defe43c40c7d3a3506792bc603,
9e6a670d-feee-4f38-859c-70fdd61f512f,bs-upwork-style-og,Upwork Style OG Image,,Skillry,https://skillry.dev/skills/bs-upwork-style-og,https://skillry.dev/skills/bs-upwork-style-og,skillry_skill,skill,image,image,"[""product_promo"", ""typography"", ""characters"", ""charts_maps""]",locked_excerpt,public_http,premium,499,False,,2026-09-30T00:40:34.154682+00:00,e3662a87960ac60b6fa8b53a2850033de133a4033cb0da1b0c20438c15126bfa,
cbbf64d2-05ae-4ac4-8f48-6de8515e30c6,bs-wise-style-og,Wise Style OG Image,,Skillry,https://skillry.dev/skills/bs-wise-style-og,https://skillry.dev/skills/bs-wise-style-og,skillry_skill,skill,image,image,"[""product_promo"", ""typography"", ""charts_maps""]",locked_excerpt,public_http,premium,499,False,,2026-09-30T00:40:34.386906+00:00,fe38b4d31bd01269c5c63dc8dce91b8921eff3e11653f3f042f23581645c34b5,
12c11acb-30f1-4e4a-9907-e43665b1953d,bs-revolut-style-og,Revolut Style OG Image,,Skillry,https://skillry.dev/skills/bs-revolut-style-og,https://skillry.dev/skills/bs-revolut-style-og,skillry_skill,skill,image,image,"[""product_promo"", ""typography"", ""charts_maps""]",locked_excerpt,public_http,premium,499,False,,2026-09-30T00:40:34.358412+00:00,297b1045d15831978654ce0cf8665859c0de3889dbd1f1cf9544a038b955afb4,
240e34b7-2fd9-473d-aa1d-52360b6031d4,bs-klarna-style-og,Klarna Style OG Image,,Skillry,https://skillry.dev/skills/bs-klarna-style-og,https://skillry.dev/skills/bs-klarna-style-og,skillry_skill,skill,image,image,"[""product_promo"", ""typography"", ""charts_maps""]",locked_excerpt,public_http,premium,499,False,,2026-09-30T00:40:34.381400+00:00,e089ff52b02bbe16546dbc1792e16ec141dd4def6cbe8fe41f2614b5602c2dcf,
34a427ed-87ec-4af1-914f-c8cc587376b3,bs-solana-style-og,Solana Style OG Image,,Skillry,https://skillry.dev/skills/bs-solana-style-og,https://skillry.dev/skills/bs-solana-style-og,skillry_skill,skill,image,image,"[""product_promo"", ""typography"", ""charts_maps""]",locked_excerpt,public_http,premium,499,False,,2026-09-30T00:40:35.411124+00:00,503ee370448f770dedf1d5ef3e82df7e7a921e78a41b5aaa6f21094b44b35222,
a0c091ba-fbcf-46c6-b590-c9e0514d9f37,bs-auth0-style-og,Auth0 Style OG Image,,Skillry,https://skillry.dev/skills/bs-auth0-style-og,https://skillry.dev/skills/bs-auth0-style-og,skillry_skill,skill,image,image,"[""product_promo"", ""typography"", ""charts_maps""]",locked_excerpt,public_http,premium,499,False,,2026-09-30T00:40:35.666475+00:00,1b87328aed2f33bbef204bbc2ded1ec8a853c1b28cc1cbd002967087e3fcb65c,
0ff38b4d-7924-4011-b867-ccef7593b9ee,bs-calendly-style-og,Calendly Style OG Image,,Skillry,https://skillry.dev/skills/bs-calendly-style-og,https://skillry.dev/skills/bs-calendly-style-og,skillry_skill,skill,image,image,"[""product_promo"", ""typography"", ""charts_maps""]",locked_excerpt,public_http,premium,499,False,,2026-09-30T00:40:35.425221+00:00,5715fa7e98a6f2badb559831e1b4352da8ce00c32447e14525fc1bb73f90b668,
05cbfa1a-b27b-4d6f-a45b-7103d417d085,bs-headspace-style-og,Headspace Style OG Image,,Skillry,https://skillry.dev/skills/bs-headspace-style-og,https://skillry.dev/skills/bs-headspace-style-og,skillry_skill,skill,image,image,"[""product_promo"", ""typography"", ""charts_maps""]",locked_excerpt,public_http,premium,499,False,,2026-09-30T00:40:35.392387+00:00,faa9f7eaf283758a512458e83bf2532ff6bb708aef648417f1d18514af0410ae,
16275116-f46d-413a-951c-c10c8bffb84c,bs-loom-style-og,Loom Style OG Image,,Skillry,https://skillry.dev/skills/bs-loom-style-og,https://skillry.dev/skills/bs-loom-style-og,skillry_skill,skill,image,image,"[""product_promo"", ""typography"", ""charts_maps""]",locked_excerpt,public_http,premium,499,False,,2026-09-30T00:40:36.437546+00:00,9c91714394be893edef237b7739a4c75497fe20ae24dc08e9424185002c746ca,
400cfd64-0b45-4e59-a8f4-672c0c7d1ab5,bs-intercom-style-og,Intercom Style OG Image,,Skillry,https://skillry.dev/skills/bs-intercom-style-og,https://skillry.dev/skills/bs-intercom-style-og,skillry_skill,skill,image,image,"[""product_promo"", ""typography"", ""charts_maps""]",locked_excerpt,public_http,premium,499,False,,2026-09-30T00:40:36.427316+00:00,ac51a7038c6848d2b21794612b8eb40f8f2de50eab6a1b22fe9873ddb585ac62,
a4dd5516-7598-4bd8-8919-51502bef5a28,bs-mapbox-style-og,Mapbox Style OG Image,,Skillry,https://skillry.dev/skills/bs-mapbox-style-og,https://skillry.dev/skills/bs-mapbox-style-og,skillry_skill,skill,image,image,"[""product_promo"", ""typography"", ""charts_maps""]",locked_excerpt,public_http,premium,499,False,,2026-09-30T00:40:36.476328+00:00,345d9fb0eb554f5e07595cad6b5171a63c513e4a9b5b619ad2131354d20a2349,
86643eee-6d09-4bcb-9b48-cf2ef1c6d9a7,bs-mixpanel-style-og,Mixpanel Style OG Image,,Skillry,https://skillry.dev/skills/bs-mixpanel-style-og,https://skillry.dev/skills/bs-mixpanel-style-og,skillry_skill,skill,image,image,"[""product_promo"", ""typography"", ""charts_maps""]",locked_excerpt,public_http,premium,499,False,,2026-09-30T00:40:36.721671+00:00,72eea2ba0a6886c1e85b824845029f000711f82127d6fba7f6d0147439e6bab0,
8e79d15c-154c-45ff-848b-a8eea5440936,bs-supabase-style-og,Supabase Style OG Image,,Skillry,https://skillry.dev/skills/bs-supabase-style-og,https://skillry.dev/skills/bs-supabase-style-og,skillry_skill,skill,image,image,"[""product_promo"", ""typography"", ""charts_maps""]",locked_excerpt,public_http,premium,499,False,,2026-09-30T00:40:37.514090+00:00,f829149cecf97bfccef760f42393cf8fe015155bf915cfb2ad4aa68572eec943,
7140b160-4900-42a4-aa3b-a42879029b57,bs-brex-style-og,Brex Style OG Image,,Skillry,https://skillry.dev/skills/bs-brex-style-og,https://skillry.dev/skills/bs-brex-style-og,skillry_skill,skill,image,image,"[""product_promo"", ""typography"", ""charts_maps""]",locked_excerpt,public_http,premium,499,False,,2026-09-30T00:40:37.775493+00:00,8778394b0e959051b3898d88f315b09b250f8f0f703c6e67c26ce15f50375dd1,
adfa3dbb-8c15-4813-8362-456574b0d3c3,bs-plaid-style-og,Plaid Style OG Image,,Skillry,https://skillry.dev/skills/bs-plaid-style-og,https://skillry.dev/skills/bs-plaid-style-og,skillry_skill,skill,image,image,"[""product_promo"", ""typography"", ""charts_maps""]",locked_excerpt,public_http,premium,499,False,,2026-09-30T00:40:37.789971+00:00,4226ff88a643dd3848366063243890fa30bdc7a6d9906d4998c9d25989977deb,
bc37b48d-c509-466b-856c-84343e658550,bs-algolia-style-og,Algolia Style OG Image,,Skillry,https://skillry.dev/skills/bs-algolia-style-og,https://skillry.dev/skills/bs-algolia-style-og,skillry_skill,skill,image,image,"[""product_promo"", ""typography"", ""charts_maps""]",locked_excerpt,public_http,premium,499,False,,2026-09-30T00:40:37.715843+00:00,5ae2370f840c9f6cf1743fa17fdc8a37a71ffebb3bc9adb9bba9cbb8a10c42b6,
d619b05a-90c4-4e41-827b-2fc20c61baa2,bs-ramp-style-og,Ramp Style OG Image,,Skillry,https://skillry.dev/skills/bs-ramp-style-og,https://skillry.dev/skills/bs-ramp-style-og,skillry_skill,skill,image,image,"[""product_promo"", ""typography"", ""charts_maps""]",locked_excerpt,public_http,premium,499,False,,2026-09-30T00:40:38.633293+00:00,db0486130779b0f70b91e7f41ceb86f5ddd2e0ae9895f6cad6dd7f1792b0d953,
59b8c3b3-9b61-4f13-9b8a-c0e9fd19a158,bs-retool-style-og,Retool Style OG Image,,Skillry,https://skillry.dev/skills/bs-retool-style-og,https://skillry.dev/skills/bs-retool-style-og,skillry_skill,skill,image,image,"[""product_promo"", ""typography"", ""charts_maps""]",locked_excerpt,public_http,premium,499,False,,2026-09-30T00:40:38.705004+00:00,794c0bc2307c2538b9a1d9ae9fe51f7ae707aadf52cd8e6d6dd1b2546a70d26d,
0a433759-6f5d-4947-84e2-a29d51d12a80,bs-raycast-style-og,Raycast Style OG Image,,Skillry,https://skillry.dev/skills/bs-raycast-style-og,https://skillry.dev/skills/bs-raycast-style-og,skillry_skill,skill,image,image,"[""product_promo"", ""typography"", ""charts_maps""]",locked_excerpt,public_http,premium,499,False,,2026-09-30T00:40:39.224597+00:00,a1786dadcaddec278de1008c2e03e3bc65d8fa9c74c962fa015ae426b74ec1fd,
2018d6b4-72cf-4a8c-a2be-0d2d7f0a2c9e,bs-linear-style-og,Linear Style OG Image,,Skillry,https://skillry.dev/skills/bs-linear-style-og,https://skillry.dev/skills/bs-linear-style-og,skillry_skill,skill,image,image,"[""product_promo"", ""typography"", ""charts_maps""]",locked_excerpt,public_http,premium,499,False,,2026-09-30T00:40:38.883687+00:00,c72f538698883a9d19baebd0a916d061436d2ee62fc43a814c2e4841b1d52da1,
7c7350c2-b1a4-48b0-ad0a-212ed7fb70d8,bs-runway-style-og,Runway Style OG Image,,Skillry,https://skillry.dev/skills/bs-runway-style-og,https://skillry.dev/skills/bs-runway-style-og,skillry_skill,skill,image,image,"[""product_promo"", ""typography"", ""charts_maps""]",locked_excerpt,public_http,premium,499,False,,2026-09-30T00:40:40.078677+00:00,2ecbd952b22327b0e57f57a4d05ad296efbec88091c0cdfde4e6e35cc715251a,
8f957b34-2766-45d3-99aa-7cb76ef5b45d,bs-a24-style-og,A24 Style OG Image,,Skillry,https://skillry.dev/skills/bs-a24-style-og,https://skillry.dev/skills/bs-a24-style-og,skillry_skill,skill,image,image,"[""product_promo"", ""typography"", ""charts_maps""]",locked_excerpt,public_http,premium,499,False,,2026-09-30T00:40:40.030808+00:00,ae65369d2e662fd7d7e77b523f34e2e305612fb34f9c3357125ac89524b40c27,
ceb446c9-4caf-430c-89c7-43ee551cd37a,bs-procreate-style-og,Procreate Style OG Image,,Skillry,https://skillry.dev/skills/bs-procreate-style-og,https://skillry.dev/skills/bs-procreate-style-og,skillry_skill,skill,image,image,"[""product_promo"", ""typography"", ""charts_maps""]",locked_excerpt,public_http,premium,499,False,,2026-09-30T00:40:40.055266+00:00,c6ecddfe5b9137dbaec3af292f3779ec68a1a645e24694e4e2c4dc93eb2a0bda,
17548319-1ea5-4cd0-b96e-5030b849963f,bs-teenage-engineering-style-og,Teenage Engineering Style OG Image,,Skillry,https://skillry.dev/skills/bs-teenage-engineering-style-og,https://skillry.dev/skills/bs-teenage-engineering-style-og,skillry_skill,skill,image,image,"[""product_promo"", ""typography"", ""charts_maps""]",locked_excerpt,public_http,premium,499,False,,2026-09-30T00:40:40.252235+00:00,3c4fc847b8a3b2449957149bf317ad4af1c120aa134e70461a1a20e04d9aedbe,
a8dfe52c-7d6b-483f-8b06-b35b7f0214ad,bs-material-design-style-og,Material Design Style OG Image,,Skillry,https://skillry.dev/skills/bs-material-design-style-og,https://skillry.dev/skills/bs-material-design-style-og,skillry_skill,skill,image,image,"[""product_promo"", ""typography"", ""charts_maps""]",locked_excerpt,public_http,premium,499,False,,2026-09-30T00:40:41.475717+00:00,d4583dbd29d766a877a4a277927c13ad8a036500eb4bc4cb02168bf307185333,
c1d6f1b9-4153-4cfe-9812-4b3406970a64,bs-inkwell-portfolio,Inkwell Portfolio,,Skillry,https://skillry.dev/skills/bs-inkwell-portfolio,https://skillry.dev/skills/bs-inkwell-portfolio,skillry_skill,skill,html,html,"[""typography""]",locked_excerpt,public_http,premium,499,False,,2026-09-30T00:40:41.152511+00:00,b2bbd5adecd5cc1e7a348f89389eff280251ee3acb85f017337c12a18e0140f5,
a1fcc930-ea2c-461b-9d4b-4bbdb7db94ee,bs-hairline-grid-portfolio,Hairline Grid Portfolio,,Skillry,https://skillry.dev/skills/bs-hairline-grid-portfolio,https://skillry.dev/skills/bs-hairline-grid-portfolio,skillry_skill,skill,html,html,"[""product_promo"", ""charts_maps""]",locked_excerpt,public_http,premium,499,False,,2026-09-30T00:40:41.237782+00:00,de7131399313006d433795ddfee0b8d8131105e9b7ada63db5254ca0c128dc5b,
d4521874-975d-47ea-8a64-e031ee12231f,bs-fluxon-automation-landing,Fluxon Automation Landing,,Skillry,https://skillry.dev/skills/bs-fluxon-automation-landing,https://skillry.dev/skills/bs-fluxon-automation-landing,skillry_skill,skill,html,html,"[""product_promo"", ""typography"", ""charts_maps""]",locked_excerpt,public_http,premium,499,False,,2026-09-30T00:40:41.741554+00:00,0988bf5e8aca7c0131a37e450278678449a78e79b0c4c4e0b7ecaa967695efe6,
af82c1a9-6333-43f4-aedc-f01463ffeeb4,bs-finora-banking-landing,Finora Banking Landing,,Skillry,https://skillry.dev/skills/bs-finora-banking-landing,https://skillry.dev/skills/bs-finora-banking-landing,skillry_skill,skill,html,html,"[""product_promo"", ""charts_maps""]",locked_excerpt,public_http,premium,499,False,,2026-09-30T00:40:42.206671+00:00,0177d1a8028a8dc8ab33a9f0f8179037731df21357ac5d63ef73b9ae69807031,
00975e32-b892-493f-88c0-c2d09041d35e,bs-editorial-studio-saas,Editorial Studio SaaS,,Skillry,https://skillry.dev/skills/bs-editorial-studio-saas,https://skillry.dev/skills/bs-editorial-studio-saas,skillry_skill,skill,html,html,"[""product_promo""]",locked_excerpt,public_http,premium,499,False,,2026-09-30T00:40:42.348392+00:00,8cc78501df541ab95e71cf5c3edf28bdc36f85ac64d22faa4a922dcfaf6ae1f6,
031ea708-77b9-478c-aea4-5df2ed46aea9,bs-editorial-ink-landing,Editorial Ink Landing,,Skillry,https://skillry.dev/skills/bs-editorial-ink-landing,https://skillry.dev/skills/bs-editorial-ink-landing,skillry_skill,skill,html,html,"[""product_promo"", ""typography""]",locked_excerpt,public_http,premium,499,False,,2026-09-30T00:40:42.604616+00:00,47033eac833cff50e631ac5a222214f8b82d51c54a5b832878406b273a9a725d,
03931b50-0185-4fdf-bbd2-fef2e49bbe7c,bs-editorial-dev-portfolio,Editorial Dev Portfolio,,Skillry,https://skillry.dev/skills/bs-editorial-dev-portfolio,https://skillry.dev/skills/bs-editorial-dev-portfolio,skillry_skill,skill,html,html,"[""product_promo""]",locked_excerpt,public_http,premium,499,False,,2026-09-30T00:40:42.879087+00:00,1cfd892172b5c6af78b55be12df5f2a41fd1fad863919b5287f954350230cc79,
336a70e6-9e69-4cb5-8504-b28499704b6e,bs-contexa-cms-landing,Contexa CMS Landing,,Skillry,https://skillry.dev/skills/bs-contexa-cms-landing,https://skillry.dev/skills/bs-contexa-cms-landing,skillry_skill,skill,html,html,"[""product_promo"", ""typography""]",locked_excerpt,public_http,premium,499,False,,2026-09-30T00:40:43.266318+00:00,ec649620735c127666125f203ba402e86edb065c18afcd8f7a8daf10b4cc0631,
9d9234ef-01af-4d06-b8c3-5d878190a1e3,bs-coinhaven-crypto-landing,Coinhaven Crypto Landing,,Skillry,https://skillry.dev/skills/bs-coinhaven-crypto-landing,https://skillry.dev/skills/bs-coinhaven-crypto-landing,skillry_skill,skill,html,html,"[""product_promo"", ""typography""]",locked_excerpt,public_http,premium,499,False,,2026-09-30T00:40:43.531504+00:00,daeb8a2813cad13dbf3d06a9f5eacbb79ff020e7f2418d020abe90284bea5509,
209fff50-43b7-44fa-aec0-049db0a469d9,bs-amber-scrapbook-suite,Amber Scrapbook Suite,,Skillry,https://skillry.dev/skills/bs-amber-scrapbook-suite,https://skillry.dev/skills/bs-amber-scrapbook-suite,skillry_skill,skill,html,html,"[""product_promo"", ""charts_maps""]",locked_excerpt,public_http,premium,499,False,,2026-09-30T00:40:43.811482+00:00,2a94073bcae06d71b7b38aa4d7365fe772785fb393f1b9571164b09d5daf666c,
a428b75b-d25a-4e60-b481-0da5cd3ee3a0,bs-indigo-ledger-landing,Indigo Ledger Landing,,Skillry,https://skillry.dev/skills/bs-indigo-ledger-landing,https://skillry.dev/skills/bs-indigo-ledger-landing,skillry_skill,skill,html,html,"[""product_promo"", ""typography""]",locked_excerpt,public_http,premium,499,False,,2026-09-30T00:40:44.272888+00:00,f05e570dc4e1d2b9d9e0f3d8aa683c450c72008f352a8b608c236de81a0cb108,
cd793fae-1aad-4ea3-b620-259cf7983243,bs-cinematic-wilds-deck,Cinematic Wilds Deck,,Skillry,https://skillry.dev/skills/bs-cinematic-wilds-deck,https://skillry.dev/skills/bs-cinematic-wilds-deck,skillry_skill,skill,presentation,presentation,"[""characters""]",locked_excerpt,public_http,premium,499,False,,2026-09-30T00:40:44.604910+00:00,4300c801f66e05b8eb3f45d34b3f78211265ef1efd0c7bb5cba64f6e676060f7,
d97eb71b-915c-4831-8aa4-50db50bced8d,bs-mono-acid-deck,Mono Acid Deck,,Skillry,https://skillry.dev/skills/bs-mono-acid-deck,https://skillry.dev/skills/bs-mono-acid-deck,skillry_skill,skill,presentation,presentation,"[""typography"", ""characters""]",locked_excerpt,public_http,premium,499,False,,2026-09-30T00:40:44.786403+00:00,afcfb9e8f211d49a823aaa2cd18d3b1f7eb4e73b52a0b4c030b18a6148658586,
a2024f79-e73b-4a00-90ba-6c42b616ae61,bs-orbital-workshop-deck,Orbital Workshop Deck,,Skillry,https://skillry.dev/skills/bs-orbital-workshop-deck,https://skillry.dev/skills/bs-orbital-workshop-deck,skillry_skill,skill,presentation,presentation,"[""explainer"", ""characters""]",locked_excerpt,public_http,premium,499,False,,2026-09-30T00:40:44.808527+00:00,ccca0631e854d9db5f232beda3ebe9f7ccf6f3577bfa967cc23c461dad395e06,
d524c8b6-b624-4365-87a3-c20fc970be37,bs-pop-motion-deck,Pop Motion Deck,,Skillry,https://skillry.dev/skills/bs-pop-motion-deck,https://skillry.dev/skills/bs-pop-motion-deck,skillry_skill,skill,presentation,presentation,"[""characters""]",locked_excerpt,public_http,premium,499,False,,2026-09-30T00:40:45.436590+00:00,8aaa0997b8fbc20e0c8f0fbbcd5f02fa41ecd628f890a3bb60d30b15a9541597,
46122ef1-5027-453e-8733-b558453d57b6,bs-brush-paper-deck,Brush Paper Deck,,Skillry,https://skillry.dev/skills/bs-brush-paper-deck,https://skillry.dev/skills/bs-brush-paper-deck,skillry_skill,skill,presentation,presentation,"[""characters""]",locked_excerpt,public_http,premium,499,False,,2026-09-30T00:40:45.587259+00:00,eac4920562a31f338145aea6b87792efb7f4d7c92f97beabea18861d2127e69f,
89711f5e-a20c-48a1-8070-d738d1dad5f9,bs-yellow-balance-deck,Yellow Balance Deck,,Skillry,https://skillry.dev/skills/bs-yellow-balance-deck,https://skillry.dev/skills/bs-yellow-balance-deck,skillry_skill,skill,presentation,presentation,"[""product_promo"", ""typography"", ""characters""]",locked_excerpt,public_http,premium,499,False,,2026-09-30T00:40:45.748462+00:00,4b005736036dd2a72722c77a0b6e02e1a74bcc08924f410a31866bf88b6cd650,
c6130b37-8f14-45c0-ab35-2e24f7e91ade,bs-botanical-quiet-deck,Botanical Quiet Deck,,Skillry,https://skillry.dev/skills/bs-botanical-quiet-deck,https://skillry.dev/skills/bs-botanical-quiet-deck,skillry_skill,skill,presentation,presentation,"[""explainer"", ""typography"", ""characters""]",locked_excerpt,public_http,premium,499,False,,2026-09-30T00:40:46.043818+00:00,92a1945d02c7c58a1565cc17465d277368315b56119d94812f951054917d6ae6,
453ce75e-9d86-4e52-845f-504837563434,bs-prismatic-fashion-deck,Prismatic Fashion Deck,,Skillry,https://skillry.dev/skills/bs-prismatic-fashion-deck,https://skillry.dev/skills/bs-prismatic-fashion-deck,skillry_skill,skill,presentation,presentation,"[""characters""]",locked_excerpt,public_http,premium,499,False,,2026-09-30T00:40:46.424827+00:00,4232b5cc86b179068d25fbab30c3cb9d44735f3bc60e65c9a5e48a0247cfe42e,
18fede8b-28f1-4e81-976b-3b378bd9f338,bs-pastel-cutout-deck,Pastel Cutout Deck,,Skillry,https://skillry.dev/skills/bs-pastel-cutout-deck,https://skillry.dev/skills/bs-pastel-cutout-deck,skillry_skill,skill,presentation,presentation,"[""typography"", ""characters"", ""background_removal""]",locked_excerpt,public_http,premium,499,False,,2026-09-30T00:40:46.831765+00:00,b6dac4aa26fae83e56e9f2661291e5469f4633c08585274bc709384862cab323,
2f4457d6-ac6b-4e2e-a3b9-e604f44ac5be,bs-acid-agency-deck,Acid Agency Deck,,Skillry,https://skillry.dev/skills/bs-acid-agency-deck,https://skillry.dev/skills/bs-acid-agency-deck,skillry_skill,skill,presentation,presentation,"[""product_promo"", ""typography"", ""characters""]",locked_excerpt,public_http,premium,499,False,,2026-09-30T00:40:46.851330+00:00,c45f879b01cc0e8c73c055c1488b56967d5277f52f6c22a07ede2d2e3bcdf526,
f1ab21c6-59dc-48f6-8b63-abfbcad130d2,bs-aqua-campus-deck,Aqua Campus Deck,,Skillry,https://skillry.dev/skills/bs-aqua-campus-deck,https://skillry.dev/skills/bs-aqua-campus-deck,skillry_skill,skill,presentation,presentation,"[""explainer"", ""characters""]",locked_excerpt,public_http,premium,499,False,,2026-09-30T00:40:46.986790+00:00,634c0223be0c3650e96d24f8f9e37c61d560a110d6c2e4bc36851e2118ca7097,
21121b67-6012-4337-9501-f7d6554ac0c3,bs-storybook-margin-deck,Storybook Margin Deck,,Skillry,https://skillry.dev/skills/bs-storybook-margin-deck,https://skillry.dev/skills/bs-storybook-margin-deck,skillry_skill,skill,presentation,presentation,"[""explainer"", ""characters""]",locked_excerpt,public_http,premium,499,False,,2026-09-30T00:40:47.422298+00:00,c5a56480a896ae6869ac3d1ef8c1106ad683157490cb452342719eb3bedfabf0,
50db669d-be23-4125-84b2-3189178c66cd,bs-cobalt-growth-deck,Cobalt Growth Deck,,Skillry,https://skillry.dev/skills/bs-cobalt-growth-deck,https://skillry.dev/skills/bs-cobalt-growth-deck,skillry_skill,skill,presentation,presentation,"[""characters""]",locked_excerpt,public_http,premium,499,False,,2026-09-30T00:40:47.832506+00:00,96fb4787cbd4ca03fad14d738675df0248e3e7f11ba1ee19e559a4757b45d7e9,
ebdd9af7-746f-44ee-a420-2d12369015cc,bs-cozy-island-deck,Cozy Island Deck,,Skillry,https://skillry.dev/skills/bs-cozy-island-deck,https://skillry.dev/skills/bs-cozy-island-deck,skillry_skill,skill,presentation,presentation,"[""explainer"", ""characters"", ""charts_maps""]",locked_excerpt,public_http,premium,499,False,,2026-09-30T00:40:47.897951+00:00,672fb7072c5482cab5556d4f0642d08258a9397f6e85c93fa27acce94362f936,
bbadfc23-3086-41e9-8212-5fc36d14702c,bs-ink-landscape-deck,Ink Landscape Deck,,Skillry,https://skillry.dev/skills/bs-ink-landscape-deck,https://skillry.dev/skills/bs-ink-landscape-deck,skillry_skill,skill,presentation,presentation,"[""explainer"", ""characters"", ""background_removal"", ""charts_maps""]",locked_excerpt,public_http,premium,499,False,,2026-09-30T00:40:47.982084+00:00,5bb425a59d147966fc0b7659e0b6e034e0da178d404f6dae93c9ae6aab086f05,
4832252b-949e-40ff-9a15-0e6c05720ce8,bs-sunlit-structure-deck,Sunlit Structure Deck,,Skillry,https://skillry.dev/skills/bs-sunlit-structure-deck,https://skillry.dev/skills/bs-sunlit-structure-deck,skillry_skill,skill,presentation,presentation,"[""explainer"", ""characters"", ""background_removal""]",locked_excerpt,public_http,premium,499,False,,2026-09-30T00:40:48.712888+00:00,54883d5e661e27fcc0ea2efc6643e259e347ca113e5cc6b007c37fa697273942,
b7f4ed12-3676-432f-8b25-d4539de5bc1b,bs-electric-studio-deck,Electric Studio Deck,,Skillry,https://skillry.dev/skills/bs-electric-studio-deck,https://skillry.dev/skills/bs-electric-studio-deck,skillry_skill,skill,presentation,presentation,"[""explainer"", ""typography"", ""characters""]",locked_excerpt,public_http,premium,499,False,,2026-09-30T00:40:49.121382+00:00,8dbd9ff6651f9b907034eeb65b7d5c07da6b561ae114e3b283940c14ced9b859,
b03d1826-5349-4c30-8ba2-826289cd9087,bs-gallery-catalogue-deck,Gallery Catalogue Deck,,Skillry,https://skillry.dev/skills/bs-gallery-catalogue-deck,https://skillry.dev/skills/bs-gallery-catalogue-deck,skillry_skill,skill,presentation,presentation,"[""explainer"", ""typography"", ""characters""]",locked_excerpt,public_http,premium,499,False,,2026-09-30T00:40:48.862902+00:00,46f30bb23776a9c3abe8b77a7f743c4acd11473c28bccd0961dbc99ab0554d4c,
76d16d04-69c1-4186-ab26-92d78f3cd095,bs-primary-doodle-deck,Primary Doodle Deck,,Skillry,https://skillry.dev/skills/bs-primary-doodle-deck,https://skillry.dev/skills/bs-primary-doodle-deck,skillry_skill,skill,presentation,presentation,"[""explainer"", ""characters"", ""background_removal""]",locked_excerpt,public_http,premium,499,False,,2026-09-30T00:40:49.091954+00:00,605b3be6f8eca5a0ced3dd21def6d0e7dc9626f4c298119f24b799001c85be63,
62a380d4-77f6-48eb-b0e3-f1ecaec60812,bs-citrus-loop-deck,Citrus Loop Deck,,Skillry,https://skillry.dev/skills/bs-citrus-loop-deck,https://skillry.dev/skills/bs-citrus-loop-deck,skillry_skill,skill,presentation,presentation,"[""explainer"", ""characters""]",locked_excerpt,public_http,premium,499,False,,2026-09-30T00:40:52.253206+00:00,2ee1bc17c7f928195756ab96c6ec95159b54c154e3c37a365cf397474359b641,
b31e285c-08b7-40d0-b6cc-ce71e6f4e6da,bs-sorbet-window-deck,Sorbet Window Deck,,Skillry,https://skillry.dev/skills/bs-sorbet-window-deck,https://skillry.dev/skills/bs-sorbet-window-deck,skillry_skill,skill,presentation,presentation,"[""explainer"", ""characters""]",locked_excerpt,public_http,premium,499,False,,2026-09-30T00:40:49.952209+00:00,4befe243c52a7163b110663bec2fec63f595025342e58a6533a2952ad04b92ff,
d72b2e5d-da6d-41e6-a5af-f9d849b1a285,bs-chromatic-futures-deck,Chromatic Futures Deck,,Skillry,https://skillry.dev/skills/bs-chromatic-futures-deck,https://skillry.dev/skills/bs-chromatic-futures-deck,skillry_skill,skill,presentation,presentation,"[""explainer"", ""characters""]",locked_excerpt,public_http,premium,499,False,,2026-09-30T00:40:50.230641+00:00,cb239f2acf856d656dc26d1c5e6baae711edb9e228faf28daa364fc3ff514cea,
f3a11c9b-ea06-43de-b786-742aff35d0c9,bs-soft-gradient-deck,Soft Gradient Deck,,Skillry,https://skillry.dev/skills/bs-soft-gradient-deck,https://skillry.dev/skills/bs-soft-gradient-deck,skillry_skill,skill,presentation,presentation,"[""product_promo"", ""typography""]",locked_excerpt,public_http,premium,499,False,,2026-09-30T00:40:50.115923+00:00,057b9c123ae39003e848a451e1557dcca7371fcaebc324dd401a8c192e2a8d91,
,0xlangeai-178533,0xlangeai,,Skillry,https://skillry.dev/ai-videos/opus-5-5/0xlangeai-178533,https://skillry.dev/ai-videos/opus-5-5/0xlangeai-178533,skillry_example,example,,explainer,"[""explainer""]",published_prompt_partial,public_http,,,,,2026-09-30T00:40:50.316720+00:00,9e8486a3687133bd65014df2afde6f98cf235cac393fa03ef0d7b2cc94a6cf96,
,stephanferraro-224281,StephanFerraro,,Skillry,https://skillry.dev/ai-videos/opus-5-5/stephanferraro-224281,https://skillry.dev/ai-videos/opus-5-5/stephanferraro-224281,skillry_example,example,,explainer,"[""explainer"", ""3d""]",published_prompt_partial,public_http,,,,,2026-09-30T00:40:50.747233+00:00,8623c04994a57bfe408662fd939d8b0e09a8a4b750ce3dd5624ed43d24cbd1ad,
,chudry223-081860,chudry223,,Skillry,https://skillry.dev/ai-videos/opus-5-5/chudry223-081860,https://skillry.dev/ai-videos/opus-5-5/chudry223-081860,skillry_example,example,,explainer,"[""explainer"", ""3d""]",published_prompt_partial,public_http,,,,,2026-09-30T00:40:50.647018+00:00,1b4f5ae8ad04bcd3c69fad377d868bdf07919260bd3dd7bee8a97f319c560704,
,voxyz-ai-345550,Voxyz_ai,,Skillry,https://skillry.dev/ai-videos/opus-5-5/voxyz-ai-345550,https://skillry.dev/ai-videos/opus-5-5/voxyz-ai-345550,skillry_example,example,,explainer,"[""explainer"", ""3d""]",published_prompt_partial,public_http,,,,,2026-09-30T00:40:51.333333+00:00,bbdcd5b45d46878d71b0be13fe8ace802026dd03333b2ed890632c39cd27cd7a,
,explorations-iq-921682,explorations_iq,,Skillry,https://skillry.dev/ai-videos/opus-5-5/explorations-iq-921682,https://skillry.dev/ai-videos/opus-5-5/explorations-iq-921682,skillry_example,example,,explainer,"[""explainer"", ""3d""]",published_prompt_partial,public_http,,,,,2026-09-30T00:40:51.012342+00:00,237e261e9d4c45f622a10a934d546ff9abd2b9679bf8691d653cc6430e731941,
,nybobs-680050,nybobs,,Skillry,https://skillry.dev/ai-videos/opus-5-5/nybobs-680050,https://skillry.dev/ai-videos/opus-5-5/nybobs-680050,skillry_example,example,,explainer,"[""explainer"", ""3d""]",published_prompt_partial,public_http,,,,,2026-09-30T00:40:51.116781+00:00,e1d06663106933e0d516d5cdf7250a80af4e6bbb18cf3047250c1cbecf557b1c,
,garmdotcom-987439,garmdotcom,,Skillry,https://skillry.dev/ai-videos/opus-5-5/garmdotcom-987439,https://skillry.dev/ai-videos/opus-5-5/garmdotcom-987439,skillry_example,example,,explainer,"[""explainer""]",published_prompt_partial,public_http,,,,,2026-09-30T00:40:51.456406+00:00,3794cf478ad8515284f4f2bc1af0278a7499514a64d86fddbf61663d3e96086d,
,cyrilxbt-149036,cyrilXBT,,Skillry,https://skillry.dev/ai-videos/opus-5-5/cyrilxbt-149036,https://skillry.dev/ai-videos/opus-5-5/cyrilxbt-149036,skillry_example,example,,explainer,"[""explainer"", ""product_promo""]",published_prompt_partial,public_http,,,,,2026-09-30T00:40:51.523215+00:00,40dde9bda1f681955f484102781b73d930e079fcf5f9a2b0ce2b690d57340512,
,miguel07code-091611,Miguel07Code,,Skillry,https://skillry.dev/ai-videos/opus-5-5/miguel07code-091611,https://skillry.dev/ai-videos/opus-5-5/miguel07code-091611,skillry_example,example,,explainer,"[""explainer""]",published_prompt_partial,public_http,,,,,2026-09-30T00:40:51.747231+00:00,327c19aa316aa4cec2474eecfcecaffd72dd5c76d436ebdb03bedd9f85e97884,
,kureshirfan-386691,kureshirfan,,Skillry,https://skillry.dev/ai-videos/opus-5-5/kureshirfan-386691,https://skillry.dev/ai-videos/opus-5-5/kureshirfan-386691,skillry_example,example,,explainer,"[""explainer""]",published_prompt_partial,public_http,,,,,2026-09-30T00:40:51.865790+00:00,fa24f14cd519f48a688e463e2966af30b4530bb25e0e7962ee2f0d2f7707901a,
,amberpromptai-345137,AmberPromptai,,Skillry,https://skillry.dev/ai-videos/opus-5-5/amberpromptai-345137,https://skillry.dev/ai-videos/opus-5-5/amberpromptai-345137,skillry_example,example,,explainer,"[""explainer""]",published_prompt_partial,public_http,,,,,2026-09-30T00:40:51.874881+00:00,35abece85439908f98aa5659d3b2544d372760c08ee880820c5b84f0aaa43a17,
,iniyanai-856596,iniyanai,,Skillry,https://skillry.dev/ai-videos/opus-5-5/iniyanai-856596,https://skillry.dev/ai-videos/opus-5-5/iniyanai-856596,skillry_example,example,,explainer,"[""explainer"", ""3d""]",published_prompt_partial,public_http,,,,,2026-09-30T00:40:52.346531+00:00,25a3450508760cb9da0369cf78fcabea476ff9a9e8dda61cf57ce999f18abad8,
,acoramaa-053577,Acoramaa,,Skillry,https://skillry.dev/ai-videos/opus-5-5/acoramaa-053577,https://skillry.dev/ai-videos/opus-5-5/acoramaa-053577,skillry_example,example,,explainer,"[""explainer"", ""3d""]",published_prompt_partial,public_http,,,,,2026-09-30T00:40:52.284819+00:00,adad83bed487a0c543385dbeaa14df5f5c7bf6e1160ef824a8d1c64e1c6522a7,
,kgonia7-746268,kgonia7,,Skillry,https://skillry.dev/ai-videos/opus-5-5/kgonia7-746268,https://skillry.dev/ai-videos/opus-5-5/kgonia7-746268,skillry_example,example,,explainer,"[""explainer"", ""3d""]",published_prompt_partial,public_http,,,,,2026-09-30T00:40:52.294219+00:00,fa5ffe01eceddc6c84dcf822c088b553c034297804f8f0ad5d7dae28e5644b77,
,nathanwilbanks-981110,NathanWilbanks_,,Skillry,https://skillry.dev/ai-videos/opus-5-5/nathanwilbanks-981110,https://skillry.dev/ai-videos/opus-5-5/nathanwilbanks-981110,skillry_example,example,,explainer,"[""explainer"", ""3d""]",published_prompt_partial,public_http,,,,,2026-09-30T00:40:52.677255+00:00,5dd7855236c3db9becc861a8284a41ea621f4c8dcbe4661ca3dcee52f6823701,
,hunzai-842605,hunzai,,Skillry,https://skillry.dev/ai-videos/opus-5-5/hunzai-842605,https://skillry.dev/ai-videos/opus-5-5/hunzai-842605,skillry_example,example,,explainer,"[""explainer""]",published_prompt_partial,public_http,,,,,2026-09-30T00:40:52.719144+00:00,d989c6c3fc8a99a367f8b5769250107628d8484d774835d1f5b2f92c5e0d8d0d,
,konstantinsaifo-501736,konstantinsaifo,,Skillry,https://skillry.dev/ai-videos/opus-5-5/konstantinsaifo-501736,https://skillry.dev/ai-videos/opus-5-5/konstantinsaifo-501736,skillry_example,example,,explainer,"[""explainer"", ""3d""]",published_prompt_partial,public_http,,,,,2026-09-30T00:40:52.727947+00:00,e63d7c98dbc38341ae4da3e564de03dfedc4e8afe63c8dcfab1b7997d5a33920,
,rakhsh-tech-544921,Rakhsh_Tech,,Skillry,https://skillry.dev/ai-videos/opus-5-5/rakhsh-tech-544921,https://skillry.dev/ai-videos/opus-5-5/rakhsh-tech-544921,skillry_example,example,,explainer,"[""explainer""]",published_prompt_partial,public_http,,,,,2026-09-30T00:40:52.710835+00:00,d15b3bddc3d9b2ac34111c1f1e26fdbc1ad11d0ad03c3d9cde1182988948c1a5,
,arthurkatcher-604161,arthurkatcher,,Skillry,https://skillry.dev/ai-videos/opus-5-5/arthurkatcher-604161,https://skillry.dev/ai-videos/opus-5-5/arthurkatcher-604161,skillry_example,example,,explainer,"[""explainer""]",published_prompt_partial,public_http,,,,,2026-09-30T00:40:53.110173+00:00,373cf85ca5a8af04e2f2e48217da1df004c61ab4038ba64413eca68e1bec69f5,
,moguzbulbul-215591,moguzbulbul,,Skillry,https://skillry.dev/ai-videos/opus-5-5/moguzbulbul-215591,https://skillry.dev/ai-videos/opus-5-5/moguzbulbul-215591,skillry_example,example,,explainer,"[""explainer""]",published_prompt_partial,public_http,,,,,2026-09-30T00:40:53.185741+00:00,c447701b1c915a6b93aefccccc797d6b4946a8e800ce322b8cb1d0434e2fb1b1,
,irinatoxi-962937,irinatoxi,,Skillry,https://skillry.dev/ai-videos/opus-5-5/irinatoxi-962937,https://skillry.dev/ai-videos/opus-5-5/irinatoxi-962937,skillry_example,example,,explainer,"[""explainer"", ""3d""]",published_prompt_partial,public_http,,,,,2026-09-30T00:40:53.146292+00:00,4f8ddbc7471f3148d56c2702432bd43d6f0c2f27f37b6122363d394249e11853,
,konstantinsaifo-587629,konstantinsaifo,,Skillry,https://skillry.dev/ai-videos/opus-5-5/konstantinsaifo-587629,https://skillry.dev/ai-videos/opus-5-5/konstantinsaifo-587629,skillry_example,example,,explainer,"[""explainer"", ""3d""]",published_prompt_partial,public_http,,,,,2026-09-30T00:40:53.128239+00:00,d71ee1747097c5b6f9fbffa2b545d6498fbb0f27e60b662b323399e671d2bd82,
,stefanostraus-971191,StefanoStraus,,Skillry,https://skillry.dev/ai-videos/opus-5-5/stefanostraus-971191,https://skillry.dev/ai-videos/opus-5-5/stefanostraus-971191,skillry_example,example,,explainer,"[""explainer"", ""3d""]",published_prompt_partial,public_http,,,,,2026-09-30T00:40:53.628781+00:00,bd58ed61264c6d84371a58d41c0dccf99a9084e8d75df4efa52abb181432ebaa,
,demitiyageekzen-818523,DemitiyaGeekzen,,Skillry,https://skillry.dev/ai-videos/opus-5-5/demitiyageekzen-818523,https://skillry.dev/ai-videos/opus-5-5/demitiyageekzen-818523,skillry_example,example,,3d,"[""3d""]",published_prompt_partial,public_http,,,,,2026-09-30T00:40:53.480455+00:00,43555b052d244699bc387843dbc6d2098c862bae05a3d3a1cf6c0f4a1c936cf7,
,gmgmgm1545-245507,gmgmgm1545,,Skillry,https://skillry.dev/ai-videos/opus-5-5/gmgmgm1545-245507,https://skillry.dev/ai-videos/opus-5-5/gmgmgm1545-245507,skillry_example,example,,3d,[],published_prompt_partial,public_http,,,,,2026-09-30T00:40:53.647683+00:00,48c09a978d35c489a29bfb9fab47cf49fa811c5f466b43f7eaffe59766faa073,
,jarvis11x-544635,jarvis11x,,Skillry,https://skillry.dev/ai-videos/opus-5-5/jarvis11x-544635,https://skillry.dev/ai-videos/opus-5-5/jarvis11x-544635,skillry_example,example,,3d,"[""3d""]",published_prompt_partial,public_http,,,,,2026-09-30T00:40:56.056311+00:00,a08e474c24f8b821ef6efd2856d664f2053ca3198e77bbf263882b47efcbeedd,
,kewai386772-276947,KeWai386772,,Skillry,https://skillry.dev/ai-videos/opus-5-5/kewai386772-276947,https://skillry.dev/ai-videos/opus-5-5/kewai386772-276947,skillry_example,example,,3d,"[""3d""]",published_prompt_partial,public_http,,,,,2026-09-30T00:40:54.107299+00:00,a9b6c96ee8b09552ffe5081b4e13317645c73f3936b8dc243191c787aba47a4a,
,nft-chen-350878,NFT_Chen,,Skillry,https://skillry.dev/ai-videos/opus-5-5/nft-chen-350878,https://skillry.dev/ai-videos/opus-5-5/nft-chen-350878,skillry_example,example,,3d,"[""3d""]",published_prompt_partial,public_http,,,,,2026-09-30T00:40:56.023917+00:00,05233c47ee338d72c9f66e859df80312c41d408913df0d439e621f018b30354a,
,0xsolty-735200,0xSolty,,Skillry,https://skillry.dev/ai-videos/opus-5-5/0xsolty-735200,https://skillry.dev/ai-videos/opus-5-5/0xsolty-735200,skillry_example,example,,3d,"[""3d""]",published_prompt_partial,public_http,,,,,2026-09-30T00:40:54.085681+00:00,af6c8a5986b3eacbf446343e21ce9ed24a59714ff12acf38112026cd71d4048d,
,curieuxexplorer-272483,CurieuxExplorer,,Skillry,https://skillry.dev/ai-videos/opus-5-5/curieuxexplorer-272483,https://skillry.dev/ai-videos/opus-5-5/curieuxexplorer-272483,skillry_example,example,,3d,"[""3d""]",published_prompt_partial,public_http,,,,,2026-09-30T00:40:54.445585+00:00,e2f2dfac4ed058476cf96ff96afb336dad77e8b1a8b4a2951a41f1712e185703,
,myonisto-923578,myonisto,,Skillry,https://skillry.dev/ai-videos/opus-5-5/myonisto-923578,https://skillry.dev/ai-videos/opus-5-5/myonisto-923578,skillry_example,example,,3d,"[""3d""]",published_prompt_partial,public_http,,,,,2026-09-30T00:40:54.496040+00:00,02ae5b505426a0226bfb64ef51763e4a085e4b042091c3b8788e2dd22aa7fed5,
,truenyl-447745,truenyl,,Skillry,https://skillry.dev/ai-videos/opus-5-5/truenyl-447745,https://skillry.dev/ai-videos/opus-5-5/truenyl-447745,skillry_example,example,,3d,"[""3d""]",published_prompt_partial,public_http,,,,,2026-09-30T00:40:54.824106+00:00,ea3b524c882cfcf7d4575953e0c6adb9a13f21d6051aa645251f31d67b25eb0a,
,builtbysketch-114092,builtbysketch,,Skillry,https://skillry.dev/ai-videos/opus-5-5/builtbysketch-114092,https://skillry.dev/ai-videos/opus-5-5/builtbysketch-114092,skillry_example,example,,3d,"[""3d""]",published_prompt_partial,public_http,,,,,2026-09-30T00:40:54.872284+00:00,486e805b96ff284ed5c8d42982a41003fc6f668e4e412a766ea9598c09772c85,
,per-simmons-944727,per_simmons_,,Skillry,https://skillry.dev/ai-videos/opus-5-5/per-simmons-944727,https://skillry.dev/ai-videos/opus-5-5/per-simmons-944727,skillry_example,example,,3d,"[""product_promo"", ""3d""]",published_prompt_partial,public_http,,,,,2026-09-30T00:40:55.181908+00:00,761a607e5ef82f9202937a9aa03d29dcef7a95e6161a4ded32277c0b32b01b79,
,nicolamanzini-156628,NicolaManzini,,Skillry,https://skillry.dev/ai-videos/opus-5-5/nicolamanzini-156628,https://skillry.dev/ai-videos/opus-5-5/nicolamanzini-156628,skillry_example,example,,3d,"[""3d""]",published_prompt_partial,public_http,,,,,2026-09-30T00:40:55.236964+00:00,371dda06ceff6a89974e662fa552b841034e2f0e853a677daa95e919c6edbe26,
,0xwast3-222104,0xWast3,,Skillry,https://skillry.dev/ai-videos/opus-5-5/0xwast3-222104,https://skillry.dev/ai-videos/opus-5-5/0xwast3-222104,skillry_example,example,,3d,"[""3d""]",published_prompt_partial,public_http,,,,,2026-09-30T00:40:55.572106+00:00,c5819c796c26bd21501e8e17ae33d2fb01bd4651d49485927918c303ecda31a8,
,wzarok-283635,wzarok,,Skillry,https://skillry.dev/ai-videos/opus-5-5/wzarok-283635,https://skillry.dev/ai-videos/opus-5-5/wzarok-283635,skillry_example,example,,3d,"[""3d""]",published_prompt_partial,public_http,,,,,2026-09-30T00:40:55.611354+00:00,be7cbbe8151d65375495a77708022af0c89ac42dce780b68e78b115f24c056ac,
,goofyninjaaa-315331,goofyninjaaa,,Skillry,https://skillry.dev/ai-videos/opus-5-5/goofyninjaaa-315331,https://skillry.dev/ai-videos/opus-5-5/goofyninjaaa-315331,skillry_example,example,,3d,"[""3d""]",published_prompt_partial,public_http,,,,,2026-09-30T00:40:55.991346+00:00,dc7c0492eede5aed817ad311755bb1377ba6a373e897c791c3873566ff7bc4ba,
,friskyggg-054427,FriskyGGG,,Skillry,https://skillry.dev/ai-videos/opus-5-5/friskyggg-054427,https://skillry.dev/ai-videos/opus-5-5/friskyggg-054427,skillry_example,example,,3d,"[""3d""]",published_prompt_partial,public_http,,,,,2026-09-30T00:40:56.016242+00:00,4574c2b1181ba6b37002a02eb20154a1d4061f8bbb0e9c1d2e55681c919db025,
,ai-ba-reza-113363,ai_ba_reza,,Skillry,https://skillry.dev/ai-videos/opus-5-5/ai-ba-reza-113363,https://skillry.dev/ai-videos/opus-5-5/ai-ba-reza-113363,skillry_example,example,,3d,"[""3d""]",published_prompt_partial,public_http,,,,,2026-09-30T00:40:56.374883+00:00,510dfcba8807a942f37ff26f9e59a2ac70ca00dc9f77618aa4012126075f712e,
,souradip3000-800291,Souradip3000,,Skillry,https://skillry.dev/ai-videos/opus-5-5/souradip3000-800291,https://skillry.dev/ai-videos/opus-5-5/souradip3000-800291,skillry_example,example,,3d,"[""3d""]",published_prompt_partial,public_http,,,,,2026-09-30T00:40:56.660610+00:00,b0b3a86afc6c6937d3e5f954df4b7599c0c0e6df7f5085887d12337ec2a5f161,
,techartist-786274,techartist_,,Skillry,https://skillry.dev/ai-videos/opus-5-5/techartist-786274,https://skillry.dev/ai-videos/opus-5-5/techartist-786274,skillry_example,example,,3d,"[""charts_maps"", ""3d""]",published_prompt_partial,public_http,,,,,2026-09-30T00:40:56.653113+00:00,fcc28ec2b011ca185ed62a514b6441cd9c4da54ff2231d552e78dc5f52d5bc14,
,lribes4-742305,lribes4,,Skillry,https://skillry.dev/ai-videos/opus-5-5/lribes4-742305,https://skillry.dev/ai-videos/opus-5-5/lribes4-742305,skillry_example,example,,3d,"[""3d""]",published_prompt_partial,public_http,,,,,2026-09-30T00:40:57.271231+00:00,3053c3af564d2b2a8d2cd701b3820e2e096f2b7f51af4a87b9b4d7e9be43de6a,
,eigeorguy-813651,eigeorguy,,Skillry,https://skillry.dev/ai-videos/opus-5-5/eigeorguy-813651,https://skillry.dev/ai-videos/opus-5-5/eigeorguy-813651,skillry_example,example,,3d,"[""3d""]",published_prompt_partial,public_http,,,,,2026-09-30T00:40:57.242168+00:00,d4cc8e68b09875f457057007ab6eedc1ab556659e9f17d5e5e7410a3a5101a83,
,kum1ta-740521,kum1ta,,Skillry,https://skillry.dev/ai-videos/opus-5-5/kum1ta-740521,https://skillry.dev/ai-videos/opus-5-5/kum1ta-740521,skillry_example,example,,3d,"[""3d""]",published_prompt_partial,public_http,,,,,2026-09-30T00:40:57.719714+00:00,f0942f9bc4bf97cad3dd4b87b9a1f3ec1c2265a9a4dcf5d1afa42f40319ab178,
,vectorcrossprod-436573,VectorCrossProd,,Skillry,https://skillry.dev/ai-videos/opus-5-5/vectorcrossprod-436573,https://skillry.dev/ai-videos/opus-5-5/vectorcrossprod-436573,skillry_example,example,,3d,"[""reels_shorts"", ""product_promo"", ""3d""]",published_prompt_partial,public_http,,,,,2026-09-30T00:40:57.701635+00:00,18490897c2694cebe7b1f8ae19459cdd0e84b827837c9a757f1519b58a8d6d6d,
,sanjay-khadka07-620029,sanjay_khadka07,,Skillry,https://skillry.dev/ai-videos/opus-5-5/sanjay-khadka07-620029,https://skillry.dev/ai-videos/opus-5-5/sanjay-khadka07-620029,skillry_example,example,,3d,"[""3d""]",published_prompt_partial,public_http,,,,,2026-09-30T00:40:57.744453+00:00,54623dc08026ba378f1a52d214b888459a0240940755a206161c8e540ebc7cd6,
,ksmialowski-473410,ksmialowski,,Skillry,https://skillry.dev/ai-videos/opus-5-5/ksmialowski-473410,https://skillry.dev/ai-videos/opus-5-5/ksmialowski-473410,skillry_example,example,,3d,"[""3d""]",published_prompt_partial,public_http,,,,,2026-09-30T00:40:57.737555+00:00,dbb1ded1055b7987b2303c867240f6fbd2d52fc1176ee7d82b06cb70283ef952,
,acoramaa-248467,Acoramaa,,Skillry,https://skillry.dev/ai-videos/opus-5-5/acoramaa-248467,https://skillry.dev/ai-videos/opus-5-5/acoramaa-248467,skillry_example,example,,3d,"[""3d""]",published_prompt_partial,public_http,,,,,2026-09-30T00:40:58.167455+00:00,15ec154ffd272a6bc1bdf6fcbb268b2b0c796d512cb1b9cabf445eb32f4034bf,
,maruo-0314-998343,Maruo_0314,,Skillry,https://skillry.dev/ai-videos/opus-5-5/maruo-0314-998343,https://skillry.dev/ai-videos/opus-5-5/maruo-0314-998343,skillry_example,example,,3d,"[""3d""]",published_prompt_partial,public_http,,,,,2026-09-30T00:40:58.042076+00:00,d0b272764d1d28db161a763c42cc0ae7a25ca24f71a12ff18e9b28f595515cf5,
,aayush4soni-644283,aayush4soni,,Skillry,https://skillry.dev/ai-videos/opus-5-5/aayush4soni-644283,https://skillry.dev/ai-videos/opus-5-5/aayush4soni-644283,skillry_example,example,,3d,"[""3d""]",published_prompt_partial,public_http,,,,,2026-09-30T00:40:58.209015+00:00,3159a22a429184eb366297533ad370217b3dff06290e5881eccad08eed0edfaf,
,allforbigfire-029657,allforbigfire,,Skillry,https://skillry.dev/ai-videos/opus-5-5/allforbigfire-029657,https://skillry.dev/ai-videos/opus-5-5/allforbigfire-029657,skillry_example,example,,3d,"[""3d""]",published_prompt_partial,public_http,,,,,2026-09-30T00:40:58.194157+00:00,23a59cf17afe092fcd1ad52432ec2ebc663608c792b91c172053cae20509c865,
,ewashoku-201053,EWashoku,,Skillry,https://skillry.dev/ai-videos/opus-5-5/ewashoku-201053,https://skillry.dev/ai-videos/opus-5-5/ewashoku-201053,skillry_example,example,,3d,"[""3d""]",published_prompt_partial,public_http,,,,,2026-09-30T00:40:58.546652+00:00,391db6188f379253ab2af118a4d7337c6c1fcffea0a3de2f6e33e4763546ca37,
,ajthemongol-318512,AJtheMongol,,Skillry,https://skillry.dev/ai-videos/opus-5-5/ajthemongol-318512,https://skillry.dev/ai-videos/opus-5-5/ajthemongol-318512,skillry_example,example,,3d,"[""3d""]",published_prompt_partial,public_http,,,,,2026-09-30T00:40:58.569783+00:00,d2b7f54ca9dc02c72e00707a6a4fb75b6a2142db1322b60a32a571d8cf5d0f16,
,happycapyai-634965,happycapyai,,Skillry,https://skillry.dev/ai-videos/opus-5-5/happycapyai-634965,https://skillry.dev/ai-videos/opus-5-5/happycapyai-634965,skillry_example,example,,interactive,"[""3d""]",published_prompt_partial,public_http,,,,,2026-09-30T00:40:58.590065+00:00,61b249ef72f11eb7fb48be08d244224bbbe2713fb36c488a736d32cea0277b3e,
,mrblock-096062,mrblock,,Skillry,https://skillry.dev/ai-videos/opus-5-5/mrblock-096062,https://skillry.dev/ai-videos/opus-5-5/mrblock-096062,skillry_example,example,,interactive,"[""3d""]",published_prompt_partial,public_http,,,,,2026-09-30T00:40:58.536964+00:00,0f67c4c07fb04d12a54868a7cd6d2308deddef314c3d1a0ebf8d904d0980967b,
,op7418-814408,op7418,,Skillry,https://skillry.dev/ai-videos/opus-5-5/op7418-814408,https://skillry.dev/ai-videos/opus-5-5/op7418-814408,skillry_example,example,,interactive,"[""3d""]",published_prompt,public_http,,,,,2026-09-30T00:40:58.931325+00:00,ce67a827c04a1706af1b66fa550bcf2c14fadf515f66a1b0b1612cdad4e9aa7d,
,janlaywss-379361,janlaywss,,Skillry,https://skillry.dev/ai-videos/opus-5-5/janlaywss-379361,https://skillry.dev/ai-videos/opus-5-5/janlaywss-379361,skillry_example,example,,interactive,"[""3d""]",published_prompt_partial,public_http,,,,,2026-09-30T00:40:58.907088+00:00,9b32e94d45a1817a10287044b57d64879112873e6257cb3463e03519bfb9e5fb,
,0xpai-eth-635565,0xpai_eth,,Skillry,https://skillry.dev/ai-videos/opus-5-5/0xpai-eth-635565,https://skillry.dev/ai-videos/opus-5-5/0xpai-eth-635565,skillry_example,example,,interactive,[],published_prompt_partial,public_http,,,,,2026-09-30T00:40:58.941728+00:00,e0dfbed258ad0f13e9f67974713a9758852450c5c0595e5a4b41ca634f20ce54,
,op7418-818226,op7418,,Skillry,https://skillry.dev/ai-videos/opus-5-5/op7418-818226,https://skillry.dev/ai-videos/opus-5-5/op7418-818226,skillry_example,example,,interactive,"[""3d""]",published_prompt,public_http,,,,,2026-09-30T00:40:59.118457+00:00,b38d915f3573fd50572671d2e72347d969540840a197a901b27f2813a1fe0cc0,
,akokoi1-469188,akokoi1,,Skillry,https://skillry.dev/ai-videos/opus-5-5/akokoi1-469188,https://skillry.dev/ai-videos/opus-5-5/akokoi1-469188,skillry_example,example,,interactive,"[""3d""]",published_prompt_partial,public_http,,,,,2026-09-30T00:40:59.397697+00:00,c58497cd51d417936e355a6760ac724e6594aeaf3b8e8a65f2aced28f3fdc146,
,ggsimm-535814,ggsimm,,Skillry,https://skillry.dev/ai-videos/opus-5-5/ggsimm-535814,https://skillry.dev/ai-videos/opus-5-5/ggsimm-535814,skillry_example,example,,interactive,[],published_prompt_partial,public_http,,,,,2026-09-30T00:40:59.293520+00:00,a5d26c59a4914f787dfb544089a592574ca79e0990aae46e4eec9086455bb78c,
,chukinice-426722,chukinice,,Skillry,https://skillry.dev/ai-videos/opus-5-5/chukinice-426722,https://skillry.dev/ai-videos/opus-5-5/chukinice-426722,skillry_example,example,,interactive,"[""3d""]",published_prompt_partial,public_http,,,,,2026-09-30T00:40:59.397123+00:00,b3a269f7ecd84b2318ec930f22e6a8f4ccae3902788e2041138584356a5ddce8,
,mozetech-471882,MozeTech,,Skillry,https://skillry.dev/ai-videos/opus-5-5/mozetech-471882,https://skillry.dev/ai-videos/opus-5-5/mozetech-471882,skillry_example,example,,interactive,[],published_prompt_partial,public_http,,,,,2026-09-30T00:40:59.480747+00:00,c8271f20fb7b5b75d79f50a33377535748df9adf357f1b9480afe859503e4c8d,
,janeloic-905802,JaneLoic,,Skillry,https://skillry.dev/ai-videos/opus-5-5/janeloic-905802,https://skillry.dev/ai-videos/opus-5-5/janeloic-905802,skillry_example,example,,interactive,[],published_prompt_partial,public_http,,,,,2026-09-30T00:40:59.917804+00:00,49dbebbae7a72a5346d7c6d522ac079c20ea2e529007778b9259245b67303c65,
,mgfeller-779161,mgfeller,,Skillry,https://skillry.dev/ai-videos/opus-5-5/mgfeller-779161,https://skillry.dev/ai-videos/opus-5-5/mgfeller-779161,skillry_example,example,,interactive,"[""3d""]",published_prompt_partial,public_http,,,,,2026-09-30T00:40:59.999202+00:00,a1fa8807e45276747228cdb2d122360c30bd14fd7dd3b38249d67d6dfdd5b035,
,danielkan-059523,danielkan,,Skillry,https://skillry.dev/ai-videos/opus-5-5/danielkan-059523,https://skillry.dev/ai-videos/opus-5-5/danielkan-059523,skillry_example,example,,interactive,"[""3d""]",published_prompt_partial,public_http,,,,,2026-09-30T00:41:01.813276+00:00,971515b74c460993220383a35336133f535523addffe17478066a9022c0384a1,
,agentgamesbot-355554,agentgamesbot,,Skillry,https://skillry.dev/ai-videos/opus-5-5/agentgamesbot-355554,https://skillry.dev/ai-videos/opus-5-5/agentgamesbot-355554,skillry_example,example,,interactive,"[""reels_shorts""]",published_prompt_partial,public_http,,,,,2026-09-30T00:40:59.935111+00:00,14d14ee8aff58232d1ec75a8f6cbcf3a572bc304c40e8a209030eecf5be95856,
,curieuxexplorer-519730,CurieuxExplorer,,Skillry,https://skillry.dev/ai-videos/opus-5-5/curieuxexplorer-519730,https://skillry.dev/ai-videos/opus-5-5/curieuxexplorer-519730,skillry_example,example,,interactive,"[""3d""]",published_prompt_partial,public_http,,,,,2026-09-30T00:41:00.434366+00:00,5fdfe25300e925a94b8cf0149d29c243ccecb1b4b4e450bb4817757585f434a0,
,redp314-642106,redp314,,Skillry,https://skillry.dev/ai-videos/opus-5-5/redp314-642106,https://skillry.dev/ai-videos/opus-5-5/redp314-642106,skillry_example,example,,interactive,[],published_prompt_partial,public_http,,,,,2026-09-30T00:41:00.309907+00:00,2e1ee2da798b0e4a8637d0ff6e2122367e2584d10dd1666b306c4dc0dc3ca2f9,
,jasperdeboer-157391,jasperdeboer,,Skillry,https://skillry.dev/ai-videos/opus-5-5/jasperdeboer-157391,https://skillry.dev/ai-videos/opus-5-5/jasperdeboer-157391,skillry_example,example,,interactive,"[""3d""]",published_prompt_partial,public_http,,,,,2026-09-30T00:41:00.447124+00:00,60d8030cada2155dc6c3e7770a45c340ac672691a06d97525c1ce0d60b0773a5,
,curieuxexplorer-772215,CurieuxExplorer,,Skillry,https://skillry.dev/ai-videos/opus-5-5/curieuxexplorer-772215,https://skillry.dev/ai-videos/opus-5-5/curieuxexplorer-772215,skillry_example,example,,interactive,"[""3d""]",published_prompt_partial,public_http,,,,,2026-09-30T00:41:01.012660+00:00,a8608eaec390396c19d10ddece8776dc655472be02b41eed350633ed99105ab6,
,rehan-shei-839416,rehan_shei,,Skillry,https://skillry.dev/ai-videos/opus-5-5/rehan-shei-839416,https://skillry.dev/ai-videos/opus-5-5/rehan-shei-839416,skillry_example,example,,interactive,"[""characters""]",published_prompt_partial,public_http,,,,,2026-09-30T00:41:01.050288+00:00,8486d053b7e93dad0aea223d5d5cbff3b5eb3a2fb9b1f1a38bb71ee5d446e5d5,
,rush3rx-342153,Rush3rx,,Skillry,https://skillry.dev/ai-videos/opus-5-5/rush3rx-342153,https://skillry.dev/ai-videos/opus-5-5/rush3rx-342153,skillry_example,example,,interactive,"[""3d""]",published_prompt_partial,public_http,,,,,2026-09-30T00:41:01.029135+00:00,ba9bf793c7948766f4fe9321edae0eb0649a84a790e59d6ff8ffc9b285c02a92,
,maxthelion-649723,maxthelion,,Skillry,https://skillry.dev/ai-videos/opus-5-5/maxthelion-649723,https://skillry.dev/ai-videos/opus-5-5/maxthelion-649723,skillry_example,example,,interactive,"[""reels_shorts"", ""3d""]",published_prompt_partial,public_http,,,,,2026-09-30T00:41:01.579337+00:00,eda5a08d9896f1a78077a239b4229e23ae9e8cbef3ffb598d92bcf0e19fb292b,
,zacxbt-234711,zacxbt,,Skillry,https://skillry.dev/ai-videos/opus-5-5/zacxbt-234711,https://skillry.dev/ai-videos/opus-5-5/zacxbt-234711,skillry_example,example,,interactive,"[""3d""]",published_prompt_partial,public_http,,,,,2026-09-30T00:41:01.557791+00:00,0be5f9288f0fe72f7fb1d33014b67c248323aca27e03e76061649de0fe1339a0,
,jstjs-129051,jstjs_,,Skillry,https://skillry.dev/ai-videos/opus-5-5/jstjs-129051,https://skillry.dev/ai-videos/opus-5-5/jstjs-129051,skillry_example,example,,interactive,[],published_prompt_partial,public_http,,,,,2026-09-30T00:41:01.479881+00:00,3bc228f63100e5dc9572a32992e718019975537c606b82501b0281cb07a9e231,
,dreyk0o0-165270,dreyk0o0,,Skillry,https://skillry.dev/ai-videos/opus-5-5/dreyk0o0-165270,https://skillry.dev/ai-videos/opus-5-5/dreyk0o0-165270,skillry_example,example,,interactive,"[""3d""]",published_prompt_partial,public_http,,,,,2026-09-30T00:41:01.908103+00:00,6e66ec29bb7311de51fd6da1b594b630c3d06043d75e0ebcb594e37ead7b71bf,
,boona11-415751,boona11,,Skillry,https://skillry.dev/ai-videos/opus-5-5/boona11-415751,https://skillry.dev/ai-videos/opus-5-5/boona11-415751,skillry_example,example,,interactive,[],published_prompt_partial,public_http,,,,,2026-09-30T00:41:04.466476+00:00,df23920041375cdf7eb5443681fce01eb1c9c0ea78415682b923344ce66c14e6,
,dmowlin-221566,dmowlin,,Skillry,https://skillry.dev/ai-videos/opus-5-5/dmowlin-221566,https://skillry.dev/ai-videos/opus-5-5/dmowlin-221566,skillry_example,example,,interactive,[],published_prompt_partial,public_http,,,,,2026-09-30T00:41:01.921569+00:00,cf8dd4c516e602094232641a127443112794d1ec21471372772c09981768c101,
,nqaze-939886,nQaze,,Skillry,https://skillry.dev/ai-videos/opus-5-5/nqaze-939886,https://skillry.dev/ai-videos/opus-5-5/nqaze-939886,skillry_example,example,,interactive,"[""3d""]",published_prompt_partial,public_http,,,,,2026-09-30T00:41:02.279365+00:00,fb2932d367bb6bee9d3adf981b15abd05f96be9244a076842484508e58ecdcf3,
,kenjiphang-750512,KenjiPhang,,Skillry,https://skillry.dev/ai-videos/opus-5-5/kenjiphang-750512,https://skillry.dev/ai-videos/opus-5-5/kenjiphang-750512,skillry_example,example,,interactive,[],published_prompt_partial,public_http,,,,,2026-09-30T00:41:02.360711+00:00,ad921977b9c177e1158bd32b8ac4b68de4917cef7f2d0b1cb839606b0ef6dd17,
,anduraio-570761,anduraio,,Skillry,https://skillry.dev/ai-videos/opus-5-5/anduraio-570761,https://skillry.dev/ai-videos/opus-5-5/anduraio-570761,skillry_example,example,,interactive,"[""characters"", ""3d""]",published_prompt_partial,public_http,,,,,2026-09-30T00:41:02.348737+00:00,23f5a04288e5bd23da6ae64474573368cc6ba420c9341d6892971bfd6aa0e0d3,
,kepochnik-237752,kepochnik,,Skillry,https://skillry.dev/ai-videos/opus-5-5/kepochnik-237752,https://skillry.dev/ai-videos/opus-5-5/kepochnik-237752,skillry_example,example,,interactive,"[""characters"", ""3d""]",published_prompt_partial,public_http,,,,,2026-09-30T00:41:02.620726+00:00,e872f55c56fc20c32d17e7976938802a21022d7d47bba9708d7a05a80e00c2a7,
,angie-carel-954689,angie_carel,,Skillry,https://skillry.dev/ai-videos/opus-5-5/angie-carel-954689,https://skillry.dev/ai-videos/opus-5-5/angie-carel-954689,skillry_example,example,,interactive,"[""3d""]",published_prompt_partial,public_http,,,,,2026-09-30T00:41:02.776535+00:00,299734281f4f3dda096578b58909b494dc13416631ca5666c5433ad58bb80a6a,
,loverwnl-712109,loverWNL,,Skillry,https://skillry.dev/ai-videos/opus-5-5/loverwnl-712109,https://skillry.dev/ai-videos/opus-5-5/loverwnl-712109,skillry_example,example,,interactive,"[""3d""]",published_prompt_partial,public_http,,,,,2026-09-30T00:41:02.749066+00:00,13dfb932166443487bb74a18a41580f6ce50ff050d00b9d998e00e587b0a81dc,
,deeprajo1-834106,deeprajO1,,Skillry,https://skillry.dev/ai-videos/opus-5-5/deeprajo1-834106,https://skillry.dev/ai-videos/opus-5-5/deeprajo1-834106,skillry_example,example,,interactive,"[""3d""]",published_prompt_partial,public_http,,,,,2026-09-30T00:41:02.999112+00:00,588c5614ac42ad85a5e48d3a96911f6d60eeb105dee8d43271c9b8245a5bf008,
,vibechine-465008,vibechine,,Skillry,https://skillry.dev/ai-videos/opus-5-5/vibechine-465008,https://skillry.dev/ai-videos/opus-5-5/vibechine-465008,skillry_example,example,,interactive,"[""3d""]",published_prompt_partial,public_http,,,,,2026-09-30T00:41:03.255398+00:00,5e37785021237d9bad1c7c24ef32409478b66c4e71450cade2acf9c43699ef88,
,blitast-studio-257328,blitast_studio,,Skillry,https://skillry.dev/ai-videos/opus-5-5/blitast-studio-257328,https://skillry.dev/ai-videos/opus-5-5/blitast-studio-257328,skillry_example,example,,interactive,"[""3d""]",published_prompt_partial,public_http,,,,,2026-09-30T00:41:03.227884+00:00,63a43f3cca37cb0f0efb6d942b453c3a3897ec93bc3102d01ebe197e158d84db,
,aniketjart-094296,aniketjart,,Skillry,https://skillry.dev/ai-videos/opus-5-5/aniketjart-094296,https://skillry.dev/ai-videos/opus-5-5/aniketjart-094296,skillry_example,example,,interactive,"[""charts_maps"", ""3d""]",published_prompt_partial,public_http,,,,,2026-09-30T00:41:03.334904+00:00,81171de888ee6aa320b6c4ed41ef5595279afa9553dc234b4076966464321477,
,waseemkhalo-636267,waseemkhalo,,Skillry,https://skillry.dev/ai-videos/opus-5-5/waseemkhalo-636267,https://skillry.dev/ai-videos/opus-5-5/waseemkhalo-636267,skillry_example,example,,interactive,[],published_prompt_partial,public_http,,,,,2026-09-30T00:41:03.677072+00:00,6953a96aaa341185be415b405e2be459a5b6a8dfa4f6be5b592fbbbdac246944,
,taylorbereiter-189192,TaylorBereiter,,Skillry,https://skillry.dev/ai-videos/opus-5-5/taylorbereiter-189192,https://skillry.dev/ai-videos/opus-5-5/taylorbereiter-189192,skillry_example,example,,interactive,"[""characters""]",published_prompt_partial,public_http,,,,,2026-09-30T00:41:03.700677+00:00,0f76d96def1b2c7e6ab5a9018ec711036687dba7ae0fe5a2312dbf5ee6100aef,
,smallhusk-272056,smallhusk,,Skillry,https://skillry.dev/ai-videos/opus-5-5/smallhusk-272056,https://skillry.dev/ai-videos/opus-5-5/smallhusk-272056,skillry_example,example,,interactive,"[""3d""]",published_prompt_partial,public_http,,,,,2026-09-30T00:41:04.262550+00:00,d5a5f831c04f7962e185ca461f08ce6799d7290f432e703161c3e1c17f17831c,
,lisp-mi-139812,lisp_mi,,Skillry,https://skillry.dev/ai-videos/opus-5-5/lisp-mi-139812,https://skillry.dev/ai-videos/opus-5-5/lisp-mi-139812,skillry_example,example,,interactive,"[""3d""]",published_prompt_partial,public_http,,,,,2026-09-30T00:41:04.366721+00:00,cd4b71bdd232b5b1fd023000afd8bac90ec069303dd36add5fd3d9774a574356,
,itsjdraven-557760,itsjdraven,,Skillry,https://skillry.dev/ai-videos/opus-5-5/itsjdraven-557760,https://skillry.dev/ai-videos/opus-5-5/itsjdraven-557760,skillry_example,example,,interactive,"[""3d""]",published_prompt_partial,public_http,,,,,2026-09-30T00:41:04.222036+00:00,d2ba4583b65feb1e8aa8ecf0567a82854fba928b0e63fa0c35bd5010f44b8c49,
,izmaelmag-282849,izmaelmag,,Skillry,https://skillry.dev/ai-videos/opus-5-5/izmaelmag-282849,https://skillry.dev/ai-videos/opus-5-5/izmaelmag-282849,skillry_example,example,,interactive,"[""3d""]",published_prompt_partial,public_http,,,,,2026-09-30T00:41:04.659202+00:00,f0e65d7baf1d45fa2c4fb3e0c60ed017e4548898ad3385d31e685c45a6f51e81,
,llama3dstudio-012980,llama3dstudio,,Skillry,https://skillry.dev/ai-videos/opus-5-5/llama3dstudio-012980,https://skillry.dev/ai-videos/opus-5-5/llama3dstudio-012980,skillry_example,example,,interactive,"[""3d""]",published_prompt_partial,public_http,,,,,2026-09-30T00:41:04.672221+00:00,e20fd4d2cfc8b9752aad0ff4078fee08f87999c7705b0dc5dbdab8a2ceb2c922,
,hellovyom-800659,HelloVyom,,Skillry,https://skillry.dev/ai-videos/opus-5-5/hellovyom-800659,https://skillry.dev/ai-videos/opus-5-5/hellovyom-800659,skillry_example,example,,interactive,"[""3d""]",published_prompt_partial,public_http,,,,,2026-09-30T00:41:04.784782+00:00,893b138c0f7b97759eeebc8eea67b7d108d55b1ec116373598eb26605c9122bd,
,realfedeuru-475858,RealFedeURU,,Skillry,https://skillry.dev/ai-videos/opus-5-5/realfedeuru-475858,https://skillry.dev/ai-videos/opus-5-5/realfedeuru-475858,skillry_example,example,,interactive,"[""3d""]",published_prompt_partial,public_http,,,,,2026-09-30T00:41:05.050087+00:00,be99c809eeaa90ba495c1a4e213da0a4071c796ee5fa2e5482c95b12720f8d0d,
,brainwavepub-812667,BrainWavePub,,Skillry,https://skillry.dev/ai-videos/opus-5-5/brainwavepub-812667,https://skillry.dev/ai-videos/opus-5-5/brainwavepub-812667,skillry_example,example,,interactive,"[""3d""]",published_prompt_partial,public_http,,,,,2026-09-30T00:41:05.071075+00:00,3c50fefbb6467e40fc762c4fe0009537bd0a4e1e334c185c62af879d3f3d0c6a,
,alex-vainshtein-195332,Alex_Vainshtein,,Skillry,https://skillry.dev/ai-videos/opus-5-5/alex-vainshtein-195332,https://skillry.dev/ai-videos/opus-5-5/alex-vainshtein-195332,skillry_example,example,,interactive,"[""3d""]",published_prompt_partial,public_http,,,,,2026-09-30T00:41:07.268230+00:00,a1172099aee0127caa15da2e9b557e271ea0a4131e7358716ac98356e2a82d43,
,brenbuilds-386902,BrenBuilds,,Skillry,https://skillry.dev/ai-videos/opus-5-5/brenbuilds-386902,https://skillry.dev/ai-videos/opus-5-5/brenbuilds-386902,skillry_example,example,,interactive,"[""3d""]",published_prompt_partial,public_http,,,,,2026-09-30T00:41:05.228135+00:00,fec7371b41109435e42aefd1b9a51f849367e235f033d1d6a3f9b104851ed5e0,
,mayuresh-empire-687553,mayuresh_empire,,Skillry,https://skillry.dev/ai-videos/opus-5-5/mayuresh-empire-687553,https://skillry.dev/ai-videos/opus-5-5/mayuresh-empire-687553,skillry_example,example,,interactive,"[""3d""]",published_prompt_partial,public_http,,,,,2026-09-30T00:41:05.729875+00:00,641eb86f8363835a9f554ad91b4301f4ca83805177c58122e6a16679743cbf5f,
,tonnusos-006126,tonnusos,,Skillry,https://skillry.dev/ai-videos/opus-5-5/tonnusos-006126,https://skillry.dev/ai-videos/opus-5-5/tonnusos-006126,skillry_example,example,,interactive,[],published_prompt_partial,public_http,,,,,2026-09-30T00:41:07.293765+00:00,f49156831baf47c9cdb1e1e305d15dd4118ffc21e624d5306fef25f9950de00d,
,codrops-340299,codrops,,Skillry,https://skillry.dev/ai-videos/opus-5-5/codrops-340299,https://skillry.dev/ai-videos/opus-5-5/codrops-340299,skillry_example,example,,interactive,"[""3d""]",published_prompt_partial,public_http,,,,,2026-09-30T00:41:05.710081+00:00,223e81a6e256b2b58c36a8a72b49bb0c0d1cdeef70f8c1a2c940ad4e000298f2,
,zhang-baoqing-920413,zhang_baoqing,,Skillry,https://skillry.dev/ai-videos/opus-5-5/zhang-baoqing-920413,https://skillry.dev/ai-videos/opus-5-5/zhang-baoqing-920413,skillry_example,example,,motion,"[""3d""]",published_prompt_partial,public_http,,,,,2026-09-30T00:41:06.177179+00:00,37300701e07248d0e57d53714247ad4f1f09908ce402115ac70551cc83c0afa6,
,sciencedegens-843325,sciencedegens,,Skillry,https://skillry.dev/ai-videos/opus-5-5/sciencedegens-843325,https://skillry.dev/ai-videos/opus-5-5/sciencedegens-843325,skillry_example,example,,motion,"[""3d""]",published_prompt_partial,public_http,,,,,2026-09-30T00:41:06.146246+00:00,c22a26c79ee8f515bc718e961338166a8e280c23845fe4294a96183727303a45,
,ajith-io-890146,ajith_io,,Skillry,https://skillry.dev/ai-videos/opus-5-5/ajith-io-890146,https://skillry.dev/ai-videos/opus-5-5/ajith-io-890146,skillry_example,example,,motion,[],published_prompt,public_http,,,,,2026-09-30T00:41:06.630200+00:00,1b7ddd1b7a1170f1b386206113ce62dd7a03cfda0883723ae4f68c97cd1f6fb6,
,koldo2k-778767,koldo2k,,Skillry,https://skillry.dev/ai-videos/opus-5-5/koldo2k-778767,https://skillry.dev/ai-videos/opus-5-5/koldo2k-778767,skillry_example,example,,explainer,"[""explainer"", ""background_removal"", ""charts_maps""]",published_prompt,public_http,,,,,2026-09-30T00:41:06.677969+00:00,2b12b6974f61de6a4d89c58fa56b5dfbd4de29420d7a3652a8a0fed2cf72c306,
,leonabboud-358051,leonabboud,,Skillry,https://skillry.dev/ai-videos/opus-5-5/leonabboud-358051,https://skillry.dev/ai-videos/opus-5-5/leonabboud-358051,skillry_example,example,,motion,"[""3d""]",published_prompt,public_http,,,,,2026-09-30T00:41:07.054875+00:00,02c3e1e6c45766fd25692048fb0101408907071eb2b7a6bbe2394a62421af611,
,himanshutwtxs-882858,himanshutwtxs,,Skillry,https://skillry.dev/ai-videos/opus-5-5/himanshutwtxs-882858,https://skillry.dev/ai-videos/opus-5-5/himanshutwtxs-882858,skillry_example,example,,motion,[],published_prompt,public_http,,,,,2026-09-30T00:41:07.202289+00:00,3ddd8910f4c016ed27471b7cd1acda8d52b514af14c7931a51ce9144525274ce,
,ror-fly-880547,Ror_Fly,,Skillry,https://skillry.dev/ai-videos/opus-5-5/ror-fly-880547,https://skillry.dev/ai-videos/opus-5-5/ror-fly-880547,skillry_example,example,,explainer,"[""explainer""]",published_prompt,public_http,,,,,2026-09-30T00:41:07.882259+00:00,64f9cfd52dc9c0a7a8bff98e82f1679259b64686d90ef09ba6c585fb609a5187,
,twoclipping-402193,twoclipping,,Skillry,https://skillry.dev/ai-videos/opus-5-5/twoclipping-402193,https://skillry.dev/ai-videos/opus-5-5/twoclipping-402193,skillry_example,example,,motion,"[""charts_maps""]",published_prompt,public_http,,,,,2026-09-30T00:41:07.862844+00:00,384549b5b6f31f68f645871d3d6801e61f25cbdec945449ec9045574fb610cbd,
,kenn-937232,kenn,,Skillry,https://skillry.dev/ai-videos/opus-5-5/kenn-937232,https://skillry.dev/ai-videos/opus-5-5/kenn-937232,skillry_example,example,,motion,[],published_prompt,public_http,,,,,2026-09-30T00:41:07.733173+00:00,9ba75a823b3e5612bc368c4949ef4467d7ce62bb4df6c5225d3ede81d99d4c7d,
,anabology-491441,anabology,,Skillry,https://skillry.dev/ai-videos/opus-5-5/anabology-491441,https://skillry.dev/ai-videos/opus-5-5/anabology-491441,skillry_example,example,,motion,"[""typography"", ""characters"", ""3d""]",published_prompt,public_http,,,,,2026-09-30T00:41:07.835423+00:00,524c983fe00b43ebb2e6c2fc3843d71891b5c89bab3736de7d71d7cba28b5830,
,moritzkremb-466494,moritzkremb,,Skillry,https://skillry.dev/ai-videos/opus-5-5/moritzkremb-466494,https://skillry.dev/ai-videos/opus-5-5/moritzkremb-466494,skillry_example,example,,motion,"[""product_promo""]",published_prompt,public_http,,,,,2026-09-30T00:41:08.268928+00:00,f728393e9fd37f4a6b948bcbbc0116f42001b25f2450fad11018646d01d79100,
,deedydas-252537,deedydas,,Skillry,https://skillry.dev/ai-videos/opus-5-5/deedydas-252537,https://skillry.dev/ai-videos/opus-5-5/deedydas-252537,skillry_example,example,,explainer,"[""explainer""]",published_prompt,public_http,,,,,2026-09-30T00:41:10.268015+00:00,cf74e8b3ffabba80510645999d0925db24ae5568b125b9c9a0f008bd0a1a7366,
,melvynx-638493,melvynx,,Skillry,https://skillry.dev/ai-videos/opus-5-5/melvynx-638493,https://skillry.dev/ai-videos/opus-5-5/melvynx-638493,skillry_example,example,,motion,[],published_prompt,public_http,,,,,2026-09-30T00:41:09.883079+00:00,2539dafbc46205faf3de562c8b251b465fef6a05f72a326df606d5e03c84e993,
,ajith-io-208546,ajith_io,,Skillry,https://skillry.dev/ai-videos/opus-5-5/ajith-io-208546,https://skillry.dev/ai-videos/opus-5-5/ajith-io-208546,skillry_example,example,,motion,[],published_prompt,public_http,,,,,2026-09-30T00:41:08.321193+00:00,e74bc9d4de161d8326e915a35f43d81527ba4374788eef959ca1ccd5b1e9929a,
,sudo-kiran-335993,sudo_kiran,,Skillry,https://skillry.dev/ai-videos/opus-5-5/sudo-kiran-335993,https://skillry.dev/ai-videos/opus-5-5/sudo-kiran-335993,skillry_example,example,,explainer,"[""explainer"", ""product_promo""]",published_prompt,public_http,,,,,2026-09-30T00:41:08.665902+00:00,09c4776f4629d5838134d43ef69128a70129836d30ea46a8f7f1c4c87025db33,
,daniel-mac8-306214,daniel_mac8,,Skillry,https://skillry.dev/ai-videos/opus-5-5/daniel-mac8-306214,https://skillry.dev/ai-videos/opus-5-5/daniel-mac8-306214,skillry_example,example,,motion,"[""characters""]",published_prompt,public_http,,,,,2026-09-30T00:41:08.704677+00:00,132f819fb6b671eddfcbd9eeda13990313d5162f7f808529355ac6eba5a5b75e,
,prasad-pilla-496049,prasad_pilla,,Skillry,https://skillry.dev/ai-videos/opus-5-5/prasad-pilla-496049,https://skillry.dev/ai-videos/opus-5-5/prasad-pilla-496049,skillry_example,example,,motion,[],published_prompt,public_http,,,,,2026-09-30T00:41:09.129940+00:00,d1c5264c42e95c6efbe064c7a4e16c0626720607092b7bce73e35154d96d9c5a,
,mandelduck-768972,MandelDuck,,Skillry,https://skillry.dev/ai-videos/opus-5-5/mandelduck-768972,https://skillry.dev/ai-videos/opus-5-5/mandelduck-768972,skillry_example,example,,interactive,"[""3d""]",published_prompt,public_http,,,,,2026-09-30T00:41:09.154691+00:00,dbc74e4b64b1abc6ce044800c22d2c7c3f000ec725edbb33b167c3da7751d3f3,
,itsolelehmann-762215,itsolelehmann,,Skillry,https://skillry.dev/ai-videos/opus-5-5/itsolelehmann-762215,https://skillry.dev/ai-videos/opus-5-5/itsolelehmann-762215,skillry_example,example,,motion,[],published_prompt,public_http,,,,,2026-09-30T00:41:09.484604+00:00,536ffc229f2991075eb7c23989e0a9c6d2a50bdfc546e7ab753668b050dd73e0,
,0xvalure-331584,0xValure,,Skillry,https://skillry.dev/ai-videos/opus-5-5/0xvalure-331584,https://skillry.dev/ai-videos/opus-5-5/0xvalure-331584,skillry_example,example,,explainer,"[""explainer"", ""3d""]",published_prompt,public_http,,,,,2026-09-30T00:41:09.541328+00:00,66872c21241aa660f680e81da526daf6abb2a5f6a91a3ef28ce8971da692283e,
,verbove-268381,verbove,,Skillry,https://skillry.dev/ai-videos/opus-5-5/verbove-268381,https://skillry.dev/ai-videos/opus-5-5/verbove-268381,skillry_example,example,,explainer,"[""reels_shorts"", ""explainer"", ""product_promo""]",published_prompt,public_http,,,,,2026-09-30T00:41:09.817535+00:00,7fd2bc242b9ac26a851404fbf660febb5a59aaab5fba56bd45ea1ea6193bc78f,
,ayushunleashed-084755,ayushunleashed,,Skillry,https://skillry.dev/ai-videos/opus-5-5/ayushunleashed-084755,https://skillry.dev/ai-videos/opus-5-5/ayushunleashed-084755,skillry_example,example,,motion,[],published_prompt,public_http,,,,,2026-09-30T00:41:10.003297+00:00,3d12049543bf3178a049366115a4337ba9078d45e198ce4e7c3ca97dff3e57d0,
,gandamu-ml-220530,gandamu_ml,,Skillry,https://skillry.dev/ai-videos/opus-5-5/gandamu-ml-220530,https://skillry.dev/ai-videos/opus-5-5/gandamu-ml-220530,skillry_example,example,,interactive,"[""3d""]",published_prompt,public_http,,,,,2026-09-30T00:41:10.253360+00:00,36ef10b23aca9f8f44453ae67f469f9d985796932f3210b70d6d47b9c0c4fcef,
,ishaaqahamed-107563,Ishaaqahamed,,Skillry,https://skillry.dev/ai-videos/opus-5-5/ishaaqahamed-107563,https://skillry.dev/ai-videos/opus-5-5/ishaaqahamed-107563,skillry_example,example,,motion,"[""product_promo""]",published_prompt,public_http,,,,,2026-09-30T00:41:10.475424+00:00,d3abe95b50b3a46dfb8cb7d2d26cf86d2e2d7d14eb1043794f1a5eaf164a37c6,
,dannnnnok-716687,Dannnnnok,,Skillry,https://skillry.dev/ai-videos/opus-5-5/dannnnnok-716687,https://skillry.dev/ai-videos/opus-5-5/dannnnnok-716687,skillry_example,example,,3d,"[""3d""]",published_prompt,public_http,,,,,2026-09-30T00:41:12.325986+00:00,8a942fe9c1b96c14eddc0dd9acbeaa28ac80cf48f57708f42a1c14cb99ddc326,
,codestackr-328129,codeSTACKr,,Skillry,https://skillry.dev/ai-videos/opus-5-5/codestackr-328129,https://skillry.dev/ai-videos/opus-5-5/codestackr-328129,skillry_example,example,,motion,[],published_prompt,public_http,,,,,2026-09-30T00:41:10.794392+00:00,7cdeb04860a9e6384dc0a405d484220daf1eda1e4b2cfc85193c28f4b16fdfa7,
,heyiammallik-293397,heyiammallik,,Skillry,https://skillry.dev/ai-videos/opus-5-5/heyiammallik-293397,https://skillry.dev/ai-videos/opus-5-5/heyiammallik-293397,skillry_example,example,,motion,"[""3d""]",published_prompt,public_http,,,,,2026-09-30T00:41:10.937249+00:00,4174d606e0ee000ce04be5f2ebbc8decd1f0051510f490bf257db678c19e07fa,
,ajith-io-562538,ajith_io,,Skillry,https://skillry.dev/ai-videos/opus-5-5/ajith-io-562538,https://skillry.dev/ai-videos/opus-5-5/ajith-io-562538,skillry_example,example,,explainer,"[""explainer"", ""3d""]",published_prompt,public_http,,,,,2026-09-30T00:41:10.919752+00:00,b2415fd92e06ff178e3de5bad19d128244a9cc76b03e1315eebb781d8612fcd6,
,ann-nnng-852885,ann_nnng,,Skillry,https://skillry.dev/ai-videos/opus-5-5/ann-nnng-852885,https://skillry.dev/ai-videos/opus-5-5/ann-nnng-852885,skillry_example,example,,motion,"[""product_promo""]",published_prompt,public_http,,,,,2026-09-30T00:41:11.343708+00:00,a538a1833af90fb4ab337a552a45ca034030628189a7bd8f66fa1ff6a7c11be5,
,ajith-io-615243,ajith_io,,Skillry,https://skillry.dev/ai-videos/opus-5-5/ajith-io-615243,https://skillry.dev/ai-videos/opus-5-5/ajith-io-615243,skillry_example,example,,motion,[],published_prompt,public_http,,,,,2026-09-30T00:41:11.364049+00:00,437d674cefeeae3ae9e4ebb761b76d7298b5c0471536801a7c009103eb13529c,
,0xfemyn-137833,0xfemyn,,Skillry,https://skillry.dev/ai-videos/opus-5-5/0xfemyn-137833,https://skillry.dev/ai-videos/opus-5-5/0xfemyn-137833,skillry_example,example,,motion,[],published_prompt,public_http,,,,,2026-09-30T00:41:11.479116+00:00,f2f7820533ada118c5b0b95050816f6204928e97bdd8e790748c4c4394bfac01,
,misbahsy-882277,MisbahSy,,Skillry,https://skillry.dev/ai-videos/opus-5-5/misbahsy-882277,https://skillry.dev/ai-videos/opus-5-5/misbahsy-882277,skillry_example,example,,motion,[],published_prompt,public_http,,,,,2026-09-30T00:41:11.844382+00:00,5891ddf21ffbb135bd2214ae7b8da5a5093b42b818a9c55d3d6bacef7fb2e5b4,
,0xchuckstock-879327,0xChuckstock,,Skillry,https://skillry.dev/ai-videos/opus-5-5/0xchuckstock-879327,https://skillry.dev/ai-videos/opus-5-5/0xchuckstock-879327,skillry_example,example,,interactive,"[""3d""]",published_prompt,public_http,,,,,2026-09-30T00:41:11.790679+00:00,3e6c2e661071ede05a78c02563d2778ed552560877034dd51cf4b74be8c3ceb9,
,twoclipping-000267,twoclipping,,Skillry,https://skillry.dev/ai-videos/opus-5-5/twoclipping-000267,https://skillry.dev/ai-videos/opus-5-5/twoclipping-000267,skillry_example,example,,3d,"[""product_promo""]",published_prompt,public_http,,,,,2026-09-30T00:41:12.035884+00:00,f0c085f28366414537b04de5baac40928ac0f959ed35ced74885cdb1a268c4ba,
,morse-369333,__morse,,Skillry,https://skillry.dev/ai-videos/opus-5-5/morse-369333,https://skillry.dev/ai-videos/opus-5-5/morse-369333,skillry_example,example,,3d,"[""charts_maps""]",published_prompt,public_http,,,,,2026-09-30T00:41:12.300795+00:00,75ee039c23ee7b967e93cdc2e2f4afa5b08c0c24b46fadf377f909c04a12ade9,
,prasenx-693512,prasenx,,Skillry,https://skillry.dev/ai-videos/opus-5-5/prasenx-693512,https://skillry.dev/ai-videos/opus-5-5/prasenx-693512,skillry_example,example,,motion,[],published_prompt,public_http,,,,,2026-09-30T00:41:12.209080+00:00,a487b18398bcaece5999b82827a5d06dfa0423b55d258ccd827bd9f14c3b37a2,
,brainextends-606193,brainextends,,Skillry,https://skillry.dev/ai-videos/opus-5-5/brainextends-606193,https://skillry.dev/ai-videos/opus-5-5/brainextends-606193,skillry_example,example,,motion,"[""product_promo"", ""typography""]",published_prompt,public_http,,,,,2026-09-30T00:41:12.417738+00:00,0fb4e5d46e8db00e72a03978efd7c5abd686e17e0a954e795a8f69b809fc9890,
,pankajkumar-dev-718609,pankajkumar_dev,,Skillry,https://skillry.dev/ai-videos/opus-5-5/pankajkumar-dev-718609,https://skillry.dev/ai-videos/opus-5-5/pankajkumar-dev-718609,skillry_example,example,,motion,[],published_prompt,public_http,,,,,2026-09-30T00:41:12.698650+00:00,ceaf5d3b049b74485a842c3b553014516ad4282928eec9e63a265c2d82dc583d,
,sudeepsd-158453,sudeepsd_,,Skillry,https://skillry.dev/ai-videos/opus-5-5/sudeepsd-158453,https://skillry.dev/ai-videos/opus-5-5/sudeepsd-158453,skillry_example,example,,motion,"[""3d""]",published_prompt,public_http,,,,,2026-09-30T00:41:12.731358+00:00,2029b326dc1f2ff1b708d726446e56b538ccf42955f621b075704905cf04d8b9,
,nolkeeg-635633,nolkeeg,,Skillry,https://skillry.dev/ai-videos/opus-5-5/nolkeeg-635633,https://skillry.dev/ai-videos/opus-5-5/nolkeeg-635633,skillry_example,example,,motion,[],published_prompt,public_http,,,,,2026-09-30T00:41:12.741421+00:00,52019d5ea5b84c8a428c1bca5cd6f1d988d377967cec2b93409da2ae61bc4499,
,wallt-white-942703,wallt_white,,Skillry,https://skillry.dev/ai-videos/opus-5-5/wallt-white-942703,https://skillry.dev/ai-videos/opus-5-5/wallt-white-942703,skillry_example,example,,motion,[],published_prompt,public_http,,,,,2026-09-30T00:41:13.029272+00:00,f41655b1cd32af7cbab3fc9de34d347b1113a75c21277bcb5be75ee2299cc247,
,1littlecoder-378066,1littlecoder,,Skillry,https://skillry.dev/ai-videos/opus-5-5/1littlecoder-378066,https://skillry.dev/ai-videos/opus-5-5/1littlecoder-378066,skillry_example,example,,motion,[],published_prompt,public_http,,,,,2026-09-30T00:41:13.065803+00:00,ca048bf542550f5ce6a4d36ac9a07991adf1bb5c1416564057e8aa84efbaf603,
,ezshine-750731,ezshine,,Skillry,https://skillry.dev/ai-videos/opus-5-5/ezshine-750731,https://skillry.dev/ai-videos/opus-5-5/ezshine-750731,skillry_example,example,,motion,[],published_prompt,public_http,,,,,2026-09-30T00:41:14.917854+00:00,90374ebe6424ace531fe3841ef86da3ae72ad31fa082e572bab1e6377a6deb60,
,0xscoffie-779830,0xScoffie,,Skillry,https://skillry.dev/ai-videos/opus-5-5/0xscoffie-779830,https://skillry.dev/ai-videos/opus-5-5/0xscoffie-779830,skillry_example,example,,motion,[],published_prompt,public_http,,,,,2026-09-30T00:41:13.107587+00:00,816aac2b496509f53ca243e73c894f34774eee13182fdcb811f90f244cf96abd,
,lukasersil-726495,lukasersil,,Skillry,https://skillry.dev/ai-videos/opus-5-5/lukasersil-726495,https://skillry.dev/ai-videos/opus-5-5/lukasersil-726495,skillry_example,example,,3d,"[""typography"", ""3d""]",published_prompt,public_http,,,,,2026-09-30T00:41:13.373456+00:00,7fa0c1fabd0a23af07cdc95343f5f4390282629bd5ae182933df6640e92acd34,
,raphaelaubryy-190360,RaphaelAubryy,,Skillry,https://skillry.dev/ai-videos/opus-5-5/raphaelaubryy-190360,https://skillry.dev/ai-videos/opus-5-5/raphaelaubryy-190360,skillry_example,example,,3d,[],published_prompt,public_http,,,,,2026-09-30T00:41:13.428031+00:00,8ca466d45c3389b341ca09d50b930cc8a121442d4745adc96292d7842751b65f,
,levabashidze-184909,levabashidze,,Skillry,https://skillry.dev/ai-videos/opus-5-5/levabashidze-184909,https://skillry.dev/ai-videos/opus-5-5/levabashidze-184909,skillry_example,example,,motion,[],published_prompt,public_http,,,,,2026-09-30T00:41:13.487259+00:00,b709c26435a44f3134920055b337917096e82d79e96816425df5b0f615a0bf54,
,bthreeagency-827092,BThreeAgency,,Skillry,https://skillry.dev/ai-videos/opus-5-5/bthreeagency-827092,https://skillry.dev/ai-videos/opus-5-5/bthreeagency-827092,skillry_example,example,,3d,[],published_prompt,public_http,,,,,2026-09-30T00:41:15.410417+00:00,c28335265d15c53f3736647d1c9f9ca2cfbd08f4c997a6dc181b1e5b9cefe51e,
,linearuncle-971663,LinearUncle,,Skillry,https://skillry.dev/ai-videos/opus-5-5/linearuncle-971663,https://skillry.dev/ai-videos/opus-5-5/linearuncle-971663,skillry_example,example,,explainer,"[""explainer""]",published_prompt,public_http,,,,,2026-09-30T00:41:13.792329+00:00,19acb78ca946af351fdd64349c99c1f33f0c55ece0b67a22fd17f0dc33d879d2,
,alexalbert-274839,alexalbert__,,Skillry,https://skillry.dev/ai-videos/opus-5-5/alexalbert-274839,https://skillry.dev/ai-videos/opus-5-5/alexalbert-274839,skillry_example,example,,3d,"[""3d""]",published_prompt,public_http,,,,,2026-09-30T00:41:13.947028+00:00,11184c0e0b568d624a9871abe05feea677b9aad0802915ac2a783a8c1f915507,
,zacxbt-944604,zacxbt,,Skillry,https://skillry.dev/ai-videos/opus-5-5/zacxbt-944604,https://skillry.dev/ai-videos/opus-5-5/zacxbt-944604,skillry_example,example,,interactive,"[""characters""]",published_prompt,public_http,,,,,2026-09-30T00:41:14.198779+00:00,00047b0d9759925d8c4179b61847037f8003981200e2c6d389a6a45b4e8d8028,
,lexnlin-241739,LexnLin,,Skillry,https://skillry.dev/ai-videos/opus-5-5/lexnlin-241739,https://skillry.dev/ai-videos/opus-5-5/lexnlin-241739,skillry_example,example,,interactive,"[""3d""]",published_prompt,public_http,,,,,2026-09-30T00:41:14.353798+00:00,3b28e70a260f307a1caec1820462f017aba226f5f3c632aaa40c39b810f24d36,
,songkeys-384673,songkeys,,Skillry,https://skillry.dev/ai-videos/opus-5-5/songkeys-384673,https://skillry.dev/ai-videos/opus-5-5/songkeys-384673,skillry_example,example,,motion,[],published_prompt,public_http,,,,,2026-09-30T00:41:14.590439+00:00,6ed9452b4d21121b9e54981076f3198c09d5104a4375e885b74982f44764364b,
,michaelzsguo-782312,Michaelzsguo,,Skillry,https://skillry.dev/ai-videos/opus-5-5/michaelzsguo-782312,https://skillry.dev/ai-videos/opus-5-5/michaelzsguo-782312,skillry_example,example,,3d,[],published_prompt,public_http,,,,,2026-09-30T00:41:14.691889+00:00,4b372816aacb5d0822f507191c6ad5af3e66547a070e665ae5d44d7c358d99e4,
,jackfriks-338762,jackfriks,,Skillry,https://skillry.dev/ai-videos/opus-5-5/jackfriks-338762,https://skillry.dev/ai-videos/opus-5-5/jackfriks-338762,skillry_example,example,,motion,"[""reels_shorts""]",published_prompt,public_http,,,,,2026-09-30T00:41:17.499259+00:00,cfd67ff7dbb1071363bd765f94767930f50c85f63d1d38ea136e80215d51a1d1,
,sab8a-475686,sab8a,,Skillry,https://skillry.dev/ai-videos/opus-5-5/sab8a-475686,https://skillry.dev/ai-videos/opus-5-5/sab8a-475686,skillry_example,example,,motion,"[""typography""]",published_prompt,public_http,,,,,2026-09-30T00:41:15.079074+00:00,cac4dccc08d513546934bab9dfbb6bb1cbbd29f25bd5a34dca01299e3ea07c44,
,theattnlayer-471834,theattnlayer,,Skillry,https://skillry.dev/ai-videos/opus-5-5/theattnlayer-471834,https://skillry.dev/ai-videos/opus-5-5/theattnlayer-471834,skillry_example,example,,motion,[],published_prompt,public_http,,,,,2026-09-30T00:41:15.372000+00:00,44965ce048dcead21b5600aa4f3d0135dc1b168ae5261076322b3cdd989626bd,
,itisrazak-332386,itisRazak,,Skillry,https://skillry.dev/ai-videos/opus-5-5/itisrazak-332386,https://skillry.dev/ai-videos/opus-5-5/itisrazak-332386,skillry_example,example,,motion,"[""3d""]",published_prompt,public_http,,,,,2026-09-30T00:41:15.448704+00:00,6ffa73058632954e8be75bfff15dc90a9ef0aef3e5e6d92b68341823570cc7e1,
,twoclipping-496100,twoclipping,,Skillry,https://skillry.dev/ai-videos/opus-5-5/twoclipping-496100,https://skillry.dev/ai-videos/opus-5-5/twoclipping-496100,skillry_example,example,,3d,"[""product_promo"", ""charts_maps""]",published_prompt,public_http,,,,,2026-09-30T00:41:15.788750+00:00,e63601c867c01316e4cc58ac6b2884321c882a10d4154573132f8095116008f1,
,viktoroddy-402509,viktoroddy,,Skillry,https://skillry.dev/ai-videos/opus-5-5/viktoroddy-402509,https://skillry.dev/ai-videos/opus-5-5/viktoroddy-402509,skillry_example,example,,motion,"[""product_promo""]",published_prompt,public_http,,,,,2026-09-30T00:41:16.096945+00:00,c22a46bedf2a9246b5ee94ac7240918c3f7f9910615970435395e69c31ec290e,
,kloss-xyz-941143,kloss_xyz,,Skillry,https://skillry.dev/ai-videos/opus-5-5/kloss-xyz-941143,https://skillry.dev/ai-videos/opus-5-5/kloss-xyz-941143,skillry_example,example,,motion,"[""reels_shorts"", ""product_promo""]",published_prompt,public_http,,,,,2026-09-30T00:41:16.346527+00:00,9a51885f8382ef3b32eb6a2539f55e0edff68d4da79fc3de81c2439b03a80e71,
,thismacapital-375808,thismacapital,,Skillry,https://skillry.dev/ai-videos/opus-5-5/thismacapital-375808,https://skillry.dev/ai-videos/opus-5-5/thismacapital-375808,skillry_example,example,,motion,[],published_prompt,public_http,,,,,2026-09-30T00:41:16.364713+00:00,99d77462e6fa5cf5b45d4c9484c2def6048bbf11a8c68ded1d92a1929b222c26,
,ndhabarde11-686104,ndhabarde11,,Skillry,https://skillry.dev/ai-videos/opus-5-5/ndhabarde11-686104,https://skillry.dev/ai-videos/opus-5-5/ndhabarde11-686104,skillry_example,example,,motion,[],published_prompt,public_http,,,,,2026-09-30T00:41:16.549349+00:00,dce5c80f81e2f2e2f5adc8b78afb4fb5ff7a6c85dc8e4d6396599edabd5d8339,
,majidmanzarpour-927543,majidmanzarpour,,Skillry,https://skillry.dev/ai-videos/opus-5-5/majidmanzarpour-927543,https://skillry.dev/ai-videos/opus-5-5/majidmanzarpour-927543,skillry_example,example,,motion,"[""characters""]",published_prompt,public_http,,,,,2026-09-30T00:41:16.759482+00:00,173d24d73329a3302f3303027374f913ee22be9233d49298c8c330b31091ad5f,
,monokern-832979,monokern,,Skillry,https://skillry.dev/ai-videos/opus-5-5/monokern-832979,https://skillry.dev/ai-videos/opus-5-5/monokern-832979,skillry_example,example,,motion,"[""3d""]",published_prompt,public_http,,,,,2026-09-30T00:41:16.746005+00:00,50d9442469e19edb0dbb61e5a5f41d8d7339b11100801f4d354e8a2d6ac4cac7,
,zheke-622583,zheke,,Skillry,https://skillry.dev/ai-videos/opus-5-5/zheke-622583,https://skillry.dev/ai-videos/opus-5-5/zheke-622583,skillry_example,example,,motion,"[""3d""]",published_prompt,public_http,,,,,2026-09-30T00:41:19.352068+00:00,f35910e39c448d448e228c31d9fd700c72a4b399a137034d2cf6a100f3333908,
,axtonliu-290566,AxtonLiu,,Skillry,https://skillry.dev/ai-videos/opus-5-5/axtonliu-290566,https://skillry.dev/ai-videos/opus-5-5/axtonliu-290566,skillry_example,example,,3d,"[""3d""]",published_prompt,public_http,,,,,2026-09-30T00:41:17.122557+00:00,95fc58eaae07d607727661e3496466c6a7955302bc69bdc0a76dfc42a9e615bd,
,demonugc-525162,demonugc,,Skillry,https://skillry.dev/ai-videos/opus-5-5/demonugc-525162,https://skillry.dev/ai-videos/opus-5-5/demonugc-525162,skillry_example,example,,motion,"[""charts_maps""]",published_prompt,public_http,,,,,2026-09-30T00:41:17.141366+00:00,51d9bce0e73dc9796e39a6f37cceeeacea198b26b69b381d858321800d59d855,
,alex-prompter-997524,alex_prompter,,Skillry,https://skillry.dev/ai-videos/opus-5-5/alex-prompter-997524,https://skillry.dev/ai-videos/opus-5-5/alex-prompter-997524,skillry_example,example,,explainer,"[""explainer""]",published_prompt,public_http,,,,,2026-09-30T00:41:17.773061+00:00,2a2676d8b3d95e48774552689622fa31ed4d9207ad5731dcbcf8eea0c329e2bb,
,emollick-019567,emollick,,Skillry,https://skillry.dev/ai-videos/opus-5-5/emollick-019567,https://skillry.dev/ai-videos/opus-5-5/emollick-019567,skillry_example,example,,explainer,"[""explainer""]",published_prompt,public_http,,,,,2026-09-30T00:41:17.764911+00:00,3bb33adc1c33340faeb557befa7288fae2736f2ee4040a3a9803f7f8cdfec2a4,
,dale-vaz-879074,dale_vaz,,Skillry,https://skillry.dev/ai-videos/opus-5-5/dale-vaz-879074,https://skillry.dev/ai-videos/opus-5-5/dale-vaz-879074,skillry_example,example,,motion,"[""charts_maps""]",published_prompt,public_http,,,,,2026-09-30T00:41:18.159701+00:00,27e9a55112f31a7736d18ee680dacf0965ae92d3a3ca065699a7ddd26992cec6,
,gabrielbuzziv-057430,gabrielbuzziv,,Skillry,https://skillry.dev/ai-videos/opus-5-5/gabrielbuzziv-057430,https://skillry.dev/ai-videos/opus-5-5/gabrielbuzziv-057430,skillry_example,example,,motion,"[""3d""]",published_prompt,public_http,,,,,2026-09-30T00:41:18.178313+00:00,16c54e4d123f3e116612852c2fe3a7fdbfccf65f602a08790c88785c7f12e1c8,
,chatgptastra-807540,ChatGptAstra,,Skillry,https://skillry.dev/ai-videos/opus-5-5/chatgptastra-807540,https://skillry.dev/ai-videos/opus-5-5/chatgptastra-807540,skillry_example,example,,motion,[],published_prompt,public_http,,,,,2026-09-30T00:41:21.107746+00:00,8e7c434ab12ce94e325780573c573b5c88962dd456379937c32305c7be697966,
,kloss-xyz-067876,kloss_xyz,,Skillry,https://skillry.dev/ai-videos/opus-5-5/kloss-xyz-067876,https://skillry.dev/ai-videos/opus-5-5/kloss-xyz-067876,skillry_example,example,,explainer,"[""explainer""]",published_prompt,public_http,,,,,2026-09-30T00:41:18.596842+00:00,045f80106078204fe54fdcac597a2b2555adb43ac7cda957eebd4cc40702641d,
,eyishazyer-129686,eyishazyer,,Skillry,https://skillry.dev/ai-videos/opus-5-5/eyishazyer-129686,https://skillry.dev/ai-videos/opus-5-5/eyishazyer-129686,skillry_example,example,,motion,[],published_prompt,public_http,,,,,2026-09-30T00:41:18.576838+00:00,8b608473abd23993239c27fe989931d0cd58135a6cee7464f05dc081db8db48b,
,stephanlivera-470926,stephanlivera,,Skillry,https://skillry.dev/ai-videos/opus-5-5/stephanlivera-470926,https://skillry.dev/ai-videos/opus-5-5/stephanlivera-470926,skillry_example,example,,motion,[],published_prompt,public_http,,,,,2026-09-30T00:41:18.931693+00:00,79e6283264a9f071e9345f407141e338d136bcce4a1104187bd9ff4c309de2d5,
,spearwtf-029058,SPEARwtf,,Skillry,https://skillry.dev/ai-videos/opus-5-5/spearwtf-029058,https://skillry.dev/ai-videos/opus-5-5/spearwtf-029058,skillry_example,example,,motion,"[""3d""]",published_prompt,public_http,,,,,2026-09-30T00:41:18.968657+00:00,8ca75ad275a75a96113dc45dde670356ce58053f51219665b967d62169dc9449,
,majorbaguette-834228,MajorBaguette,,Skillry,https://skillry.dev/ai-videos/opus-5-5/majorbaguette-834228,https://skillry.dev/ai-videos/opus-5-5/majorbaguette-834228,skillry_example,example,,motion,[],published_prompt,public_http,,,,,2026-09-30T00:41:19.394612+00:00,e8dbf931ed85cabc2b3b8ccd5d78ce4fbc03458fe1d4db2d9b3942840500ea2f,
,miskinho-956105,miskinho_,,Skillry,https://skillry.dev/ai-videos/opus-5-5/miskinho-956105,https://skillry.dev/ai-videos/opus-5-5/miskinho-956105,skillry_example,example,,motion,[],published_prompt,public_http,,,,,2026-09-30T00:41:19.378611+00:00,7452dd2244160fea566fb21a33a037bb4fe6a6a658a0fd608d9619bde1019d5f,
,felipemoller-936736,felipemoller,,Skillry,https://skillry.dev/ai-videos/opus-5-5/felipemoller-936736,https://skillry.dev/ai-videos/opus-5-5/felipemoller-936736,skillry_example,example,,motion,"[""reels_shorts"", ""3d""]",published_prompt,public_http,,,,,2026-09-30T00:41:19.716474+00:00,a09226dce42492e84bdbff4c895fa449107dbbec820a16313e8aadfccf409b86,
,mdaman010-111079,mdaman010,,Skillry,https://skillry.dev/ai-videos/opus-5-5/mdaman010-111079,https://skillry.dev/ai-videos/opus-5-5/mdaman010-111079,skillry_example,example,,3d,"[""3d""]",published_prompt,public_http,,,,,2026-09-30T00:41:19.755717+00:00,d2bc425984f590379eaf191d5684770dd6e58ec87a6de876ea60ec84375e4b26,
,ho-ba-761062,HO_BA,,Skillry,https://skillry.dev/ai-videos/opus-5-5/ho-ba-761062,https://skillry.dev/ai-videos/opus-5-5/ho-ba-761062,skillry_example,example,,motion,"[""product_promo""]",published_prompt,public_http,,,,,2026-09-30T00:41:19.748063+00:00,4663bfa1a75f572aa4cee1d8a4328707d5dba86196a9b4d7b42e6dede2addd72,
,howdevelop-733090,HowDevelop,,Skillry,https://skillry.dev/ai-videos/opus-5-5/howdevelop-733090,https://skillry.dev/ai-videos/opus-5-5/howdevelop-733090,skillry_example,example,,motion,"[""reels_shorts"", ""product_promo"", ""typography""]",published_prompt,public_http,,,,,2026-09-30T00:41:21.162677+00:00,cf4bb88129718a3c026f6987196ff79d33d81833f46cdf23836bdfc1b305856c,
,miaai-lab-774895,MiaAI_lab,,Skillry,https://skillry.dev/ai-videos/opus-5-5/miaai-lab-774895,https://skillry.dev/ai-videos/opus-5-5/miaai-lab-774895,skillry_example,example,,motion,"[""3d""]",published_prompt,public_http,,,,,2026-09-30T00:41:20.133185+00:00,5b48a9f108996a1c403b2bf6daca33fee9656b1a2381617e4ec05a3f1feca47e,
,hqmank-241156,hqmank,,Skillry,https://skillry.dev/ai-videos/opus-5-5/hqmank-241156,https://skillry.dev/ai-videos/opus-5-5/hqmank-241156,skillry_example,example,,motion,"[""product_promo""]",published_prompt,public_http,,,,,2026-09-30T00:41:20.169199+00:00,2d01599294fd692e6becde3b439d3ee1264b8a4b515726c48233009a9db4bf1e,
,iamtanzil-675031,iamtanzil_,,Skillry,https://skillry.dev/ai-videos/opus-5-5/iamtanzil-675031,https://skillry.dev/ai-videos/opus-5-5/iamtanzil-675031,skillry_example,example,,3d,"[""typography"", ""characters"", ""charts_maps"", ""3d""]",published_prompt,public_http,,,,,2026-09-30T00:41:20.528005+00:00,d6678aa0bd3bcc6ad2e49ecdaa4595c0319b40abdb4f1d30a3e56bfb16f1e28a,
,gouthamjay8-910269,gouthamjay8,,Skillry,https://skillry.dev/ai-videos/opus-5-5/gouthamjay8-910269,https://skillry.dev/ai-videos/opus-5-5/gouthamjay8-910269,skillry_example,example,,motion,"[""product_promo""]",published_prompt,public_http,,,,,2026-09-30T00:41:20.641888+00:00,d98ddc6bf4f35add9f45ecaf25f0e73bb976b1228ec584c0e60a2e6d3a87e6c5,
,marklaunches-041046,marklaunches,,Skillry,https://skillry.dev/ai-videos/opus-5-5/marklaunches-041046,https://skillry.dev/ai-videos/opus-5-5/marklaunches-041046,skillry_example,example,,motion,"[""product_promo""]",published_prompt,public_http,,,,,2026-09-30T00:41:20.889364+00:00,3e43c531b1b19957195692a85907d8448dcf2cf7af35e4af3a16098fcebef7e9,
,kmasiff-549880,KmAsiff,,Skillry,https://skillry.dev/ai-videos/opus-5-5/kmasiff-549880,https://skillry.dev/ai-videos/opus-5-5/kmasiff-549880,skillry_example,example,,motion,"[""product_promo""]",published_prompt,public_http,,,,,2026-09-30T00:41:21.127909+00:00,fbb22dd3b49d8d58baab068a01128b79a7b1241fac7aa3588707c7099ed31cde,
,redpersongpt-284430,redpersongpt,,Skillry,https://skillry.dev/ai-videos/opus-5-5/redpersongpt-284430,https://skillry.dev/ai-videos/opus-5-5/redpersongpt-284430,skillry_example,example,,interactive,"[""reels_shorts"", ""product_promo"", ""typography"", ""charts_maps""]",published_prompt,public_http,,,,,2026-09-30T00:41:21.525383+00:00,f4703d3b33a3dec2cb215596fd0092452bb755ada1e211895ab2570e2d354099,
,triglyceee-161719,TrigLyceee,,Skillry,https://skillry.dev/ai-videos/opus-5-5/triglyceee-161719,https://skillry.dev/ai-videos/opus-5-5/triglyceee-161719,skillry_example,example,,motion,[],published_prompt,public_http,,,,,2026-09-30T00:41:21.550111+00:00,76fd7d2dd45932c29ab603280719844ee574c4b86f2db184126b930b0da106f2,
,mounnna-497266,Mounnna,,Skillry,https://skillry.dev/ai-videos/opus-5-5/mounnna-497266,https://skillry.dev/ai-videos/opus-5-5/mounnna-497266,skillry_example,example,,motion,[],published_prompt,public_http,,,,,2026-09-30T00:41:23.071312+00:00,7ec7609da43df91158468bf2e4368c0afbfa9b3087289e20d0ec30e3eac5aeb8,
,henkvaness-975279,henkvaness,,Skillry,https://skillry.dev/ai-videos/opus-5-5/henkvaness-975279,https://skillry.dev/ai-videos/opus-5-5/henkvaness-975279,skillry_example,example,,explainer,"[""explainer""]",published_prompt,public_http,,,,,2026-09-30T00:41:21.584494+00:00,b61f1afc36c6fd3c91eebd9c5abb55bc0f96d039c9007ccbed516799b88e99ff,
,vfnuness-704448,vfnuness,,Skillry,https://skillry.dev/ai-videos/opus-5-5/vfnuness-704448,https://skillry.dev/ai-videos/opus-5-5/vfnuness-704448,skillry_example,example,,motion,[],published_prompt,public_http,,,,,2026-09-30T00:41:21.894794+00:00,9460bbc0c71d7b06b5db94d2172d409e5dadf94536adcca65819357370bc5a5a,
,johnsavage-ai-427263,johnsavage_ai,,Skillry,https://skillry.dev/ai-videos/opus-5-5/johnsavage-ai-427263,https://skillry.dev/ai-videos/opus-5-5/johnsavage-ai-427263,skillry_example,example,,motion,"[""product_promo"", ""3d""]",published_prompt,public_http,,,,,2026-09-30T00:41:21.928994+00:00,b27ef297c16587e1531f8edea285ffc8b3e6d04782fc51994097477eba102856,
,froessell-562325,froessell,,Skillry,https://skillry.dev/ai-videos/opus-5-5/froessell-562325,https://skillry.dev/ai-videos/opus-5-5/froessell-562325,skillry_example,example,,interactive,"[""product_promo"", ""typography"", ""characters"", ""charts_maps"", ""3d""]",published_prompt,public_http,,,,,2026-09-30T00:41:22.118602+00:00,d6b895fbdcd155dfe36f5bda3f1ee6c645ed6d7695ff900235349dc77871b8a6,
,rammanq-034553,rammanq,,Skillry,https://skillry.dev/ai-videos/opus-5-5/rammanq-034553,https://skillry.dev/ai-videos/opus-5-5/rammanq-034553,skillry_example,example,,motion,[],published_prompt,public_http,,,,,2026-09-30T00:41:22.303064+00:00,b750c2fc7032ffa999e282006d1400239667dff2bdbca0ceea6acbc804cc6409,
,polydao-566862,polydao,,Skillry,https://skillry.dev/ai-videos/opus-5-5/polydao-566862,https://skillry.dev/ai-videos/opus-5-5/polydao-566862,skillry_example,example,,motion,[],published_prompt,public_http,,,,,2026-09-30T00:41:22.346275+00:00,35d5af91d8183d3dea44bbdca732f20d17375b6fc89bed558d851bb4b24f8cea,
,ratheejaisal-154698,RatheeJaisal,,Skillry,https://skillry.dev/ai-videos/opus-5-5/ratheejaisal-154698,https://skillry.dev/ai-videos/opus-5-5/ratheejaisal-154698,skillry_example,example,,motion,"[""product_promo""]",published_prompt,public_http,,,,,2026-09-30T00:41:22.506953+00:00,3af160d6875cdd6fcc6461c2f8a7526a7b8b335d1d575e6c357e48f3c2636d0f,
,visheshbaghell-119508,VisheshBaghell,,Skillry,https://skillry.dev/ai-videos/opus-5-5/visheshbaghell-119508,https://skillry.dev/ai-videos/opus-5-5/visheshbaghell-119508,skillry_example,example,,motion,"[""product_promo""]",published_prompt,public_http,,,,,2026-09-30T00:41:23.020579+00:00,b8ed1773100513b7009538d09dbaf9a1dbdb47da602966a2820235e185c93aee,
,wani-shola-459278,wani_shola,,Skillry,https://skillry.dev/ai-videos/opus-5-5/wani-shola-459278,https://skillry.dev/ai-videos/opus-5-5/wani-shola-459278,skillry_example,example,,motion,[],published_prompt,public_http,,,,,2026-09-30T00:41:22.792358+00:00,d58993847db84389c50b482e15190c897272daacf2a785172272dcb161dcd5f8,
,robvjourney-237474,robvjourney,,Skillry,https://skillry.dev/ai-videos/opus-5-5/robvjourney-237474,https://skillry.dev/ai-videos/opus-5-5/robvjourney-237474,skillry_example,example,,motion,[],published_prompt,public_http,,,,,2026-09-30T00:41:23.053831+00:00,f80088aa3c59dda51c3cfc555ca0dfd5699e67fe5f33b55959615d9775caa1e2,
,zaqailo-835623,zaqailo,,Skillry,https://skillry.dev/ai-videos/opus-5-5/zaqailo-835623,https://skillry.dev/ai-videos/opus-5-5/zaqailo-835623,skillry_example,example,,motion,"[""3d""]",published_prompt,public_http,,,,,2026-09-30T00:41:23.256301+00:00,88ea67e9d27d837d8f065e9bc0354549d59d7243fcaf802c160913c2631284e1,
,paukraft-585863,paukraft,,Skillry,https://skillry.dev/ai-videos/opus-5-5/paukraft-585863,https://skillry.dev/ai-videos/opus-5-5/paukraft-585863,skillry_example,example,,motion,[],published_prompt,public_http,,,,,2026-09-30T00:41:23.426208+00:00,1b71fe9ac690393da800c414f2cf6cca5b83f7ab464156c8572f62dceeddabb3,
,aisongman-461057,aisongman,,Skillry,https://skillry.dev/ai-videos/opus-5-5/aisongman-461057,https://skillry.dev/ai-videos/opus-5-5/aisongman-461057,skillry_example,example,,interactive,[],published_prompt,public_http,,,,,2026-09-30T00:41:23.630935+00:00,53db9b6ef745182b0d482d14c7c8553080ad717163f4c36ad16829db61e2890d,
,mattiapomelli-229129,mattiapomelli,,Skillry,https://skillry.dev/ai-videos/opus-5-5/mattiapomelli-229129,https://skillry.dev/ai-videos/opus-5-5/mattiapomelli-229129,skillry_example,example,,motion,"[""3d""]",published_prompt,public_http,,,,,2026-09-30T00:41:23.418775+00:00,5668e9de73d4b04d5a08ae870b88f18fbc572b959711eac74f330ec3218c533a,
,levon96-651291,levon96,,Skillry,https://skillry.dev/ai-videos/opus-5-5/levon96-651291,https://skillry.dev/ai-videos/opus-5-5/levon96-651291,skillry_example,example,,3d,"[""3d""]",published_prompt,public_http,,,,,2026-09-30T00:41:23.649314+00:00,4950c3d98373252c93464483bb33f63a510db19e7743092d39963c965e398e37,
,roxsav2-073412,RoxsaV2,,Skillry,https://skillry.dev/ai-videos/opus-5-5/roxsav2-073412,https://skillry.dev/ai-videos/opus-5-5/roxsav2-073412,skillry_example,example,,motion,[],published_prompt,public_http,,,,,2026-09-30T00:41:24.126025+00:00,e0830d6beae919c4011c54a49fe796db80eb3fa52b441a0597d650443d9da880,
,teslachartz-887985,TeslaChartz,,Skillry,https://skillry.dev/ai-videos/opus-5-5/teslachartz-887985,https://skillry.dev/ai-videos/opus-5-5/teslachartz-887985,skillry_example,example,,motion,"[""charts_maps""]",published_prompt,public_http,,,,,2026-09-30T00:41:23.898964+00:00,a3b766286744f792ce1d8773d658b0edaee69ce2c901cb65043a091edcf8234a,
,blushpetal795-170220,blushpetal795,,Skillry,https://skillry.dev/ai-videos/opus-5-5/blushpetal795-170220,https://skillry.dev/ai-videos/opus-5-5/blushpetal795-170220,skillry_example,example,,motion,[],published_prompt,public_http,,,,,2026-09-30T00:41:24.011376+00:00,8963cba379c21be400038671f58011a632fc38755248a381e7cb61dfc9120217,
,bilimfili1-459762,Bilimfili1,,Skillry,https://skillry.dev/ai-videos/opus-5-5/bilimfili1-459762,https://skillry.dev/ai-videos/opus-5-5/bilimfili1-459762,skillry_example,example,,interactive,"[""reels_shorts""]",published_prompt,public_http,,,,,2026-09-30T00:41:26.006219+00:00,b55d8df797cb5897155b09e284b7774e0bef96e1ef1717b9eb72c957fac324f8,
,amitsingha89-780553,AmitSingha89,,Skillry,https://skillry.dev/ai-videos/opus-5-5/amitsingha89-780553,https://skillry.dev/ai-videos/opus-5-5/amitsingha89-780553,skillry_example,example,,explainer,"[""explainer""]",published_prompt,public_http,,,,,2026-09-30T00:41:24.277137+00:00,1cb73e5f7378e09d9c39c33a6ef849699c8c1ee02b77cf3f0a98cfed30b382fb,
,sayan-shanky-868515,Sayan_shanky,,Skillry,https://skillry.dev/ai-videos/opus-5-5/sayan-shanky-868515,https://skillry.dev/ai-videos/opus-5-5/sayan-shanky-868515,skillry_example,example,,3d,"[""3d""]",published_prompt,public_http,,,,,2026-09-30T00:41:24.547778+00:00,43772d2bf196b1f33a6963079dcb2f93f030cd5f470ba4f91c88119bf8e36e1c,
,lester-tyy-480587,lester_tyy,,Skillry,https://skillry.dev/ai-videos/opus-5-5/lester-tyy-480587,https://skillry.dev/ai-videos/opus-5-5/lester-tyy-480587,skillry_example,example,,motion,"[""product_promo""]",published_prompt,public_http,,,,,2026-09-30T00:41:24.582540+00:00,2474cb627bba24074c6ada85ce87306cddb2872b4fd166627a8e61cd88265437,
,sahilvermaai-189237,sahilvermaai,,Skillry,https://skillry.dev/ai-videos/opus-5-5/sahilvermaai-189237,https://skillry.dev/ai-videos/opus-5-5/sahilvermaai-189237,skillry_example,example,,motion,[],published_prompt,public_http,,,,,2026-09-30T00:41:24.780598+00:00,65b789849a2855b4f9e78b17efacc1944fd57ea690b54e0e4cf2fac25663d4f6,
,pound75423-464968,pound75423,,Skillry,https://skillry.dev/ai-videos/opus-5-5/pound75423-464968,https://skillry.dev/ai-videos/opus-5-5/pound75423-464968,skillry_example,example,,motion,[],published_prompt,public_http,,,,,2026-09-30T00:41:25.083804+00:00,ad3c0cc7dffbd6f618c847dd98fd2fd346d926f0bbc5f665f8fb7e551c2c82ae,
,alexwtlf-981005,alexwtlf,,Skillry,https://skillry.dev/ai-videos/opus-5-5/alexwtlf-981005,https://skillry.dev/ai-videos/opus-5-5/alexwtlf-981005,skillry_example,example,,motion,"[""reels_shorts"", ""typography""]",published_prompt,public_http,,,,,2026-09-30T00:41:25.152172+00:00,c6a971d73b4e6032589ce93eee4f93983d739051e10149e1058c0ed1629d62c7,
,souravbhar871-477361,souravbhar871,,Skillry,https://skillry.dev/ai-videos/opus-5-5/souravbhar871-477361,https://skillry.dev/ai-videos/opus-5-5/souravbhar871-477361,skillry_example,example,,motion,[],published_prompt,public_http,,,,,2026-09-30T00:41:25.161581+00:00,9b58fbd237877c4112295a3c119b1eeb070538fdfb55ceabbc47ceb065021c40,
,ved-cj-066575,Ved_CJ,,Skillry,https://skillry.dev/ai-videos/opus-5-5/ved-cj-066575,https://skillry.dev/ai-videos/opus-5-5/ved-cj-066575,skillry_example,example,,interactive,"[""3d""]",published_prompt,public_http,,,,,2026-09-30T00:41:25.439359+00:00,ab3a4edbcdd6656dbac99448cf7063b60ee30f33dc534cf06b8a2deec30c7dd0,
,mustaphafenzar-973906,MustaphaFenzar,,Skillry,https://skillry.dev/ai-videos/opus-5-5/mustaphafenzar-973906,https://skillry.dev/ai-videos/opus-5-5/mustaphafenzar-973906,skillry_example,example,,motion,"[""product_promo""]",published_prompt,public_http,,,,,2026-09-30T00:41:25.561098+00:00,36829131b44917754d3dbf4e7dc34a86a5303fa3def943cdd0e9ad13529fae88,
,gautam-mer1-530003,gautam_mer1,,Skillry,https://skillry.dev/ai-videos/opus-5-5/gautam-mer1-530003,https://skillry.dev/ai-videos/opus-5-5/gautam-mer1-530003,skillry_example,example,,motion,[],published_prompt_partial,public_http,,,,,2026-09-30T00:41:25.809064+00:00,cd18b9884343e70e5959fad72a884e04d6a60b733deaa5132d3b8b8d07039899,
,doubleunplussed-181894,doubleunplussed,,Skillry,https://skillry.dev/ai-videos/opus-5-5/doubleunplussed-181894,https://skillry.dev/ai-videos/opus-5-5/doubleunplussed-181894,skillry_example,example,,motion,[],published_prompt,public_http,,,,,2026-09-30T00:41:25.836617+00:00,26fab2300e8b4e8c23350c1dc5046e30550a4cdccc199b2460cf4e558efab5c3,
,bizibeast-505124,bizibeast,,Skillry,https://skillry.dev/ai-videos/opus-5-5/bizibeast-505124,https://skillry.dev/ai-videos/opus-5-5/bizibeast-505124,skillry_example,example,,motion,[],published_prompt,public_http,,,,,2026-09-30T00:41:25.968512+00:00,9be77f799ac936165c396ae8453c637a587bb4011b6f8b090a2665decf1b7545,
,motiondsgnr-313960,motiondsgnr,,Skillry,https://skillry.dev/ai-videos/opus-5-5/motiondsgnr-313960,https://skillry.dev/ai-videos/opus-5-5/motiondsgnr-313960,skillry_example,example,,motion,[],published_prompt,public_http,,,,,2026-09-30T00:41:26.228907+00:00,13985401afc1a3844974883090a4ae0efddcadec6ba2969ef31ea4131b3db79c,
,karanb192-032177,karanb192,,Skillry,https://skillry.dev/ai-videos/opus-5-5/karanb192-032177,https://skillry.dev/ai-videos/opus-5-5/karanb192-032177,skillry_example,example,,motion,[],published_prompt,public_http,,,,,2026-09-30T00:41:26.251528+00:00,bfd771ca442f78d68de86a8abbdcefd7abe14fbdb207a6095e48faeb4922a549,
,groundcontrol-230877,GroundControl,,Skillry,https://skillry.dev/ai-videos/opus-5-5/groundcontrol-230877,https://skillry.dev/ai-videos/opus-5-5/groundcontrol-230877,skillry_example,example,,motion,[],published_prompt,public_http,,,,,2026-09-30T00:41:26.445861+00:00,0f3f2eaac260bcfdb5310253e4b92a3a03ebec527c856f4433004217611f2fd8,
,designbyfusun-559069,DesignByFusun,,Skillry,https://skillry.dev/ai-videos/opus-5-5/designbyfusun-559069,https://skillry.dev/ai-videos/opus-5-5/designbyfusun-559069,skillry_example,example,,motion,[],published_prompt,public_http,,,,,2026-09-30T00:41:26.408430+00:00,a630377d4e37f3d8d23084ca1aac46d1587e518e67063fab57ed2dca59a4e2bc,
,tak3sh8-441895,tak3sh8,,Skillry,https://skillry.dev/ai-videos/opus-5-5/tak3sh8-441895,https://skillry.dev/ai-videos/opus-5-5/tak3sh8-441895,skillry_example,example,,explainer,"[""explainer""]",published_prompt,public_http,,,,,2026-09-30T00:41:26.639832+00:00,a443cab50189f8855f14291ed76e360141c7019086fd2d5aeb002b75986af0d2,
,jasonzhou1993-515541,jasonzhou1993,,Skillry,https://skillry.dev/ai-videos/opus-5-5/jasonzhou1993-515541,https://skillry.dev/ai-videos/opus-5-5/jasonzhou1993-515541,skillry_example,example,,motion,[],published_prompt,public_http,,,,,2026-09-30T00:41:26.613601+00:00,5f37be37021942d7a860111eca4c3731289e1f5300b3da869c5a55dfcec67f3b,
,ceowinkz-683602,ceowinkz,,Skillry,https://skillry.dev/ai-videos/opus-5-5/ceowinkz-683602,https://skillry.dev/ai-videos/opus-5-5/ceowinkz-683602,skillry_example,example,,motion,"[""product_promo""]",published_prompt,public_http,,,,,2026-09-30T00:41:26.902621+00:00,66ffdc4cfef483ff6cf2aa2f79c8933fb107f3f9d65417553e81557dbe0606fa,
,akbuilds-150675,akbuilds_,,Skillry,https://skillry.dev/ai-videos/opus-5-5/akbuilds-150675,https://skillry.dev/ai-videos/opus-5-5/akbuilds-150675,skillry_example,example,,motion,[],published_prompt,public_http,,,,,2026-09-30T00:41:26.838201+00:00,cac8be61c1ff0b61101184d6579ff606c29e1d08629dde5c6cfe389a39216cca,
,vanshwtfff-992798,VanshWTFFF,,Skillry,https://skillry.dev/ai-videos/opus-5-5/vanshwtfff-992798,https://skillry.dev/ai-videos/opus-5-5/vanshwtfff-992798,skillry_example,example,,motion,[],published_prompt,public_http,,,,,2026-09-30T00:41:26.991155+00:00,2ab6c742ea1d3eeed4ae80bd3f1a08d220735006183db7193dc91b1a0917b75e,
,web3wesley-365164,Web3Wesley,,Skillry,https://skillry.dev/ai-videos/opus-5-5/web3wesley-365164,https://skillry.dev/ai-videos/opus-5-5/web3wesley-365164,skillry_example,example,,motion,"[""3d""]",published_prompt,public_http,,,,,2026-09-30T00:41:27.046105+00:00,ad30de99ed2b6282ba8875296cbc83a0a056202b87a9e29f9b812713d6e3179c,
,sudiyasa-076027,Sudiyasa_,,Skillry,https://skillry.dev/ai-videos/opus-5-5/sudiyasa-076027,https://skillry.dev/ai-videos/opus-5-5/sudiyasa-076027,skillry_example,example,,motion,[],published_prompt,public_http,,,,,2026-09-30T00:41:27.205197+00:00,e74000e331d0aa820bbdf6631fb767f0c857d8f1b305d080ba86d2f4c426d223,
,kentcdodds-858193,kentcdodds,,Skillry,https://skillry.dev/ai-videos/opus-5-5/kentcdodds-858193,https://skillry.dev/ai-videos/opus-5-5/kentcdodds-858193,skillry_example,example,,motion,[],published_prompt,public_http,,,,,2026-09-30T00:41:27.460270+00:00,be43a241b537ad63b434700b2ced667bd87946263d84a550558dd0c914423f29,
,xanderwow-a-597063,Xanderwow_A,,Skillry,https://skillry.dev/ai-videos/opus-5-5/xanderwow-a-597063,https://skillry.dev/ai-videos/opus-5-5/xanderwow-a-597063,skillry_example,example,,motion,[],published_prompt,public_http,,,,,2026-09-30T00:41:27.328399+00:00,9fd5ec0852510f9c32fde7051c276418235945ae7b7142590968210e9ad8563e,
,astrothewizard-618782,AstroTheWizard,,Skillry,https://skillry.dev/ai-videos/opus-5-5/astrothewizard-618782,https://skillry.dev/ai-videos/opus-5-5/astrothewizard-618782,skillry_example,example,,explainer,"[""reels_shorts"", ""explainer"", ""typography"", ""characters""]",published_prompt,public_http,,,,,2026-09-30T00:41:27.475864+00:00,8d92939a82d5e0f3866a2c7c3b93cca85ba78b6f0ddb4655b726954b7933b3f6,
,seflless-929329,seflless,,Skillry,https://skillry.dev/ai-videos/opus-5-5/seflless-929329,https://skillry.dev/ai-videos/opus-5-5/seflless-929329,skillry_example,example,,motion,"[""3d""]",published_prompt,public_http,,,,,2026-09-30T00:41:27.585313+00:00,410f862091226fcb0467ee23105ce5081856305bb0c865ef3b1e4171218d8c8e,
,nolit64-347627,NoLit64,,Skillry,https://skillry.dev/ai-videos/opus-5-5/nolit64-347627,https://skillry.dev/ai-videos/opus-5-5/nolit64-347627,skillry_example,example,,interactive,[],published_prompt_partial,public_http,,,,,2026-09-30T00:41:27.764638+00:00,35b7baf39731565c7e1ad4e64be6b41c177a648bf7c08252e4780bb765e72567,
,leadnotifi-960983,leadnotifi,,Skillry,https://skillry.dev/ai-videos/opus-5-5/leadnotifi-960983,https://skillry.dev/ai-videos/opus-5-5/leadnotifi-960983,skillry_example,example,,motion,[],published_prompt,public_http,,,,,2026-09-30T00:41:28.009801+00:00,4612bdac3b99cf660cfdbab6fab81608177192e515ef90138a0ce0fb95588d42,
,tolgayhickiran-935120,tolgayhickiran,,Skillry,https://skillry.dev/ai-videos/opus-5-5/tolgayhickiran-935120,https://skillry.dev/ai-videos/opus-5-5/tolgayhickiran-935120,skillry_example,example,,motion,[],published_prompt,public_http,,,,,2026-09-30T00:41:27.993451+00:00,2e8ac4146c77fa1428072d0942a52cad6c6b36df17e3bce332c6014f4ad6447e,
,iammxfschr-955831,iamMXFSCHR,,Skillry,https://skillry.dev/ai-videos/opus-5-5/iammxfschr-955831,https://skillry.dev/ai-videos/opus-5-5/iammxfschr-955831,skillry_example,example,,motion,"[""product_promo""]",published_prompt,public_http,,,,,2026-09-30T00:41:28.121278+00:00,b63e3c841bd39047033af462f104e2b413da7bfa8b784db3bc823d5a71909469,
,kangaroohere-818789,KangarooHere,,Skillry,https://skillry.dev/ai-videos/opus-5-5/kangaroohere-818789,https://skillry.dev/ai-videos/opus-5-5/kangaroohere-818789,skillry_example,example,,motion,[],published_prompt,public_http,,,,,2026-09-30T00:41:28.132722+00:00,1e2448afab8c045558fb4cdbced5e754f61eff4a3e92fae562c93819533bae1d,
,sachaarbonel-673648,sachaarbonel,,Skillry,https://skillry.dev/ai-videos/opus-5-5/sachaarbonel-673648,https://skillry.dev/ai-videos/opus-5-5/sachaarbonel-673648,skillry_example,example,,motion,"[""product_promo""]",published_prompt,public_http,,,,,2026-09-30T00:41:28.430072+00:00,4c8bd69e5e3a3273745b3a5fed6c5350bc8cf672690d6708e472d76583eace0d,
,manuelogomigo-052364,manuelogomigo,,Skillry,https://skillry.dev/ai-videos/opus-5-5/manuelogomigo-052364,https://skillry.dev/ai-videos/opus-5-5/manuelogomigo-052364,skillry_example,example,,motion,[],published_prompt,public_http,,,,,2026-09-30T00:41:28.418696+00:00,966fadbd289f13241dc5cd7914a4e74cf625ec41a23ceabe898f355df525f3be,
,mrtanviir-132205,mrtanviir,,Skillry,https://skillry.dev/ai-videos/opus-5-5/mrtanviir-132205,https://skillry.dev/ai-videos/opus-5-5/mrtanviir-132205,skillry_example,example,,motion,[],published_prompt,public_http,,,,,2026-09-30T00:41:28.669109+00:00,2371209f246a9deb5ee81ad1b1f43667a5beb98644bf01bc00e3d10eb628eabb,
,marouanegazouzi-131257,marouanegazouzi,,Skillry,https://skillry.dev/ai-videos/opus-5-5/marouanegazouzi-131257,https://skillry.dev/ai-videos/opus-5-5/marouanegazouzi-131257,skillry_example,example,,motion,[],published_prompt,public_http,,,,,2026-09-30T00:41:28.481195+00:00,18a96b480424e7643095624247c1f8bd5e148e2112be2f4da23336d4e99defe6,
,chrisjdimarco-808196,chrisjdimarco,,Skillry,https://skillry.dev/ai-videos/opus-5-5/chrisjdimarco-808196,https://skillry.dev/ai-videos/opus-5-5/chrisjdimarco-808196,skillry_example,example,,motion,[],published_prompt,public_http,,,,,2026-09-30T00:41:28.990764+00:00,4cfa917e58849ae518b4d3eae875c4131cdfcdacad480b1bfe65bd2b90c4524e,
,dzhohola-249003,dzhohola,,Skillry,https://skillry.dev/ai-videos/opus-5-5/dzhohola-249003,https://skillry.dev/ai-videos/opus-5-5/dzhohola-249003,skillry_example,example,,motion,"[""charts_maps""]",published_prompt,public_http,,,,,2026-09-30T00:41:28.830564+00:00,b86d1ea8776c9ff46e627d1f006dda7a885e3b32e577f7e4fec7712376074d5b,
,madhav-xo-524440,Madhav_XO,,Skillry,https://skillry.dev/ai-videos/opus-5-5/madhav-xo-524440,https://skillry.dev/ai-videos/opus-5-5/madhav-xo-524440,skillry_example,example,,motion,"[""3d""]",published_prompt,public_http,,,,,2026-09-30T00:41:29.228656+00:00,2863ddc862d77197eb45e1ac43be42b7a3d48e551c57a36d5d9bcd0db059bedd,
,jhylee95-452427,jhylee95,,Skillry,https://skillry.dev/ai-videos/opus-5-5/jhylee95-452427,https://skillry.dev/ai-videos/opus-5-5/jhylee95-452427,skillry_example,example,,motion,"[""product_promo""]",published_prompt,public_http,,,,,2026-09-30T00:41:29.258916+00:00,34cc42ea5dc432a88cae052cb79ee2f7455e310b119f530c09528a08d9869ae9,
,astrodevil-392708,Astrodevil_,,Skillry,https://skillry.dev/ai-videos/opus-5-5/astrodevil-392708,https://skillry.dev/ai-videos/opus-5-5/astrodevil-392708,skillry_example,example,,motion,"[""product_promo""]",published_prompt,public_http,,,,,2026-09-30T00:41:29.272926+00:00,67de53b90945a9d79bdc3176b1967a459ee57f68de5ebbd5e1a758ce355cf4e3,
,hicallmechai-878304,hiCallMeChai,,Skillry,https://skillry.dev/ai-videos/opus-5-5/hicallmechai-878304,https://skillry.dev/ai-videos/opus-5-5/hicallmechai-878304,skillry_example,example,,motion,"[""charts_maps""]",published_prompt,public_http,,,,,2026-09-30T00:41:29.493471+00:00,56ebe85172e5243e83e4ce092a3330a78006d17e6bcaec5ad5fa3431b9942919,
,johnsavage-ai-041677,johnsavage_ai,,Skillry,https://skillry.dev/ai-videos/opus-5-5/johnsavage-ai-041677,https://skillry.dev/ai-videos/opus-5-5/johnsavage-ai-041677,skillry_example,example,,motion,[],published_prompt,public_http,,,,,2026-09-30T00:41:29.597591+00:00,6c7d0d0ba59d22d43b39419f9a0da81a82f9bcd08bd999b6c8db0c2630287e05,
,phonggt-377247,PhongGT,,Skillry,https://skillry.dev/ai-videos/opus-5-5/phonggt-377247,https://skillry.dev/ai-videos/opus-5-5/phonggt-377247,skillry_example,example,,motion,[],published_prompt,public_http,,,,,2026-09-30T00:41:29.636523+00:00,28cd0a89137865eac340677e34889d2cdd00e9ac2b2adb6a1bf113a748525f0d,
,anxuanng-990790,anxuanng,,Skillry,https://skillry.dev/ai-videos/opus-5-5/anxuanng-990790,https://skillry.dev/ai-videos/opus-5-5/anxuanng-990790,skillry_example,example,,motion,[],published_prompt,public_http,,,,,2026-09-30T00:41:29.758408+00:00,6f84db0ed8624c337b83c1961202b8a3c49cd411a90424c77a06179920fb8f1e,
,1littlecoder-914649,1littlecoder,,Skillry,https://skillry.dev/ai-videos/opus-5-5/1littlecoder-914649,https://skillry.dev/ai-videos/opus-5-5/1littlecoder-914649,skillry_example,example,,motion,[],published_prompt,public_http,,,,,2026-09-30T00:41:29.860475+00:00,a9074bdc3d8cc96fe11338cdda978d98bde7a46f490d39303870f40cd42e95b9,
,shinskinakamoto-589043,Shinskinakamoto,,Skillry,https://skillry.dev/ai-videos/opus-5-5/shinskinakamoto-589043,https://skillry.dev/ai-videos/opus-5-5/shinskinakamoto-589043,skillry_example,example,,motion,[],published_prompt,public_http,,,,,2026-09-30T00:41:30.169282+00:00,87015414239b806fa84dda28120b886ecda2cdd0bb9260ba73cc35b78293b1de,
,m1n9-k7-295601,m1n9_k7,,Skillry,https://skillry.dev/ai-videos/opus-5-5/m1n9-k7-295601,https://skillry.dev/ai-videos/opus-5-5/m1n9-k7-295601,skillry_example,example,,motion,[],published_prompt,public_http,,,,,2026-09-30T00:41:30.057265+00:00,7d0299f5e1198eca185260fec01dc99023ff258f005b6e2e6751922ec8df810c,
,m1n9-k7-466682,m1n9_k7,,Skillry,https://skillry.dev/ai-videos/opus-5-5/m1n9-k7-466682,https://skillry.dev/ai-videos/opus-5-5/m1n9-k7-466682,skillry_example,example,,motion,[],published_prompt,public_http,,,,,2026-09-30T00:41:30.117411+00:00,e7073e1fcdf3e171c2c720351e56149a99dc8b3beb4e815382a0d7b4deae21fa,
,madebyjmayala-649220,madebyjmayala,,Skillry,https://skillry.dev/ai-videos/opus-5-5/madebyjmayala-649220,https://skillry.dev/ai-videos/opus-5-5/madebyjmayala-649220,skillry_example,example,,motion,"[""product_promo""]",published_prompt,public_http,,,,,2026-09-30T00:41:30.241221+00:00,c3c6d6f5cd31724873e81e745d17bc216d51e1d26c0ec246a2be9fdf81d2145a,
,sagarmohansingh-322168,SagarmohanSingh,,Skillry,https://skillry.dev/ai-videos/opus-5-5/sagarmohansingh-322168,https://skillry.dev/ai-videos/opus-5-5/sagarmohansingh-322168,skillry_example,example,,motion,[],published_prompt,public_http,,,,,2026-09-30T00:41:30.550166+00:00,a794d86e21737939816b27f8ba3919ec67f12d5870614fa60876da226a4d5e9a,
,annacher-433425,AnnaCher___,,Skillry,https://skillry.dev/ai-videos/opus-5-5/annacher-433425,https://skillry.dev/ai-videos/opus-5-5/annacher-433425,skillry_example,example,,motion,"[""reels_shorts"", ""product_promo"", ""charts_maps""]",published_prompt,public_http,,,,,2026-09-30T00:41:30.542050+00:00,d6cb6938ec336180c6445ee2656ea02fe4907ff299c13b43bbe3c4a0cf59b678,
,paranoidamerica-686717,ParanoidAmerica,,Skillry,https://skillry.dev/ai-videos/opus-5-5/paranoidamerica-686717,https://skillry.dev/ai-videos/opus-5-5/paranoidamerica-686717,skillry_example,example,,motion,[],published_prompt,public_http,,,,,2026-09-30T00:41:30.831573+00:00,97684f82fbe92b27e6080b3023a49918116303d64aa54ec1379ba4c702bd51a7,
,slvdev-975986,slvDev,,Skillry,https://skillry.dev/ai-videos/opus-5-5/slvdev-975986,https://skillry.dev/ai-videos/opus-5-5/slvdev-975986,skillry_example,example,,motion,"[""product_promo""]",published_prompt,public_http,,,,,2026-09-30T00:41:30.974293+00:00,145000b3365de8a8fd029762ac230d62ea4727854c034ff688fc16566f3ad16f,
,crazyalphaaa-480622,CrazyAlphaaa,,Skillry,https://skillry.dev/ai-videos/opus-5-5/crazyalphaaa-480622,https://skillry.dev/ai-videos/opus-5-5/crazyalphaaa-480622,skillry_example,example,,motion,[],published_prompt,public_http,,,,,2026-09-30T00:41:31.508671+00:00,092edcd27860190138d3d4eed08e5a99cd02c9d6c997319581b61d46320a17c4,
,gizakdag-239768,gizakdag,,Skillry,https://skillry.dev/ai-videos/opus-5-5/gizakdag-239768,https://skillry.dev/ai-videos/opus-5-5/gizakdag-239768,skillry_example,example,,motion,[],published_prompt,public_http,,,,,2026-09-30T00:41:31.275561+00:00,e75d6f3f95058d2646172332cff8ed19addfb703be73a4bf190340e1174884f6,
,nummanali-340931,nummanali,,Skillry,https://skillry.dev/ai-videos/opus-5-5/nummanali-340931,https://skillry.dev/ai-videos/opus-5-5/nummanali-340931,skillry_example,example,,motion,[],published_prompt,public_http,,,,,2026-09-30T00:41:31.300445+00:00,9ee4366c21b42401783de0437ddbab15ffb8463d35153269b9bf8e9dcd4dfdfe,
,advait-jayant-712107,advait_jayant,,Skillry,https://skillry.dev/ai-videos/opus-5-5/advait-jayant-712107,https://skillry.dev/ai-videos/opus-5-5/advait-jayant-712107,skillry_example,example,,motion,[],published_prompt,public_http,,,,,2026-09-30T00:41:31.358227+00:00,3ae39f29cd083fc35d9536a62dc21b95d129bc5780e8321ff9b643c372e3d7c6,
,abhinayguptha-259981,abhinayguptha,,Skillry,https://skillry.dev/ai-videos/opus-5-5/abhinayguptha-259981,https://skillry.dev/ai-videos/opus-5-5/abhinayguptha-259981,skillry_example,example,,motion,"[""typography"", ""3d""]",published_prompt,public_http,,,,,2026-09-30T00:41:31.622248+00:00,a7ccbb8f32f560fdc10cf98069f9a7b6c0be64269955a6fbf4edadf7454bedf6,
,blue-clarity-449603,blue_clarity,,Skillry,https://skillry.dev/ai-videos/opus-5-5/blue-clarity-449603,https://skillry.dev/ai-videos/opus-5-5/blue-clarity-449603,skillry_example,example,,motion,[],published_prompt,public_http,,,,,2026-09-30T00:41:31.834843+00:00,81d790daaffcd19adf99641532a482cd3b65f29197c75e913ce33fe15b66733c,
,reflex-cloud-304046,reflex_cloud,,Skillry,https://skillry.dev/ai-videos/opus-5-5/reflex-cloud-304046,https://skillry.dev/ai-videos/opus-5-5/reflex-cloud-304046,skillry_example,example,,motion,"[""product_promo"", ""typography"", ""3d""]",published_prompt,public_http,,,,,2026-09-30T00:41:31.809920+00:00,cfc0921df42fb13ded994bbfb6e04028f1288bb395566d36a593a0d5bff98553,
,3xtihor-159839,3xtihor,,Skillry,https://skillry.dev/ai-videos/opus-5-5/3xtihor-159839,https://skillry.dev/ai-videos/opus-5-5/3xtihor-159839,skillry_example,example,,motion,[],published_prompt,public_http,,,,,2026-09-30T00:41:33.587151+00:00,be7eba0a667d49e23dca7e5d88589b52779f272a2a23b7b5561ee33088ea909e,
,dansushik-289121,dansushik,,Skillry,https://skillry.dev/ai-videos/opus-5-5/dansushik-289121,https://skillry.dev/ai-videos/opus-5-5/dansushik-289121,skillry_example,example,,motion,[],published_prompt,public_http,,,,,2026-09-30T00:41:32.060597+00:00,02720bb5479e2e5e3fa3def2a7ec940569e4b8b12faa9a4d18de9c3161250787,
,macrohou-733862,macrohou,,Skillry,https://skillry.dev/ai-videos/opus-5-5/macrohou-733862,https://skillry.dev/ai-videos/opus-5-5/macrohou-733862,skillry_example,example,,motion,[],published_prompt,public_http,,,,,2026-09-30T00:41:32.158879+00:00,4507eadc424ac942632e9d984eb6ef4c3098c5178e27924e7e37170ca1874c1c,
,samuel-spitz-503053,samuel_spitz,,Skillry,https://skillry.dev/ai-videos/opus-5-5/samuel-spitz-503053,https://skillry.dev/ai-videos/opus-5-5/samuel-spitz-503053,skillry_example,example,,motion,"[""3d""]",published_prompt,public_http,,,,,2026-09-30T00:41:32.176198+00:00,a193a7b93ac7b15c44242cfa7a8e6d56651c5d05bfbe481fadd447a19a99b34a,
,adamdesgns-768014,Adamdesgns,,Skillry,https://skillry.dev/ai-videos/opus-5-5/adamdesgns-768014,https://skillry.dev/ai-videos/opus-5-5/adamdesgns-768014,skillry_example,example,,motion,[],published_prompt,public_http,,,,,2026-09-30T00:41:32.399914+00:00,78d7448cecd70a43c89d9e51183d432a8083a47b36435077518c8f5ef8bf4d28,
,stewchan2-369810,stewchan2,,Skillry,https://skillry.dev/ai-videos/opus-5-5/stewchan2-369810,https://skillry.dev/ai-videos/opus-5-5/stewchan2-369810,skillry_example,example,,motion,[],published_prompt,public_http,,,,,2026-09-30T00:41:32.542306+00:00,0acb26f493556588a31c92489ba70025e62a3b554887fbc1be98ce25048cbd87,
,ghinaiya-nirmal-308943,ghinaiya_nirmal,,Skillry,https://skillry.dev/ai-videos/opus-5-5/ghinaiya-nirmal-308943,https://skillry.dev/ai-videos/opus-5-5/ghinaiya-nirmal-308943,skillry_example,example,,motion,[],published_prompt,public_http,,,,,2026-09-30T00:41:32.647509+00:00,10d00255b16034f2a1d784a4926ad3271ba272ecff5aa62c0b4e7c7d86d1d889,
,l3d1c-752011,l3d1c,,Skillry,https://skillry.dev/ai-videos/opus-5-5/l3d1c-752011,https://skillry.dev/ai-videos/opus-5-5/l3d1c-752011,skillry_example,example,,motion,[],published_prompt,public_http,,,,,2026-09-30T00:41:32.825271+00:00,d28a5a142d9adcc639df487c1811ae3944922a9fe84e0dd49032ef0eabce4b1a,
,sahildesigner23-307120,sahildesigner23,,Skillry,https://skillry.dev/ai-videos/opus-5-5/sahildesigner23-307120,https://skillry.dev/ai-videos/opus-5-5/sahildesigner23-307120,skillry_example,example,,motion,"[""3d""]",published_prompt,public_http,,,,,2026-09-30T00:41:32.995454+00:00,faa9a54f58181663b08b04af13cf7466aabe59edcdcd3ff4147d8fe1e2e15e71,
,cansincengiz-me-424245,cansincengiz_me,,Skillry,https://skillry.dev/ai-videos/opus-5-5/cansincengiz-me-424245,https://skillry.dev/ai-videos/opus-5-5/cansincengiz-me-424245,skillry_example,example,,motion,"[""3d""]",published_prompt,public_http,,,,,2026-09-30T00:41:33.020831+00:00,7026be55e0e7bbeea8785d1834a0cd258374ee60b731db29ecf2273e6bfb3af8,
,kikelopezdesign-173471,kikelopezdesign,,Skillry,https://skillry.dev/ai-videos/opus-5-5/kikelopezdesign-173471,https://skillry.dev/ai-videos/opus-5-5/kikelopezdesign-173471,skillry_example,example,,motion,[],published_prompt,public_http,,,,,2026-09-30T00:41:33.349317+00:00,f159f5b82a9a97e089c7b5d77b1e25da08ab0dcd290efa3b79ce8e195a074f7b,
,safarkhanshuvo-059752,safarkhanshuvo,,Skillry,https://skillry.dev/ai-videos/opus-5-5/safarkhanshuvo-059752,https://skillry.dev/ai-videos/opus-5-5/safarkhanshuvo-059752,skillry_example,example,,motion,[],published_prompt,public_http,,,,,2026-09-30T00:41:33.414272+00:00,8a2799c85bf265a5308b797517ee8bd5a44f2ee68cd926e8c7a5fab9817140c6,
,leonkohli-191220,LeonKohli,,Skillry,https://skillry.dev/ai-videos/opus-5-5/leonkohli-191220,https://skillry.dev/ai-videos/opus-5-5/leonkohli-191220,skillry_example,example,,motion,"[""3d""]",published_prompt,public_http,,,,,2026-09-30T00:41:33.424101+00:00,5b797aeff9af02c2c3887e0e73fa6f96f525a68ad89b5f12deba72a6b065f996,
,thegrootdev-966114,TheGrootDev,,Skillry,https://skillry.dev/ai-videos/opus-5-5/thegrootdev-966114,https://skillry.dev/ai-videos/opus-5-5/thegrootdev-966114,skillry_example,example,,motion,"[""typography"", ""characters"", ""charts_maps""]",published_prompt,public_http,,,,,2026-09-30T00:41:33.818616+00:00,006ab339c5b68df7666ad9680f14d3a03343ffcf0c69a600b4aa73ce3a1d3e35,
,charliie-334026,charliie,,Skillry,https://skillry.dev/ai-videos/opus-5-5/charliie-334026,https://skillry.dev/ai-videos/opus-5-5/charliie-334026,skillry_example,example,,motion,[],published_prompt_partial,public_http,,,,,2026-09-30T00:41:33.880825+00:00,0841e046cc9a859af418a70327afb63a93a288d7eed4b7bc07f5a74258e1a7e9,
,samaote-124569,samaote,,Skillry,https://skillry.dev/ai-videos/opus-5-5/samaote-124569,https://skillry.dev/ai-videos/opus-5-5/samaote-124569,skillry_example,example,,motion,[],published_prompt,public_http,,,,,2026-09-30T00:41:34.358416+00:00,e80c2ea5dd0a612207664ef39ea7d7ac7a832d54704a5f55eada4f2cbf40a799,
,fionntobin-479597,fionntobin,,Skillry,https://skillry.dev/ai-videos/opus-5-5/fionntobin-479597,https://skillry.dev/ai-videos/opus-5-5/fionntobin-479597,skillry_example,example,,motion,"[""3d""]",published_prompt,public_http,,,,,2026-09-30T00:41:34.318516+00:00,df7a6af9ff66b643789ea05546427321da2c36525ab3d83eccb0f86223332ffc,
,leanzubrezki-766171,LeanZubrezki,,Skillry,https://skillry.dev/ai-videos/opus-5-5/leanzubrezki-766171,https://skillry.dev/ai-videos/opus-5-5/leanzubrezki-766171,skillry_example,example,,motion,"[""product_promo""]",published_prompt,public_http,,,,,2026-09-30T00:41:34.340507+00:00,1c7343e66329c0321ff2a6d50f2fd0a9f26732c06d6b1f91d772918524d6ed60,
,onewaysidewalks-440008,onewaysidewalks,,Skillry,https://skillry.dev/ai-videos/opus-5-5/onewaysidewalks-440008,https://skillry.dev/ai-videos/opus-5-5/onewaysidewalks-440008,skillry_example,example,,motion,"[""3d""]",published_prompt,public_http,,,,,2026-09-30T00:41:34.651659+00:00,7b461f883a34afbb2a30df09ce0ecd54350e699ea089f3a8fcc72e7a654758de,
,bhanujraj-928454,bhanujraj,,Skillry,https://skillry.dev/ai-videos/opus-5-5/bhanujraj-928454,https://skillry.dev/ai-videos/opus-5-5/bhanujraj-928454,skillry_example,example,,motion,[],published_prompt,public_http,,,,,2026-09-30T00:41:34.745969+00:00,07af053cada99fb4aaa1c0c0c2d66ca3edb530274045a55b8155ffce17ca7609,
,andginja-618685,andginja,,Skillry,https://skillry.dev/ai-videos/opus-5-5/andginja-618685,https://skillry.dev/ai-videos/opus-5-5/andginja-618685,skillry_example,example,,motion,[],published_prompt,public_http,,,,,2026-09-30T00:41:34.833970+00:00,0a605789695303dc00081fdaad50867627c7f307945777d9561ee83d58d6cbec,
,anas0ra-952637,anas0ra,,Skillry,https://skillry.dev/ai-videos/opus-5-5/anas0ra-952637,https://skillry.dev/ai-videos/opus-5-5/anas0ra-952637,skillry_example,example,,motion,"[""3d""]",published_prompt,public_http,,,,,2026-09-30T00:41:34.734125+00:00,158b322eec6a635a315ad4e54ec73226397842711d63823742b312f2c546033e,
,monokern-613142,monokern,,Skillry,https://skillry.dev/ai-videos/opus-5-5/monokern-613142,https://skillry.dev/ai-videos/opus-5-5/monokern-613142,skillry_example,example,,motion,[],published_prompt,public_http,,,,,2026-09-30T00:41:35.358425+00:00,5354fa01b1af3e5b5eebd6ddf4f47e46301939f15b948ded3b61f9f6961c7673,
,nezbuilds-294391,nezbuilds,,Skillry,https://skillry.dev/ai-videos/opus-5-5/nezbuilds-294391,https://skillry.dev/ai-videos/opus-5-5/nezbuilds-294391,skillry_example,example,,motion,"[""charts_maps""]",published_prompt,public_http,,,,,2026-09-30T00:41:35.338759+00:00,8d204256e11c54098cedd6c2c774bb9afb29a2c3d5945cf8ed4b0aff2f058a5e,
,umangratani-840800,umangratani,,Skillry,https://skillry.dev/ai-videos/opus-5-5/umangratani-840800,https://skillry.dev/ai-videos/opus-5-5/umangratani-840800,skillry_example,example,,motion,[],published_prompt,public_http,,,,,2026-09-30T00:41:35.367543+00:00,6f66dbc0483ab3069456b273b143af8786bb66bd97307a6ea116f7488a82f3b5,
,sudo-kiran-254201,sudo_kiran,,Skillry,https://skillry.dev/ai-videos/opus-5-5/sudo-kiran-254201,https://skillry.dev/ai-videos/opus-5-5/sudo-kiran-254201,skillry_example,example,,explainer,"[""explainer"", ""product_promo""]",published_prompt,public_http,,,,,2026-09-30T00:41:35.433512+00:00,a3c07acb3ec14d3605634f55c918e94c0d28555989dc745befab7b5721b19cbb,
,buildfastwithai-597035,BuildFastWithAI,,Skillry,https://skillry.dev/ai-videos/opus-5-5/buildfastwithai-597035,https://skillry.dev/ai-videos/opus-5-5/buildfastwithai-597035,skillry_example,example,,3d,"[""3d""]",published_prompt,public_http,,,,,2026-09-30T00:41:36.536359+00:00,c6a89e3f7227c76668251db33b73dd3ea9449f37c2983502cf134e1ccdfb2a4f,
,kyonax-on-tech-049316,kyonax_on_tech,,Skillry,https://skillry.dev/ai-videos/opus-5-5/kyonax-on-tech-049316,https://skillry.dev/ai-videos/opus-5-5/kyonax-on-tech-049316,skillry_example,example,,motion,[],published_prompt,public_http,,,,,2026-09-30T00:41:36.638405+00:00,71109e672639671d54103b7b40cf09fd19c864c8b90cde5a6b079a7346bbed04,
,aistocksavvy-483320,AIStockSavvy,,Skillry,https://skillry.dev/ai-videos/opus-5-5/aistocksavvy-483320,https://skillry.dev/ai-videos/opus-5-5/aistocksavvy-483320,skillry_example,example,,motion,[],published_prompt,public_http,,,,,2026-09-30T00:41:36.468870+00:00,72b2614cc21f3d21d39a4fcc67ee767c707648578643f3b82f29c466bce74b8d,
,xelandre-687413,xelandre__,,Skillry,https://skillry.dev/ai-videos/opus-5-5/xelandre-687413,https://skillry.dev/ai-videos/opus-5-5/xelandre-687413,skillry_example,example,,motion,[],published_prompt,public_http,,,,,2026-09-30T00:41:36.528618+00:00,02a58d55d4467f7b4ae51b43e0a7dae3589ee6e59a6780b8df7062264c7feafa,
,praburajkennady-972967,praburajkennady,,Skillry,https://skillry.dev/ai-videos/opus-5-5/praburajkennady-972967,https://skillry.dev/ai-videos/opus-5-5/praburajkennady-972967,skillry_example,example,,motion,"[""3d""]",published_prompt,public_http,,,,,2026-09-30T00:41:36.900479+00:00,8fa191f7788e4542639e44aae93a5e46b33c7c9e99dc3e1a056b8e7ff2b28067,
,techyoutbe-588678,techyoutbe,,Skillry,https://skillry.dev/ai-videos/opus-5-5/techyoutbe-588678,https://skillry.dev/ai-videos/opus-5-5/techyoutbe-588678,skillry_example,example,,motion,"[""product_promo""]",published_prompt,public_http,,,,,2026-09-30T00:41:36.913454+00:00,376457204e3f5cdff0b12b73f564296b73a07ce8ad20835dc632dd7436be761b,
,sudo-kiran-696074,sudo_kiran,,Skillry,https://skillry.dev/ai-videos/opus-5-5/sudo-kiran-696074,https://skillry.dev/ai-videos/opus-5-5/sudo-kiran-696074,skillry_example,example,,motion,[],published_prompt,public_http,,,,,2026-09-30T00:41:36.875701+00:00,34609ced60cf1d9c62168aea23cdfecb2da7ef4c09a1c617ee281a9016a68215,
,fire-ozgur-130104,fire_ozgur,,Skillry,https://skillry.dev/ai-videos/opus-5-5/fire-ozgur-130104,https://skillry.dev/ai-videos/opus-5-5/fire-ozgur-130104,skillry_example,example,,motion,[],published_prompt,public_http,,,,,2026-09-30T00:41:37.043167+00:00,4faf0b0ac65d7f41271997db5a3320835c9fbc7b6bbd46765833fabb0374482e,
,iamtanzil-120030,iamtanzil_,,Skillry,https://skillry.dev/ai-videos/opus-5-5/iamtanzil-120030,https://skillry.dev/ai-videos/opus-5-5/iamtanzil-120030,skillry_example,example,,motion,"[""product_promo"", ""typography""]",published_prompt,public_http,,,,,2026-09-30T00:41:37.265698+00:00,c3459129b5b59832a56f301f8c5d9cc8aa6aabc64de61878d988257939673b3d,
,gdgtify-929495,Gdgtify,,Skillry,https://skillry.dev/ai-videos/opus-5-5/gdgtify-929495,https://skillry.dev/ai-videos/opus-5-5/gdgtify-929495,skillry_example,example,,motion,"[""typography""]",published_prompt,public_http,,,,,2026-09-30T00:41:37.360244+00:00,51ef2c8246758464a794d256d9822dabffbe39436a826403a0804763ebaaefb3,
,sanjeevn72-457691,sanjeevn72,,Skillry,https://skillry.dev/ai-videos/opus-5-5/sanjeevn72-457691,https://skillry.dev/ai-videos/opus-5-5/sanjeevn72-457691,skillry_example,example,,motion,"[""charts_maps""]",published_prompt,public_http,,,,,2026-09-30T00:41:37.385145+00:00,94347b0d4fd890e099489bc7104de832203afca736b4f14c8474744fdb3cc19e,
,madpencil-753990,madpencil_,,Skillry,https://skillry.dev/ai-videos/opus-5-5/madpencil-753990,https://skillry.dev/ai-videos/opus-5-5/madpencil-753990,skillry_example,example,,motion,[],published_prompt,public_http,,,,,2026-09-30T00:41:37.419939+00:00,078bba3a335737514bd753d3de1dd4a15bdd3d14fd33470a8169624f0887a97b,
,tcballard-268605,tcballard,,Skillry,https://skillry.dev/ai-videos/opus-5-5/tcballard-268605,https://skillry.dev/ai-videos/opus-5-5/tcballard-268605,skillry_example,example,,motion,[],published_prompt,public_http,,,,,2026-09-30T00:41:37.668074+00:00,e21e2405b533d218bf5221b429197d2b9d0851a1190eb0133162924c60c587d1,
,itsuki-dev-618392,itsuki_dev,,Skillry,https://skillry.dev/ai-videos/opus-5-5/itsuki-dev-618392,https://skillry.dev/ai-videos/opus-5-5/itsuki-dev-618392,skillry_example,example,,motion,[],published_prompt,public_http,,,,,2026-09-30T00:41:37.679384+00:00,2955add8ed9af64b668f56e26a1136038422c4abcf2232d7a0b7b278a4d5c7d0,
,opener-ai-843891,opener_ai,,Skillry,https://skillry.dev/ai-videos/opus-5-5/opener-ai-843891,https://skillry.dev/ai-videos/opus-5-5/opener-ai-843891,skillry_example,example,,interactive,[],published_prompt,public_http,,,,,2026-09-30T00:41:37.932960+00:00,2bf750396ab78d9797a02ad3238b0dbf172c338d3294614d8c62585fa35da3e3,
,dris1153-101043,dris1153,,Skillry,https://skillry.dev/ai-videos/opus-5-5/dris1153-101043,https://skillry.dev/ai-videos/opus-5-5/dris1153-101043,skillry_example,example,,motion,[],published_prompt,public_http,,,,,2026-09-30T00:41:37.926387+00:00,8530c9d2c7c7eda0372e5fdaa456c79d9fdaf2db6dc6470301aba9959cab04ca,
,loicrambo-980558,loicRambo,,Skillry,https://skillry.dev/ai-videos/opus-5-5/loicrambo-980558,https://skillry.dev/ai-videos/opus-5-5/loicrambo-980558,skillry_example,example,,motion,[],published_prompt,public_http,,,,,2026-09-30T00:41:38.239678+00:00,75839135c093c0866251983a636064370f82be51b78a15823c41b2c7fb5680cd,
,hugon001-609629,hugon001,,Skillry,https://skillry.dev/ai-videos/opus-5-5/hugon001-609629,https://skillry.dev/ai-videos/opus-5-5/hugon001-609629,skillry_example,example,,motion,"[""product_promo""]",published_prompt,public_http,,,,,2026-09-30T00:41:38.256878+00:00,858670f3266f8ef5ffdaffc0bdd8bfcc9a705507bc1d72661be1b1836af15c0e,
,mehul4795-417532,mehul4795,,Skillry,https://skillry.dev/ai-videos/opus-5-5/mehul4795-417532,https://skillry.dev/ai-videos/opus-5-5/mehul4795-417532,skillry_example,example,,motion,"[""product_promo""]",published_prompt,public_http,,,,,2026-09-30T00:41:38.318073+00:00,8d329449a3debf9d41fb177ab58d9dc052d49c11e8638b973d7a16a6eadedf0b,
,sarut0bisasuke-069973,Sarut0biSasuke,,Skillry,https://skillry.dev/ai-videos/opus-5-5/sarut0bisasuke-069973,https://skillry.dev/ai-videos/opus-5-5/sarut0bisasuke-069973,skillry_example,example,,explainer,"[""explainer""]",published_prompt,public_http,,,,,2026-09-30T00:41:38.284783+00:00,9a1f94c032c9df5db89411b87b554729dcb01e1147c69b30f66f0e9c5d82c004,
,raphaelaubryy-687877,RaphaelAubryy,,Skillry,https://skillry.dev/ai-videos/opus-5-5/raphaelaubryy-687877,https://skillry.dev/ai-videos/opus-5-5/raphaelaubryy-687877,skillry_example,example,,3d,"[""product_promo""]",published_prompt,public_http,,,,,2026-09-30T00:41:38.644223+00:00,ad5a467207f304b1d516cc681272cce15090b4ab2c1d6c77b71388a932e31e12,
,techhalla-498547,techhalla,,Skillry,https://skillry.dev/ai-videos/opus-5-5/techhalla-498547,https://skillry.dev/ai-videos/opus-5-5/techhalla-498547,skillry_example,example,,motion,"[""characters""]",published_prompt,public_http,,,,,2026-09-30T00:41:38.718234+00:00,3b3014b571f8a6881a470cac202fe6afe60422a5a13b95922c5683ac5b2dfc61,
,tomandrieu96707-875264,TomAndrieu96707,,Skillry,https://skillry.dev/ai-videos/opus-5-5/tomandrieu96707-875264,https://skillry.dev/ai-videos/opus-5-5/tomandrieu96707-875264,skillry_example,example,,explainer,"[""explainer""]",published_prompt,public_http,,,,,2026-09-30T00:41:38.682885+00:00,8c2865cce1444ea56f6c1e9f1ceb3245e0d5accb8c458a464b5a44ded0c474c6,
,ai-baymax-416787,Ai_Baymax,,Skillry,https://skillry.dev/ai-videos/opus-5-5/ai-baymax-416787,https://skillry.dev/ai-videos/opus-5-5/ai-baymax-416787,skillry_example,example,,motion,"[""product_promo""]",published_prompt,public_http,,,,,2026-09-30T00:41:38.728480+00:00,bb61c0d73fa6199360173dda3e48de3670aa4fd263e39270d52be95141008a89,
,mtvneo-148436,mtvneo_,,Skillry,https://skillry.dev/ai-videos/opus-5-5/mtvneo-148436,https://skillry.dev/ai-videos/opus-5-5/mtvneo-148436,skillry_example,example,,motion,"[""3d""]",published_prompt,public_http,,,,,2026-09-30T00:41:39.039010+00:00,4fa302919f7db0ce22133e278a75ed03f66e6704768cd0a317c925401b473d9e,
,hanifproduktif-829311,hanifproduktif,,Skillry,https://skillry.dev/ai-videos/opus-5-5/hanifproduktif-829311,https://skillry.dev/ai-videos/opus-5-5/hanifproduktif-829311,skillry_example,example,,motion,[],published_prompt,public_http,,,,,2026-09-30T00:41:39.060435+00:00,daa168629917f304ff2f333b984ea078b66ea250fae918add3fbde30cb52ee67,
,rneayan-406275,rneayan,,Skillry,https://skillry.dev/ai-videos/opus-5-5/rneayan-406275,https://skillry.dev/ai-videos/opus-5-5/rneayan-406275,skillry_example,example,,motion,[],published_prompt,public_http,,,,,2026-09-30T00:41:39.095261+00:00,5fc9300fd530666c1c14917e05649fd5b150f785ed70d454d106eabc254d21bd,
,rneayan-441493,rneayan,,Skillry,https://skillry.dev/ai-videos/opus-5-5/rneayan-441493,https://skillry.dev/ai-videos/opus-5-5/rneayan-441493,skillry_example,example,,motion,[],published_prompt,public_http,,,,,2026-09-30T00:41:39.079958+00:00,eff927bd664401c19ca363e57a3f03d104a1463a723b47565a5cb312f17f8da3,
,hoyoyoda-543147,hoyoyoda,,Skillry,https://skillry.dev/ai-videos/opus-5-5/hoyoyoda-543147,https://skillry.dev/ai-videos/opus-5-5/hoyoyoda-543147,skillry_example,example,,motion,[],published_prompt,public_http,,,,,2026-09-30T00:41:39.612542+00:00,ed2c42cbf1c0e33af9526b00859d3f2b9fd91114def9e781642ed3cb5fb5a436,
,rendesr-676116,rendesr,,Skillry,https://skillry.dev/ai-videos/opus-5-5/rendesr-676116,https://skillry.dev/ai-videos/opus-5-5/rendesr-676116,skillry_example,example,,motion,[],published_prompt,public_http,,,,,2026-09-30T00:41:41.108842+00:00,c21238c97abc3cb07e01e37ee2e5cec1056b9d9c415ea4c47f6dec7bd2266c97,
,faroukzy-138551,faroukzy,,Skillry,https://skillry.dev/ai-videos/opus-5-5/faroukzy-138551,https://skillry.dev/ai-videos/opus-5-5/faroukzy-138551,skillry_example,example,,motion,[],published_prompt,public_http,,,,,2026-09-30T00:41:39.419199+00:00,78659800389295e495a5ff089bbfb0d93a016bf32d95b753ed94a7201c4eee55,
,0xnfrith-068999,0xnfrith,,Skillry,https://skillry.dev/ai-videos/opus-5-5/0xnfrith-068999,https://skillry.dev/ai-videos/opus-5-5/0xnfrith-068999,skillry_example,example,,explainer,"[""explainer""]",published_prompt,public_http,,,,,2026-09-30T00:41:39.446507+00:00,7ee9bf365e1ad75939364d9fd0d55f6bd7955d2b14c9433fbea5649b6fe9a966,
,hsanat-012699,hSanat,,Skillry,https://skillry.dev/ai-videos/opus-5-5/hsanat-012699,https://skillry.dev/ai-videos/opus-5-5/hsanat-012699,skillry_example,example,,motion,"[""product_promo""]",published_prompt,public_http,,,,,2026-09-30T00:41:39.750933+00:00,227f68a953f0023dd49ec9deb944b59954d614071503a6e1ae04fd9f1c5c021a,
,davidshulmanfl-842921,DavidShulmanFL,,Skillry,https://skillry.dev/ai-videos/opus-5-5/davidshulmanfl-842921,https://skillry.dev/ai-videos/opus-5-5/davidshulmanfl-842921,skillry_example,example,,motion,"[""3d""]",published_prompt,public_http,,,,,2026-09-30T00:41:39.769727+00:00,57de9fc49fc851f971b251c34333f51e06b04183ead8f8b553d0ce184e81d17a,
,drrickio-009558,drrickio,,Skillry,https://skillry.dev/ai-videos/opus-5-5/drrickio-009558,https://skillry.dev/ai-videos/opus-5-5/drrickio-009558,skillry_example,example,,motion,"[""product_promo""]",published_prompt,public_http,,,,,2026-09-30T00:41:40.004880+00:00,5b94aa2a2aa7f71841f92abb1b04aca2d0af79b5c2c648c98aef064284a420bf,
,andre-lucaxxs-846347,andre_lucaxxs,,Skillry,https://skillry.dev/ai-videos/opus-5-5/andre-lucaxxs-846347,https://skillry.dev/ai-videos/opus-5-5/andre-lucaxxs-846347,skillry_example,example,,motion,[],published_prompt,public_http,,,,,2026-09-30T00:41:40.127705+00:00,7b7e0155afff8c324ab23191599943def2723370b87048ec761c75c940b77439,
,davidmarcus-686217,davidmarcus,,Skillry,https://skillry.dev/ai-videos/opus-5-5/davidmarcus-686217,https://skillry.dev/ai-videos/opus-5-5/davidmarcus-686217,skillry_example,example,,motion,"[""product_promo""]",published_prompt,public_http,,,,,2026-09-30T00:41:40.135098+00:00,c7df697284155ddabeef8154925ce632aa4a29e185fb185cb30fb24b4311e11d,
,supremebeme-306746,supremebeme,,Skillry,https://skillry.dev/ai-videos/opus-5-5/supremebeme-306746,https://skillry.dev/ai-videos/opus-5-5/supremebeme-306746,skillry_example,example,,motion,[],published_prompt,public_http,,,,,2026-09-30T00:41:40.430240+00:00,ed08e684432724cdd6395ef1f580d5c5a53a5462e429687203a910e20962e76e,
,vahidf24-121886,vahidf24,,Skillry,https://skillry.dev/ai-videos/opus-5-5/vahidf24-121886,https://skillry.dev/ai-videos/opus-5-5/vahidf24-121886,skillry_example,example,,motion,[],published_prompt,public_http,,,,,2026-09-30T00:41:40.539055+00:00,78fa06e6fa054d94db54d626f750411b709798d61e49ab4bb2d56339fc277667,
,ishuagra02-922825,ishuagra02,,Skillry,https://skillry.dev/ai-videos/opus-5-5/ishuagra02-922825,https://skillry.dev/ai-videos/opus-5-5/ishuagra02-922825,skillry_example,example,,motion,"[""characters""]",published_prompt,public_http,,,,,2026-09-30T00:41:40.513885+00:00,054e7985e8f15bbd6bbbadf6a30b2f3a4c5ae2c493b9f42de5cda01ff3809c80,
,1stnoel-603851,1stnoel_,,Skillry,https://skillry.dev/ai-videos/opus-5-5/1stnoel-603851,https://skillry.dev/ai-videos/opus-5-5/1stnoel-603851,skillry_example,example,,explainer,"[""explainer""]",published_prompt,public_http,,,,,2026-09-30T00:41:40.793646+00:00,40f3ea1ec08b8f270bd52167d14b34e8ec1118e55ee69f1cc0667d495afe2254,
,retropunkai-277590,RetropunkAI,,Skillry,https://skillry.dev/ai-videos/opus-5-5/retropunkai-277590,https://skillry.dev/ai-videos/opus-5-5/retropunkai-277590,skillry_example,example,,explainer,"[""explainer""]",published_prompt,public_http,,,,,2026-09-30T00:41:40.992739+00:00,3364aa86877a55108559e23907fa9d9d3ce7dc6e6b792b3718c501c73bdaaabe,
,jake11moran-414633,jake11moran,,Skillry,https://skillry.dev/ai-videos/opus-5-5/jake11moran-414633,https://skillry.dev/ai-videos/opus-5-5/jake11moran-414633,skillry_example,example,,motion,"[""product_promo""]",published_prompt,public_http,,,,,2026-09-30T00:41:41.074480+00:00,31996da750ed119a6ee552370a5c92201f8563ae05e8f928d997d95e6f0104b6,
,chrisjdimarco-524106,chrisjdimarco,,Skillry,https://skillry.dev/ai-videos/opus-5-5/chrisjdimarco-524106,https://skillry.dev/ai-videos/opus-5-5/chrisjdimarco-524106,skillry_example,example,,motion,[],published_prompt,public_http,,,,,2026-09-30T00:41:41.367968+00:00,2a968757b17982b55599d90c1dd272bfebb511e6fa8adcdaab9fd434eab819ab,
,andriyfernandes-807308,andriyfernandes,,Skillry,https://skillry.dev/ai-videos/opus-5-5/andriyfernandes-807308,https://skillry.dev/ai-videos/opus-5-5/andriyfernandes-807308,skillry_example,example,,motion,[],published_prompt,public_http,,,,,2026-09-30T00:41:41.408199+00:00,a8362e5874672dd12fbf84119d5aef74e411db85b4a90f3132ac7d6b4a6e1d1a,
,techtactician-144474,techtactician,,Skillry,https://skillry.dev/ai-videos/opus-5-5/techtactician-144474,https://skillry.dev/ai-videos/opus-5-5/techtactician-144474,skillry_example,example,,motion,"[""product_promo""]",published_prompt,public_http,,,,,2026-09-30T00:41:41.674050+00:00,e84983baa9f9420f7695580c9c0f4aad27e990918aca8849fc71d64d66eb6b6e,
,0xevinho-436195,0xEvinho,,Skillry,https://skillry.dev/ai-videos/opus-5-5/0xevinho-436195,https://skillry.dev/ai-videos/opus-5-5/0xevinho-436195,skillry_example,example,,motion,[],published_prompt,public_http,,,,,2026-09-30T00:41:41.687432+00:00,c7267275db9cf272a39ad5564c0dfb492b6db86881b8a2524712ffec47ae9e00,
,parkerrex-701462,ParkerRex,,Skillry,https://skillry.dev/ai-videos/opus-5-5/parkerrex-701462,https://skillry.dev/ai-videos/opus-5-5/parkerrex-701462,skillry_example,example,,explainer,"[""explainer""]",published_prompt,public_http,,,,,2026-09-30T00:41:43.884942+00:00,93a1552acb1de72cf6dcb543bcf59775d5aa2843b4847dd6935e8c10188c2b94,
,justincooperman-188876,justincooperman,,Skillry,https://skillry.dev/ai-videos/opus-5-5/justincooperman-188876,https://skillry.dev/ai-videos/opus-5-5/justincooperman-188876,skillry_example,example,,motion,[],published_prompt,public_http,,,,,2026-09-30T00:41:41.719454+00:00,4641288bc4e73deface025db0e3015668c1dc4ab46594a53b1cce5c64058bb85,
,rames-jusso-776559,Rames_Jusso,,Skillry,https://skillry.dev/ai-videos/opus-5-5/rames-jusso-776559,https://skillry.dev/ai-videos/opus-5-5/rames-jusso-776559,skillry_example,example,,motion,[],published_prompt,public_http,,,,,2026-09-30T00:41:42.058188+00:00,84be61583ef0e936e1901ca0ecd2ab3f2d632c2aab8ae71cb1259d10e486172a,
,deifosv-786581,deifosv,,Skillry,https://skillry.dev/ai-videos/opus-5-5/deifosv-786581,https://skillry.dev/ai-videos/opus-5-5/deifosv-786581,skillry_example,example,,interactive,"[""product_promo""]",published_prompt,public_http,,,,,2026-09-30T00:41:42.076266+00:00,42557a10d1fb6dac769e7d959964105d049ab00dcd00c66649ba01023822e29e,
,anirockshady-032809,anirockshady,,Skillry,https://skillry.dev/ai-videos/opus-5-5/anirockshady-032809,https://skillry.dev/ai-videos/opus-5-5/anirockshady-032809,skillry_example,example,,3d,"[""3d""]",published_prompt,public_http,,,,,2026-09-30T00:41:42.090445+00:00,b0696bd215825f5bdf4d3fb68ede845a8f63b25981d94de2e658b300db1a28bd,
,mycodecoach-459574,MyCodeCoach,,Skillry,https://skillry.dev/ai-videos/opus-5-5/mycodecoach-459574,https://skillry.dev/ai-videos/opus-5-5/mycodecoach-459574,skillry_example,example,,motion,"[""characters"", ""3d""]",published_prompt,public_http,,,,,2026-09-30T00:41:42.426725+00:00,04f237d1c24d3c8ed62c18793ad1e0afc33a9a3be33026423f8c7cc3ff262eaa,
,pbteja1998-651644,pbteja1998,,Skillry,https://skillry.dev/ai-videos/opus-5-5/pbteja1998-651644,https://skillry.dev/ai-videos/opus-5-5/pbteja1998-651644,skillry_example,example,,motion,"[""product_promo""]",published_prompt,public_http,,,,,2026-09-30T00:41:42.554490+00:00,06780b199b90e8c746c7cbfa9fc4c340b1bedec93361f0ee7b096e15dd1e5e0a,
,anjmaxx-459455,anjmaxx,,Skillry,https://skillry.dev/ai-videos/opus-5-5/anjmaxx-459455,https://skillry.dev/ai-videos/opus-5-5/anjmaxx-459455,skillry_example,example,,motion,"[""typography"", ""characters""]",published_prompt,public_http,,,,,2026-09-30T00:41:42.541339+00:00,35bbd1ba119825f090263f026b40e9c6876399d22edafe36a322df10184782dd,
,buildfastwithai-582551,BuildFastWithAI,,Skillry,https://skillry.dev/ai-videos/opus-5-5/buildfastwithai-582551,https://skillry.dev/ai-videos/opus-5-5/buildfastwithai-582551,skillry_example,example,,interactive,"[""3d""]",published_prompt,public_http,,,,,2026-09-30T00:41:42.791932+00:00,15cea6b7ac7b1cf7f1ed839f37529eb3b090c2cc4c636355f24ba630d03dc585,
,kantamk-176511,kantamk,,Skillry,https://skillry.dev/ai-videos/opus-5-5/kantamk-176511,https://skillry.dev/ai-videos/opus-5-5/kantamk-176511,skillry_example,example,,motion,[],published_prompt,public_http,,,,,2026-09-30T00:41:42.915424+00:00,748c6e455724934c4a00093f96b2721ae3f4cd84f1b4296d4028eb9ba892d938,
,mattbean-917572,mattbean,,Skillry,https://skillry.dev/ai-videos/opus-5-5/mattbean-917572,https://skillry.dev/ai-videos/opus-5-5/mattbean-917572,skillry_example,example,,motion,"[""product_promo""]",published_prompt,public_http,,,,,2026-09-30T00:41:43.108694+00:00,c16103bb6a3a1cee1268e2c75e6011bfd21a460aa8ed7fd5758e77ff1c8ef575,
,niegramotny-197521,_nieGRAMotny_,,Skillry,https://skillry.dev/ai-videos/opus-5-5/niegramotny-197521,https://skillry.dev/ai-videos/opus-5-5/niegramotny-197521,skillry_example,example,,interactive,"[""product_promo"", ""3d""]",published_prompt,public_http,,,,,2026-09-30T00:41:43.255362+00:00,0c183f3d0d2a7f3508172eabcd996530a35ef61ab4dff127766c1d0c98fd8a9c,
,suryarajendhran-730437,SuryaRajendhran,,Skillry,https://skillry.dev/ai-videos/opus-5-5/suryarajendhran-730437,https://skillry.dev/ai-videos/opus-5-5/suryarajendhran-730437,skillry_example,example,,motion,[],published_prompt,public_http,,,,,2026-09-30T00:41:43.466325+00:00,b77f6fc9c2ece1ae4eedbe18870e6e5de2113f7e2058325d42ec5e7051dc5be7,
,maxalexweber-459784,maxalexweber,,Skillry,https://skillry.dev/ai-videos/opus-5-5/maxalexweber-459784,https://skillry.dev/ai-videos/opus-5-5/maxalexweber-459784,skillry_example,example,,motion,[],published_prompt,public_http,,,,,2026-09-30T00:41:43.480934+00:00,871aa643695b69276b6f98b025cb1cb2138b48b13bfab606ec2e69223f450614,
,eric-khun-667455,eric_khun,,Skillry,https://skillry.dev/ai-videos/opus-5-5/eric-khun-667455,https://skillry.dev/ai-videos/opus-5-5/eric-khun-667455,skillry_example,example,,motion,"[""characters""]",published_prompt,public_http,,,,,2026-09-30T00:41:43.589211+00:00,9782bb817e20821e6bfe0a44e9615ea452a15b21fb6742e455c035d614b54523,
,micheleharmonic-244175,MicheleHarmonic,,Skillry,https://skillry.dev/ai-videos/opus-5-5/micheleharmonic-244175,https://skillry.dev/ai-videos/opus-5-5/micheleharmonic-244175,skillry_example,example,,motion,[],published_prompt,public_http,,,,,2026-09-30T00:41:43.938407+00:00,f7568dea2d85bd44056cca9834eaa3276ae4f33abb902997fde88aca29aca53f,
,abderrahmen-g-899031,abderrahmen_g,,Skillry,https://skillry.dev/ai-videos/opus-5-5/abderrahmen-g-899031,https://skillry.dev/ai-videos/opus-5-5/abderrahmen-g-899031,skillry_example,example,,motion,[],published_prompt,public_http,,,,,2026-09-30T00:41:44.110932+00:00,8b7f0afd4856749578a15f7540872a82df26b698b27a6a5a63a524addd1ea55b,
,lepadev-475414,lepadev,,Skillry,https://skillry.dev/ai-videos/opus-5-5/lepadev-475414,https://skillry.dev/ai-videos/opus-5-5/lepadev-475414,skillry_example,example,,motion,[],published_prompt,public_http,,,,,2026-09-30T00:41:43.974814+00:00,7fb8622b603a42811b21427e29e69f6288c5e67563e834b1d2b4fe1befbf5d67,
,anilraok-009118,Anilraok,,Skillry,https://skillry.dev/ai-videos/opus-5-5/anilraok-009118,https://skillry.dev/ai-videos/opus-5-5/anilraok-009118,skillry_example,example,,3d,"[""product_promo"", ""3d""]",published_prompt,public_http,,,,,2026-09-30T00:41:44.302747+00:00,236fffd498f866f6690e0cb08643dcbc549a6dcdf420e0d73a4af83e1b349e48,
,modaalbuilder-868989,modaalbuilder,,Skillry,https://skillry.dev/ai-videos/opus-5-5/modaalbuilder-868989,https://skillry.dev/ai-videos/opus-5-5/modaalbuilder-868989,skillry_example,example,,motion,[],published_prompt_partial,public_http,,,,,2026-09-30T00:41:44.387855+00:00,afb0ad285c98bd43c740839f5da39ebff6f67b4ae362a6f891249763cecb701a,
,charlesmendez-476517,charlesmendez,,Skillry,https://skillry.dev/ai-videos/opus-5-5/charlesmendez-476517,https://skillry.dev/ai-videos/opus-5-5/charlesmendez-476517,skillry_example,example,,explainer,"[""explainer""]",published_prompt,public_http,,,,,2026-09-30T00:41:44.365209+00:00,e587b10e3c0a488e6ecfd285af4433ccd5b53608c959a1704f09e0d7b6a4b4c9,
,viggle-pinoc-434495,Viggle_PINOC,,Skillry,https://skillry.dev/ai-videos/opus-5-5/viggle-pinoc-434495,https://skillry.dev/ai-videos/opus-5-5/viggle-pinoc-434495,skillry_example,example,,3d,"[""characters"", ""charts_maps"", ""3d""]",published_prompt,public_http,,,,,2026-09-30T00:41:44.570681+00:00,d04556b5716ad0d55b1e450209b889af04248e15686d6370724a100a24a7f878,
,jrayon-054015,jrayon,,Skillry,https://skillry.dev/ai-videos/opus-5-5/jrayon-054015,https://skillry.dev/ai-videos/opus-5-5/jrayon-054015,skillry_example,example,,motion,"[""3d""]",published_prompt,public_http,,,,,2026-09-30T00:41:44.636251+00:00,c0ac53b8f8a472741209f7f31f2109a351052a162a4bc155c51eed8d81dabef2,
,nikolajankovic-616097,_nikolajankovic,,Skillry,https://skillry.dev/ai-videos/opus-5-5/nikolajankovic-616097,https://skillry.dev/ai-videos/opus-5-5/nikolajankovic-616097,skillry_example,example,,explainer,"[""explainer""]",published_prompt,public_http,,,,,2026-09-30T00:41:46.639255+00:00,19ca1155bdd75bf42ddc677cec29616b0b51447895708cc43791fe1ef540b560,
,ehsanik-162993,ehsanik,,Skillry,https://skillry.dev/ai-videos/opus-5-5/ehsanik-162993,https://skillry.dev/ai-videos/opus-5-5/ehsanik-162993,skillry_example,example,,motion,[],published_prompt,public_http,,,,,2026-09-30T00:41:44.726138+00:00,1a0a7155d4a88c46db7e5201c493363b59b0e3b3fede1643d5bdbefd2f1b18a3,
,fornyapayzeka-795431,FornYapayZeka,,Skillry,https://skillry.dev/ai-videos/opus-5-5/fornyapayzeka-795431,https://skillry.dev/ai-videos/opus-5-5/fornyapayzeka-795431,skillry_example,example,,motion,"[""3d""]",published_prompt,public_http,,,,,2026-09-30T00:41:44.950267+00:00,3e6a5867f49f3a87bb8bb08487a2ee83ab016905ef9e9f1b6fd2b333d2c81ae1,
,kamstudiolabs-440893,KamStudioLabs,,Skillry,https://skillry.dev/ai-videos/opus-5-5/kamstudiolabs-440893,https://skillry.dev/ai-videos/opus-5-5/kamstudiolabs-440893,skillry_example,example,,motion,[],published_prompt,public_http,,,,,2026-09-30T00:41:45.151658+00:00,b5e706c64c862279b2aabbbb16e2a56b1a313ae57954e88858f151d04144a203,
,gonzalomacagno-344202,GonzaloMacagno,,Skillry,https://skillry.dev/ai-videos/opus-5-5/gonzalomacagno-344202,https://skillry.dev/ai-videos/opus-5-5/gonzalomacagno-344202,skillry_example,example,,motion,[],published_prompt,public_http,,,,,2026-09-30T00:41:45.365045+00:00,7685cc18b036594cb27d1c82dbcd21cf6f4433152fa9a71c49f2ed6ff47b314b,
,kamstudiolabs-877996,KamStudioLabs,,Skillry,https://skillry.dev/ai-videos/opus-5-5/kamstudiolabs-877996,https://skillry.dev/ai-videos/opus-5-5/kamstudiolabs-877996,skillry_example,example,,motion,[],published_prompt,public_http,,,,,2026-09-30T00:41:45.387606+00:00,ef6b06fdb9db5bc29be19c21b5dc091dce907c60e1ddd3fdf047daa899978f6d,
,zeezomb-726206,zeezomb,,Skillry,https://skillry.dev/ai-videos/opus-5-5/zeezomb-726206,https://skillry.dev/ai-videos/opus-5-5/zeezomb-726206,skillry_example,example,,motion,"[""3d""]",published_prompt,public_http,,,,,2026-09-30T00:41:45.714427+00:00,08c6d8b78d0f4cf37962d9ebc9f5e6fe5e2d212e2cace9b05be611eed2aff37e,
,kamstudiolabs-100086,KamStudioLabs,,Skillry,https://skillry.dev/ai-videos/opus-5-5/kamstudiolabs-100086,https://skillry.dev/ai-videos/opus-5-5/kamstudiolabs-100086,skillry_example,example,,motion,[],published_prompt,public_http,,,,,2026-09-30T00:41:45.726244+00:00,ecdbe1281bc3b27a108f5f8c52fce9af9b6fd679ee20919e26a99cf6c67e45be,
,ishuagra02-678129,ishuagra02,,Skillry,https://skillry.dev/ai-videos/opus-5-5/ishuagra02-678129,https://skillry.dev/ai-videos/opus-5-5/ishuagra02-678129,skillry_example,example,,3d,"[""3d""]",published_prompt,public_http,,,,,2026-09-30T00:41:45.749825+00:00,27657dc47d7cfd1a8cbd2684fd8b1f9b21c8875661253f504fcb9e9cff217767,
,palashbagchi11-389221,PalashBagchi11,,Skillry,https://skillry.dev/ai-videos/opus-5-5/palashbagchi11-389221,https://skillry.dev/ai-videos/opus-5-5/palashbagchi11-389221,skillry_example,example,,motion,[],published_prompt_partial,public_http,,,,,2026-09-30T00:41:46.109348+00:00,78b772089b1c4afdbc31e79c527137a73166113989f51ad5a1ae181378aace5b,
,nemtudo-614053,NemTudo_,,Skillry,https://skillry.dev/ai-videos/opus-5-5/nemtudo-614053,https://skillry.dev/ai-videos/opus-5-5/nemtudo-614053,skillry_example,example,,motion,[],published_prompt,public_http,,,,,2026-09-30T00:41:46.135444+00:00,d6d1fb1293e9e42f919765cd6771c8b4ff48ac83bba6e20264f9311f3e3cd676,
,fornyapayzeka-135914,FornYapayZeka,,Skillry,https://skillry.dev/ai-videos/opus-5-5/fornyapayzeka-135914,https://skillry.dev/ai-videos/opus-5-5/fornyapayzeka-135914,skillry_example,example,,motion,"[""3d""]",published_prompt,public_http,,,,,2026-09-30T00:41:46.344850+00:00,aa007a2a915e068ba3220a3838799013b6c462e3424839a9a9593804d5de5e98,
,0xrathi-511319,0xRathi,,Skillry,https://skillry.dev/ai-videos/opus-5-5/0xrathi-511319,https://skillry.dev/ai-videos/opus-5-5/0xrathi-511319,skillry_example,example,,interactive,"[""3d""]",published_prompt,public_http,,,,,2026-09-30T00:41:46.473298+00:00,ef648bfd0d7111c9dae6e6d3e2d8aa9c93b8e8a51f45c839da77a8a3f4b7f7d8,
,ryzoft-887481,Ryzoft,,Skillry,https://skillry.dev/ai-videos/opus-5-5/ryzoft-887481,https://skillry.dev/ai-videos/opus-5-5/ryzoft-887481,skillry_example,example,,interactive,"[""characters"", ""3d""]",published_prompt,public_http,,,,,2026-09-30T00:41:46.663382+00:00,42f48edf7a0201c704e85ffc17350a997fc9c4eeb0673b583f96e0edc746cd82,
,ercankeskinx-897906,ercankeskinx,,Skillry,https://skillry.dev/ai-videos/opus-5-5/ercankeskinx-897906,https://skillry.dev/ai-videos/opus-5-5/ercankeskinx-897906,skillry_example,example,,motion,[],published_prompt,public_http,,,,,2026-09-30T00:41:46.732847+00:00,f83e9dd0a3f602dcab58acadd01419d846f263589bbce1483baf433e45f565d3,
,x4b47x-034026,x4b47x,,Skillry,https://skillry.dev/ai-videos/opus-5-5/x4b47x-034026,https://skillry.dev/ai-videos/opus-5-5/x4b47x-034026,skillry_example,example,,motion,"[""reels_shorts""]",published_prompt,public_http,,,,,2026-09-30T00:41:46.914056+00:00,bdadc1ddd06f4bbce3368dae4ffebb9d5565d4e83181d9fa702718cf657328fc,
,,Hypit,,,https://github.com/hypit-ai/hypit,,agent_video_framework,,,reference_video_clone,"[""reference_video_clone"", ""reels_shorts_ads"", ""motion_graphics"", ""explainer_education""]",,,,,,,,,
,,brag / brag-slim,,,https://github.com/latent-spaces/brag,,agent_skill_repo,,,launch_video,"[""product_promo_saas"", ""reels_shorts_ads"", ""motion_graphics""]",,,,,,,,,
,,video-shotcraft,,,https://github.com/Vincentwei1021/video-shotcraft,,agent_skill_repo,,,product_promo_motion,"[""product_promo_saas"", ""motion_graphics""]",,,,,,,,,
,,video-talkcraft,,,https://github.com/Vincentwei1021/video-talkcraft,,agent_skill_repo,,,voiceover_explainer,"[""explainer_education"", ""motion_graphics"", ""reels_shorts_ads""]",,,,,,,,,
,,remotion-dev/skills,,,https://github.com/remotion-dev/skills,,official_agent_skills,,,remotion_framework,"[""motion_graphics"", ""product_promo_saas"", ""explainer_education""]",,,,,,,,,
,,HyperFrames,,,https://github.com/heygen-com/hyperframes,,html_to_video_framework,,,html_motion_rendering,"[""motion_graphics"", ""product_promo_saas"", ""3d_webgl""]",,,,,,,,,
,,vertical-video-editing-skills,,,https://github.com/nopefallacy/vertical-video-editing-skills,,agent_skill_repo,,,reels_editing,"[""reels_shorts_ads"", ""motion_graphics""]",,,,,,,,,
,,OpenMontage,,,https://github.com/calesthio/OpenMontage,,agentic_video_production_system,,,end_to_end_video_studio,"[""explainer_education"", ""reels_shorts_ads"", ""product_promo_saas"", ""editor_control""]",,,,,,,,,
,,hyperframes-helper,,,https://github.com/robonuggets/hyperframes-helper,,production_skill_kit,,,hyperframes_workflow,"[""motion_graphics"", ""reels_shorts_ads"", ""product_promo_saas""]",,,,,,,,,
,,After Effects MCP by HeroicSwan,,,https://github.com/HeroicSwan/after-effects-mcp,,mcp_editor_control,,,after_effects_control,"[""editor_control"", ""motion_graphics""]",,,,,,,,,
,,DaVinci Resolve MCP,,,https://github.com/samuelgursky/davinci-resolve-mcp,,mcp_editor_control,,,davinci_resolve_control,"[""editor_control""]",,,,,,,,,
,,Motion Canvas,,,https://github.com/motion-canvas/motion-canvas,,code_animation_framework,,,explainer_motion_framework,"[""explainer_education"", ""motion_graphics""]",,,,,,,,,
,,rembg,,,https://github.com/danielgatis/rembg,,background_removal_tool,,,image_background_removal,"[""background_removal""]",,,,,,,,,
,,BiRefNet,,,https://github.com/ZhengPeng7/BiRefNet,,background_removal_model_repo,,,high_resolution_segmentation,"[""background_removal""]",,,,,,,,,
,,BRIA RMBG-2.0,,,https://github.com/Bria-AI/RMBG-2.0,,background_removal_model_repo,,,commercial_dataset_alpha_matte,"[""background_removal""]",,,,,,,,,
,,SAM 2,,,https://github.com/facebookresearch/sam2,,video_segmentation_model_repo,,,video_masks_tracking,"[""background_removal"", ""editor_control""]",,,,,,,,,
,,ZAURAN-AI-CREATIVE,,GitHub,https://github.com/ZAURAN/ZAURAN-AI-CREATIVE,,external_repo,,,story_character_production,"[""characters"", ""explainer"", ""product_promo""]",,,,,,fcfaf15952347c4616d30e78e21e3b671e4142ea,,,
,ad-multiplier,ad-multiplier,,openai_curated_app_cache,C:\Users\ganba\.codex\plugins\cache\openai-curated-remote\app-6a3293e129088191abf0875820e839da\2.1.0\skills\ad-multiplier\SKILL.md,,local_installed_skill,,,local_skill,"[""editor_control"", ""motion_graphics"", ""product_promo_saas"", ""reels_shorts_ads"", ""reference_video_clone""]",,,,,,,,,
,ai-host-video,ai-host-video,,openai_curated_app_cache,C:\Users\ganba\.codex\plugins\cache\openai-curated-remote\app-6a3293e129088191abf0875820e839da\2.1.0\skills\ai-host-video\SKILL.md,,local_installed_skill,,,local_skill,"[""editor_control"", ""explainer_education"", ""motion_graphics"", ""product_promo_saas"", ""reels_shorts_ads"", ""reference_video_clone""]",,,,,,,,,
,faceless-video,faceless-video,,openai_curated_app_cache,C:\Users\ganba\.codex\plugins\cache\openai-curated-remote\app-6a3293e129088191abf0875820e839da\2.1.0\skills\faceless-video\SKILL.md,,local_installed_skill,,,local_skill,"[""editor_control"", ""explainer_education"", ""motion_graphics"", ""product_promo_saas"", ""reels_shorts_ads"", ""reference_video_clone""]",,,,,,,,,
,higgsfield,higgsfield,,openai_curated_app_cache,C:\Users\ganba\.codex\plugins\cache\openai-curated-remote\app-6a3293e129088191abf0875820e839da\2.1.0\skills\higgsfield\SKILL.md,,local_installed_skill,,,local_skill,"[""editor_control"", ""motion_graphics"", ""product_promo_saas"", ""reels_shorts_ads"", ""reference_video_clone""]",,,,,,,,,
,motion-craft,motion-craft,,openai_curated_app_cache,C:\Users\ganba\.codex\plugins\cache\openai-curated-remote\app-6a3293e129088191abf0875820e839da\2.1.0\skills\motion-craft\SKILL.md,,local_installed_skill,,,local_skill,"[""editor_control"", ""explainer_education"", ""motion_graphics"", ""reels_shorts_ads"", ""reference_video_clone""]",,,,,,,,,
,narrator,narrator,,openai_curated_app_cache,C:\Users\ganba\.codex\plugins\cache\openai-curated-remote\app-6a3293e129088191abf0875820e839da\2.1.0\skills\narrator\SKILL.md,,local_installed_skill,,,local_skill,"[""editor_control"", ""explainer_education"", ""product_promo_saas"", ""reels_shorts_ads"", ""reference_video_clone""]",,,,,,,,,
,subtitles,subtitles,,openai_curated_app_cache,C:\Users\ganba\.codex\plugins\cache\openai-curated-remote\app-6a3293e129088191abf0875820e839da\2.1.0\skills\subtitles\SKILL.md,,local_installed_skill,,,local_skill,"[""editor_control"", ""explainer_education"", ""motion_graphics"", ""product_promo_saas"", ""reels_shorts_ads"", ""reference_video_clone""]",,,,,,,,,
,thumbnail-generation,thumbnail-generation,,openai_curated_app_cache,C:\Users\ganba\.codex\plugins\cache\openai-curated-remote\app-6a3293e129088191abf0875820e839da\2.1.0\skills\thumbnail-generation\SKILL.md,,local_installed_skill,,,local_skill,"[""editor_control"", ""motion_graphics"", ""product_promo_saas"", ""reels_shorts_ads"", ""reference_video_clone""]",,,,,,,,,
,ugc-product-video,ugc-product-video,,openai_curated_app_cache,C:\Users\ganba\.codex\plugins\cache\openai-curated-remote\app-6a3293e129088191abf0875820e839da\2.1.0\skills\ugc-product-video\SKILL.md,,local_installed_skill,,,local_skill,"[""editor_control"", ""explainer_education"", ""motion_graphics"", ""product_promo_saas"", ""reels_shorts_ads"", ""reference_video_clone""]",,,,,,,,,
,ugc-review-video,ugc-review-video,,openai_curated_app_cache,C:\Users\ganba\.codex\plugins\cache\openai-curated-remote\app-6a3293e129088191abf0875820e839da\2.1.0\skills\ugc-review-video\SKILL.md,,local_installed_skill,,,local_skill,"[""editor_control"", ""explainer_education"", ""product_promo_saas"", ""reels_shorts_ads"", ""reference_video_clone""]",,,,,,,,,
,ugc-try-on-video,ugc-try-on-video,,openai_curated_app_cache,C:\Users\ganba\.codex\plugins\cache\openai-curated-remote\app-6a3293e129088191abf0875820e839da\2.1.0\skills\ugc-try-on-video\SKILL.md,,local_installed_skill,,,local_skill,"[""editor_control"", ""explainer_education"", ""motion_graphics"", ""product_promo_saas"", ""reels_shorts_ads"", ""reference_video_clone""]",,,,,,,,,
,ugc-tutorial-video,ugc-tutorial-video,,openai_curated_app_cache,C:\Users\ganba\.codex\plugins\cache\openai-curated-remote\app-6a3293e129088191abf0875820e839da\2.1.0\skills\ugc-tutorial-video\SKILL.md,,local_installed_skill,,,local_skill,"[""editor_control"", ""explainer_education"", ""motion_graphics"", ""product_promo_saas"", ""reels_shorts_ads"", ""reference_video_clone""]",,,,,,,,,
,ugc-unboxing-video,ugc-unboxing-video,,openai_curated_app_cache,C:\Users\ganba\.codex\plugins\cache\openai-curated-remote\app-6a3293e129088191abf0875820e839da\2.1.0\skills\ugc-unboxing-video\SKILL.md,,local_installed_skill,,,local_skill,"[""editor_control"", ""motion_graphics"", ""product_promo_saas"", ""reels_shorts_ads"", ""reference_video_clone""]",,,,,,,,,
,ugc-website-video,ugc-website-video,,openai_curated_app_cache,C:\Users\ganba\.codex\plugins\cache\openai-curated-remote\app-6a3293e129088191abf0875820e839da\2.1.0\skills\ugc-website-video\SKILL.md,,local_installed_skill,,,local_skill,"[""editor_control"", ""explainer_education"", ""motion_graphics"", ""product_promo_saas"", ""reels_shorts_ads"", ""reference_video_clone""]",,,,,,,,,
,video-editing,video-editing,,openai_curated_app_cache,C:\Users\ganba\.codex\plugins\cache\openai-curated-remote\app-6a3293e129088191abf0875820e839da\2.1.0\skills\video-editing\SKILL.md,,local_installed_skill,,,local_skill,"[""background_removal"", ""editor_control"", ""motion_graphics"", ""reference_video_clone""]",,,,,,,,,
,website-builder,website-builder,,openai_curated_app_cache,C:\Users\ganba\.codex\plugins\cache\openai-curated-remote\app-6a3293e129088191abf0875820e839da\2.1.0\skills\website-builder\SKILL.md,,local_installed_skill,,,local_skill,"[""editor_control"", ""product_promo_saas"", ""reels_shorts_ads"", ""reference_video_clone""]",,,,,,,,,
,youtube-script,youtube-script,,openai_curated_app_cache,C:\Users\ganba\.codex\plugins\cache\openai-curated-remote\app-6a3293e129088191abf0875820e839da\2.1.0\skills\youtube-script\SKILL.md,,local_installed_skill,,,local_skill,"[""editor_control"", ""explainer_education"", ""product_promo_saas"", ""reels_shorts_ads"", ""reference_video_clone""]",,,,,,,,,
,,hypit-ai/hypit: skills/hypit,,GitHub,https://github.com/hypit-ai/hypit/blob/b00532e413d83845b631df25f2319017541db0ac/skills/hypit/SKILL.md,,repository_skill_document,,,public_skill_source,,full_repository_document,,,,,b00532e413d83845b631df25f2319017541db0ac,2026-09-30T01:01:16.692455+00:00,e3fafb44b8975c9840b7f212e4e9fdd6967190c2bcc70acf325b5c46c5b1c707,False
,,latent-spaces/brag: skills/brag-slim,,GitHub,https://github.com/latent-spaces/brag/blob/c893c5ed52aed84e3e2ee56787de869fccdae6b0/skills/brag-slim/SKILL.md,,repository_skill_document,,,public_skill_source,,full_repository_document,,,,,c893c5ed52aed84e3e2ee56787de869fccdae6b0,2026-09-30T01:01:16.693480+00:00,c78b6f56905b63258d3d651cdd686e61278ae79312a562adc2cdf2176fa04646,False
,,latent-spaces/brag: skills/brag,,GitHub,https://github.com/latent-spaces/brag/blob/c893c5ed52aed84e3e2ee56787de869fccdae6b0/skills/brag/SKILL.md,,repository_skill_document,,,public_skill_source,,full_repository_document,,,,,c893c5ed52aed84e3e2ee56787de869fccdae6b0,2026-09-30T01:01:16.693480+00:00,77d0ff935c91239f92244498fc42a45a94eb5a356e2f55d3c68f8007e3aac904,False
,,Vincentwei1021/video-shotcraft: .,,GitHub,https://github.com/Vincentwei1021/video-shotcraft/blob/5ddbf521038b0a7accfb6dc1e0a9eb29c67277ab/SKILL.md,,repository_skill_document,,,public_skill_source,,full_repository_document,,,,,5ddbf521038b0a7accfb6dc1e0a9eb29c67277ab,2026-09-30T01:01:23.539046+00:00,12696ad78212f9036cbb76bd46be305094686db64d9cf72f69a6e650eba3ebbc,False
,,Vincentwei1021/video-talkcraft: .,,GitHub,https://github.com/Vincentwei1021/video-talkcraft/blob/914103688cdec20ea35699f73b08e357a817c37a/SKILL.md,,repository_skill_document,,,public_skill_source,,full_repository_document,,,,,914103688cdec20ea35699f73b08e357a817c37a,2026-09-30T01:01:35.403499+00:00,f813fdeb45ec61e7b453e2f51205f6eb9a1e29a8999cbd6f5b47907fefbe390c,False
,,remotion-dev/skills: skills/remotion-best-practices,,GitHub,https://github.com/remotion-dev/skills/blob/a1b09e904a995f8bbf6d3b865fc612eedf7a4c43/skills/remotion-best-practices/SKILL.md,,repository_skill_document,,,public_skill_source,,full_repository_document,,,,,a1b09e904a995f8bbf6d3b865fc612eedf7a4c43,2026-09-30T01:01:36.850316+00:00,b39bf7d504854d8a20d3c606ba526338713e0aa96775be106282d66ceb3a66a7,False
,,remotion-dev/skills: skills/remotion-captions,,GitHub,https://github.com/remotion-dev/skills/blob/a1b09e904a995f8bbf6d3b865fc612eedf7a4c43/skills/remotion-captions/SKILL.md,,repository_skill_document,,,public_skill_source,,full_repository_document,,,,,a1b09e904a995f8bbf6d3b865fc612eedf7a4c43,2026-09-30T01:01:36.850316+00:00,d2d0b8ca5356adc398d7b559a1dcad339a44cc3b619557144b2fa9a7ae9758ac,False
,,remotion-dev/skills: skills/remotion-create,,GitHub,https://github.com/remotion-dev/skills/blob/a1b09e904a995f8bbf6d3b865fc612eedf7a4c43/skills/remotion-create/SKILL.md,,repository_skill_document,,,public_skill_source,,full_repository_document,,,,,a1b09e904a995f8bbf6d3b865fc612eedf7a4c43,2026-09-30T01:01:36.850316+00:00,b7469b3d9e946240efa9dc3e014c84295c2452d1780a29c22050aba4f7d15a05,False
,,remotion-dev/skills: skills/remotion-docs,,GitHub,https://github.com/remotion-dev/skills/blob/a1b09e904a995f8bbf6d3b865fc612eedf7a4c43/skills/remotion-docs/SKILL.md,,repository_skill_document,,,public_skill_source,,full_repository_document,,,,,a1b09e904a995f8bbf6d3b865fc612eedf7a4c43,2026-09-30T01:01:36.850316+00:00,3426e8dd28e537ca20b5431c7755ca9f428865f1690fb1c8b762ac24613d40d7,False
,,remotion-dev/skills: skills/remotion-interactivity,,GitHub,https://github.com/remotion-dev/skills/blob/a1b09e904a995f8bbf6d3b865fc612eedf7a4c43/skills/remotion-interactivity/SKILL.md,,repository_skill_document,,,public_skill_source,,full_repository_document,,,,,a1b09e904a995f8bbf6d3b865fc612eedf7a4c43,2026-09-30T01:01:36.850316+00:00,f70aac6b41d03617c0ccab04058848fd98a88644bd3970ed505ab4f862731a00,False
,,remotion-dev/skills: skills/remotion-maps,,GitHub,https://github.com/remotion-dev/skills/blob/a1b09e904a995f8bbf6d3b865fc612eedf7a4c43/skills/remotion-maps/SKILL.md,,repository_skill_document,,,public_skill_source,,full_repository_document,,,,,a1b09e904a995f8bbf6d3b865fc612eedf7a4c43,2026-09-30T01:01:36.850316+00:00,ad07fff400790b93679c8c3b5e85eeda2404ed31bb49d898bbfeebfd3746a382,False
,,remotion-dev/skills: skills/remotion-markup,,GitHub,https://github.com/remotion-dev/skills/blob/a1b09e904a995f8bbf6d3b865fc612eedf7a4c43/skills/remotion-markup/SKILL.md,,repository_skill_document,,,public_skill_source,,full_repository_document,,,,,a1b09e904a995f8bbf6d3b865fc612eedf7a4c43,2026-09-30T01:01:36.850316+00:00,8db21d99ac0215db713a6b52f07d8c6a4369022e9288f1255eee47e7fb5b0bc8,False
,,remotion-dev/skills: skills/remotion-multimedia,,GitHub,https://github.com/remotion-dev/skills/blob/a1b09e904a995f8bbf6d3b865fc612eedf7a4c43/skills/remotion-multimedia/SKILL.md,,repository_skill_document,,,public_skill_source,,full_repository_document,,,,,a1b09e904a995f8bbf6d3b865fc612eedf7a4c43,2026-09-30T01:01:36.850316+00:00,e04e1abf3a3356593abd064351a21a8b90ea191da47cfafb948581e279af3f1c,False
,,remotion-dev/skills: skills/remotion-render,,GitHub,https://github.com/remotion-dev/skills/blob/a1b09e904a995f8bbf6d3b865fc612eedf7a4c43/skills/remotion-render/SKILL.md,,repository_skill_document,,,public_skill_source,,full_repository_document,,,,,a1b09e904a995f8bbf6d3b865fc612eedf7a4c43,2026-09-30T01:01:36.850316+00:00,67e54248ea31b4560063d34da949cf720dac480238e379dc112b1c386a1b3287,False
,,remotion-dev/skills: skills/remotion-saas,,GitHub,https://github.com/remotion-dev/skills/blob/a1b09e904a995f8bbf6d3b865fc612eedf7a4c43/skills/remotion-saas/SKILL.md,,repository_skill_document,,,public_skill_source,,full_repository_document,,,,,a1b09e904a995f8bbf6d3b865fc612eedf7a4c43,2026-09-30T01:01:36.850316+00:00,e14740ba54f3fa446d9202a1e3fa4a43c23b8feeb3ee3e6d043586e745de742e,False
,,remotion-dev/skills: skills/remotion-studio,,GitHub,https://github.com/remotion-dev/skills/blob/a1b09e904a995f8bbf6d3b865fc612eedf7a4c43/skills/remotion-studio/SKILL.md,,repository_skill_document,,,public_skill_source,,full_repository_document,,,,,a1b09e904a995f8bbf6d3b865fc612eedf7a4c43,2026-09-30T01:01:36.850316+00:00,0e9d24ee6abff8fbf63d64e00611c5590d0a09f200a988dbcc4aa91056c03a74,False
,,remotion-dev/skills: skills/remotion-upgrade,,GitHub,https://github.com/remotion-dev/skills/blob/a1b09e904a995f8bbf6d3b865fc612eedf7a4c43/skills/remotion-upgrade/SKILL.md,,repository_skill_document,,,public_skill_source,,full_repository_document,,,,,a1b09e904a995f8bbf6d3b865fc612eedf7a4c43,2026-09-30T01:01:36.850316+00:00,b446b2e69c6b563c40f619caaa29a7c79dfa7ce595efd6b2bb39972c6c16208e,False
,,heygen-com/hyperframes: .agents/skills/captions-overlay,,GitHub,https://github.com/heygen-com/hyperframes/blob/daa44fcd753d9055aa3c954ad74f09a4e4389780/.agents/skills/captions-overlay/SKILL.md,,repository_skill_document,,,public_skill_source,,full_repository_document,,,,,daa44fcd753d9055aa3c954ad74f09a4e4389780,2026-09-30T01:01:36.859960+00:00,dde58d4fcad6b244c2b0295636758a61c44d015ffa59e982e56eee3c60b4c66b,False
,,heygen-com/hyperframes: .agents/skills/changelog-video,,GitHub,https://github.com/heygen-com/hyperframes/blob/daa44fcd753d9055aa3c954ad74f09a4e4389780/.agents/skills/changelog-video/SKILL.md,,repository_skill_document,,,public_skill_source,,full_repository_document,,,,,daa44fcd753d9055aa3c954ad74f09a4e4389780,2026-09-30T01:01:36.859960+00:00,5f8ca7a413e53616727408d34dcee770bda6cabe37cfe24034e2b49e041c2121,False
,,heygen-com/hyperframes: .agents/skills/cut-the-curve,,GitHub,https://github.com/heygen-com/hyperframes/blob/daa44fcd753d9055aa3c954ad74f09a4e4389780/.agents/skills/cut-the-curve/SKILL.md,,repository_skill_document,,,public_skill_source,,full_repository_document,,,,,daa44fcd753d9055aa3c954ad74f09a4e4389780,2026-09-30T01:01:36.859960+00:00,c97df202caea16949a54afdcbc7007c60063028f73bb56ffeaec630ccb0d5145,False
,,heygen-com/hyperframes: .agents/skills/motion-doctrine,,GitHub,https://github.com/heygen-com/hyperframes/blob/daa44fcd753d9055aa3c954ad74f09a4e4389780/.agents/skills/motion-doctrine/SKILL.md,,repository_skill_document,,,public_skill_source,,full_repository_document,,,,,daa44fcd753d9055aa3c954ad74f09a4e4389780,2026-09-30T01:01:36.859960+00:00,d4d20aa33a57784154ffe55b83424037842269e59cc1e821c1b18bd541877142,False
,,heygen-com/hyperframes: .agents/skills/oversized-cursor,,GitHub,https://github.com/heygen-com/hyperframes/blob/daa44fcd753d9055aa3c954ad74f09a4e4389780/.agents/skills/oversized-cursor/SKILL.md,,repository_skill_document,,,public_skill_source,,full_repository_document,,,,,daa44fcd753d9055aa3c954ad74f09a4e4389780,2026-09-30T01:01:36.859960+00:00,a176b1f251c37908a3a4dc88c76fb389b100a33447b7d2743e4c9acc08a252fe,False
,,heygen-com/hyperframes: .agents/skills/seam-craft,,GitHub,https://github.com/heygen-com/hyperframes/blob/daa44fcd753d9055aa3c954ad74f09a4e4389780/.agents/skills/seam-craft/SKILL.md,,repository_skill_document,,,public_skill_source,,full_repository_document,,,,,daa44fcd753d9055aa3c954ad74f09a4e4389780,2026-09-30T01:01:36.859960+00:00,c5aa27c6d6c088fa0bec2941692927975dcd382bc568f6f0ba8518e049e092fe,False
,,heygen-com/hyperframes: .claude/skills/captions-overlay,,GitHub,https://github.com/heygen-com/hyperframes/blob/daa44fcd753d9055aa3c954ad74f09a4e4389780/.claude/skills/captions-overlay/SKILL.md,,repository_skill_document,,,public_skill_source,,full_repository_document,,,,,daa44fcd753d9055aa3c954ad74f09a4e4389780,2026-09-30T01:01:36.859960+00:00,dde58d4fcad6b244c2b0295636758a61c44d015ffa59e982e56eee3c60b4c66b,False
,,heygen-com/hyperframes: .claude/skills/changelog-video,,GitHub,https://github.com/heygen-com/hyperframes/blob/daa44fcd753d9055aa3c954ad74f09a4e4389780/.claude/skills/changelog-video/SKILL.md,,repository_skill_document,,,public_skill_source,,full_repository_document,,,,,daa44fcd753d9055aa3c954ad74f09a4e4389780,2026-09-30T01:01:36.859960+00:00,5f8ca7a413e53616727408d34dcee770bda6cabe37cfe24034e2b49e041c2121,False
,,heygen-com/hyperframes: .claude/skills/cut-the-curve,,GitHub,https://github.com/heygen-com/hyperframes/blob/daa44fcd753d9055aa3c954ad74f09a4e4389780/.claude/skills/cut-the-curve/SKILL.md,,repository_skill_document,,,public_skill_source,,full_repository_document,,,,,daa44fcd753d9055aa3c954ad74f09a4e4389780,2026-09-30T01:01:36.859960+00:00,c97df202caea16949a54afdcbc7007c60063028f73bb56ffeaec630ccb0d5145,False
,,heygen-com/hyperframes: .claude/skills/motion-doctrine,,GitHub,https://github.com/heygen-com/hyperframes/blob/daa44fcd753d9055aa3c954ad74f09a4e4389780/.claude/skills/motion-doctrine/SKILL.md,,repository_skill_document,,,public_skill_source,,full_repository_document,,,,,daa44fcd753d9055aa3c954ad74f09a4e4389780,2026-09-30T01:01:36.859960+00:00,d4d20aa33a57784154ffe55b83424037842269e59cc1e821c1b18bd541877142,False
,,heygen-com/hyperframes: .claude/skills/oversized-cursor,,GitHub,https://github.com/heygen-com/hyperframes/blob/daa44fcd753d9055aa3c954ad74f09a4e4389780/.claude/skills/oversized-cursor/SKILL.md,,repository_skill_document,,,public_skill_source,,full_repository_document,,,,,daa44fcd753d9055aa3c954ad74f09a4e4389780,2026-09-30T01:01:36.859960+00:00,a176b1f251c37908a3a4dc88c76fb389b100a33447b7d2743e4c9acc08a252fe,False
,,heygen-com/hyperframes: .claude/skills/seam-craft,,GitHub,https://github.com/heygen-com/hyperframes/blob/daa44fcd753d9055aa3c954ad74f09a4e4389780/.claude/skills/seam-craft/SKILL.md,,repository_skill_document,,,public_skill_source,,full_repository_document,,,,,daa44fcd753d9055aa3c954ad74f09a4e4389780,2026-09-30T01:01:36.859960+00:00,c5aa27c6d6c088fa0bec2941692927975dcd382bc568f6f0ba8518e049e092fe,False
,,heygen-com/hyperframes: registry/blocks/canopy-part-title,,GitHub,https://github.com/heygen-com/hyperframes/blob/daa44fcd753d9055aa3c954ad74f09a4e4389780/registry/blocks/canopy-part-title/SKILL.md,,repository_skill_document,,,public_skill_source,,full_repository_document,,,,,daa44fcd753d9055aa3c954ad74f09a4e4389780,2026-09-30T01:01:36.859960+00:00,10d0920d89adca86e11f30137d31b4236ce37913b0a00004c2b0305fd9923783,False
,,heygen-com/hyperframes: registry/blocks/code-slice-hero,,GitHub,https://github.com/heygen-com/hyperframes/blob/daa44fcd753d9055aa3c954ad74f09a4e4389780/registry/blocks/code-slice-hero/SKILL.md,,repository_skill_document,,,public_skill_source,,full_repository_document,,,,,daa44fcd753d9055aa3c954ad74f09a4e4389780,2026-09-30T01:01:36.859960+00:00,00cc6766b45b55cd92b33c30097bcc6cdff2235de1b6295c2be105162322dafc,False
,,heygen-com/hyperframes: registry/blocks/cuboid-carousel,,GitHub,https://github.com/heygen-com/hyperframes/blob/daa44fcd753d9055aa3c954ad74f09a4e4389780/registry/blocks/cuboid-carousel/SKILL.md,,repository_skill_document,,,public_skill_source,,full_repository_document,,,,,daa44fcd753d9055aa3c954ad74f09a4e4389780,2026-09-30T01:01:36.859960+00:00,01f82f43969ff0ab219017956b789da93a9adec991d4fa3ae675b503a2da6c04,False
,,heygen-com/hyperframes: registry/blocks/frost-sequence-camera-orbit,,GitHub,https://github.com/heygen-com/hyperframes/blob/daa44fcd753d9055aa3c954ad74f09a4e4389780/registry/blocks/frost-sequence-camera-orbit/SKILL.md,,repository_skill_document,,,public_skill_source,,full_repository_document,,,,,daa44fcd753d9055aa3c954ad74f09a4e4389780,2026-09-30T01:01:36.859960+00:00,e579e7f870a9be0a88a6a9916aa2076d3e771d53b48d5004da3111711355c6e6,False
,,heygen-com/hyperframes: registry/blocks/glass-shard-title,,GitHub,https://github.com/heygen-com/hyperframes/blob/daa44fcd753d9055aa3c954ad74f09a4e4389780/registry/blocks/glass-shard-title/SKILL.md,,repository_skill_document,,,public_skill_source,,full_repository_document,,,,,daa44fcd753d9055aa3c954ad74f09a4e4389780,2026-09-30T01:01:36.859960+00:00,7c4c3c98a4f9cd5a4c50af3752c972aa1e46bfaf4c271c9181539ba305b8d365,False
,,heygen-com/hyperframes: registry/blocks/orbit-card,,GitHub,https://github.com/heygen-com/hyperframes/blob/daa44fcd753d9055aa3c954ad74f09a4e4389780/registry/blocks/orbit-card/SKILL.md,,repository_skill_document,,,public_skill_source,,full_repository_document,,,,,daa44fcd753d9055aa3c954ad74f09a4e4389780,2026-09-30T01:01:36.859960+00:00,78af47b211816633837a76cd0951ecc83fbaba50ab7f5615d9795cc17ea08a24,False
,,heygen-com/hyperframes: registry/blocks/wireframe-portal-title,,GitHub,https://github.com/heygen-com/hyperframes/blob/daa44fcd753d9055aa3c954ad74f09a4e4389780/registry/blocks/wireframe-portal-title/SKILL.md,,repository_skill_document,,,public_skill_source,,full_repository_document,,,,,daa44fcd753d9055aa3c954ad74f09a4e4389780,2026-09-30T01:01:36.859960+00:00,553d548c2316b24994e47cd2edbf61cccf2a206b5620017fc3df81cad260afa5,False
,,heygen-com/hyperframes: skills/embedded-captions,,GitHub,https://github.com/heygen-com/hyperframes/blob/daa44fcd753d9055aa3c954ad74f09a4e4389780/skills/embedded-captions/SKILL.md,,repository_skill_document,,,public_skill_source,,full_repository_document,,,,,daa44fcd753d9055aa3c954ad74f09a4e4389780,2026-09-30T01:01:36.859960+00:00,761d9cd5e03fc10cc7f09faf8a47c56aa3a67ab558123e6c59a06c52872664eb,False
,,heygen-com/hyperframes: skills/faceless-explainer,,GitHub,https://github.com/heygen-com/hyperframes/blob/daa44fcd753d9055aa3c954ad74f09a4e4389780/skills/faceless-explainer/SKILL.md,,repository_skill_document,,,public_skill_source,,full_repository_document,,,,,daa44fcd753d9055aa3c954ad74f09a4e4389780,2026-09-30T01:01:36.859960+00:00,8745992c08b21e767e8f972d9c19f7457800c8481a5f70ba02a8fc575eb62e21,False
,,heygen-com/hyperframes: skills/figma,,GitHub,https://github.com/heygen-com/hyperframes/blob/daa44fcd753d9055aa3c954ad74f09a4e4389780/skills/figma/SKILL.md,,repository_skill_document,,,public_skill_source,,full_repository_document,,,,,daa44fcd753d9055aa3c954ad74f09a4e4389780,2026-09-30T01:01:36.859960+00:00,4573c828057f21099bde16f59f13d8a9a3e33cfa8879dcd6e87fe4e02a78bc54,False
,,heygen-com/hyperframes: skills/general-video,,GitHub,https://github.com/heygen-com/hyperframes/blob/daa44fcd753d9055aa3c954ad74f09a4e4389780/skills/general-video/SKILL.md,,repository_skill_document,,,public_skill_source,,full_repository_document,,,,,daa44fcd753d9055aa3c954ad74f09a4e4389780,2026-09-30T01:01:36.859960+00:00,4d7c52972a800c1413c222a107891cbee9c43f3bed5fa3c09157d5442bf65efe,False
,,heygen-com/hyperframes: skills/hyperframes-animation,,GitHub,https://github.com/heygen-com/hyperframes/blob/daa44fcd753d9055aa3c954ad74f09a4e4389780/skills/hyperframes-animation/SKILL.md,,repository_skill_document,,,public_skill_source,,full_repository_document,,,,,daa44fcd753d9055aa3c954ad74f09a4e4389780,2026-09-30T01:01:36.859960+00:00,c16fed4153a9ec22b3de51a40bf1b3d756dde1835b32534291565259a413d4ad,False
,,heygen-com/hyperframes: skills/hyperframes-audio,,GitHub,https://github.com/heygen-com/hyperframes/blob/daa44fcd753d9055aa3c954ad74f09a4e4389780/skills/hyperframes-audio/SKILL.md,,repository_skill_document,,,public_skill_source,,full_repository_document,,,,,daa44fcd753d9055aa3c954ad74f09a4e4389780,2026-09-30T01:01:36.859960+00:00,70fedc7b32e6fe1dd1076c932d8853775271d9a29d03b97340c695a4d391c397,False
,,heygen-com/hyperframes: skills/hyperframes-cli,,GitHub,https://github.com/heygen-com/hyperframes/blob/daa44fcd753d9055aa3c954ad74f09a4e4389780/skills/hyperframes-cli/SKILL.md,,repository_skill_document,,,public_skill_source,,full_repository_document,,,,,daa44fcd753d9055aa3c954ad74f09a4e4389780,2026-09-30T01:01:36.859960+00:00,f94a4c7f11fae1d2af70330e83ceb9f13e1d0ff5cec3ee113184fb089038356f,False
,,heygen-com/hyperframes: skills/hyperframes-core,,GitHub,https://github.com/heygen-com/hyperframes/blob/daa44fcd753d9055aa3c954ad74f09a4e4389780/skills/hyperframes-core/SKILL.md,,repository_skill_document,,,public_skill_source,,full_repository_document,,,,,daa44fcd753d9055aa3c954ad74f09a4e4389780,2026-09-30T01:01:36.859960+00:00,c232a83c0cae2c7fc789fb25b85c3bf9f59f5be402bca3fd63a1ad18c6ed62c9,False
,,heygen-com/hyperframes: skills/hyperframes-creative,,GitHub,https://github.com/heygen-com/hyperframes/blob/daa44fcd753d9055aa3c954ad74f09a4e4389780/skills/hyperframes-creative/SKILL.md,,repository_skill_document,,,public_skill_source,,full_repository_document,,,,,daa44fcd753d9055aa3c954ad74f09a4e4389780,2026-09-30T01:01:36.859960+00:00,3ea9a6108ad547ba52742520281ad61e15edd7b969f3829072e3eb70e1c06cec,False
,,heygen-com/hyperframes: skills/hyperframes-keyframes,,GitHub,https://github.com/heygen-com/hyperframes/blob/daa44fcd753d9055aa3c954ad74f09a4e4389780/skills/hyperframes-keyframes/SKILL.md,,repository_skill_document,,,public_skill_source,,full_repository_document,,,,,daa44fcd753d9055aa3c954ad74f09a4e4389780,2026-09-30T01:01:36.859960+00:00,6356d2f77036c19e8773bf940dccb917d05f00c2dabda1cbf08894eecf54625a,False
,,heygen-com/hyperframes: skills/hyperframes-registry,,GitHub,https://github.com/heygen-com/hyperframes/blob/daa44fcd753d9055aa3c954ad74f09a4e4389780/skills/hyperframes-registry/SKILL.md,,repository_skill_document,,,public_skill_source,,full_repository_document,,,,,daa44fcd753d9055aa3c954ad74f09a4e4389780,2026-09-30T01:01:36.859960+00:00,5c0fa72f016897b78d1bb7589179eb44eed5572813fd044df94fa09ec52ad4ee,False
,,heygen-com/hyperframes: skills/hyperframes-studio,,GitHub,https://github.com/heygen-com/hyperframes/blob/daa44fcd753d9055aa3c954ad74f09a4e4389780/skills/hyperframes-studio/SKILL.md,,repository_skill_document,,,public_skill_source,,full_repository_document,,,,,daa44fcd753d9055aa3c954ad74f09a4e4389780,2026-09-30T01:01:36.859960+00:00,948c745b0ad9640f0feb3dd46ac589533276e051f545cf1b039c0907d467bc0c,False
,,heygen-com/hyperframes: skills/hyperframes,,GitHub,https://github.com/heygen-com/hyperframes/blob/daa44fcd753d9055aa3c954ad74f09a4e4389780/skills/hyperframes/SKILL.md,,repository_skill_document,,,public_skill_source,,full_repository_document,,,,,daa44fcd753d9055aa3c954ad74f09a4e4389780,2026-09-30T01:01:36.859960+00:00,ce542b8e03b4b9268bcda0f95790b1cf869b4ff9b3faf803c2abf816fd51c54c,False
,,heygen-com/hyperframes: skills/media-use,,GitHub,https://github.com/heygen-com/hyperframes/blob/daa44fcd753d9055aa3c954ad74f09a4e4389780/skills/media-use/SKILL.md,,repository_skill_document,,,public_skill_source,,full_repository_document,,,,,daa44fcd753d9055aa3c954ad74f09a4e4389780,2026-09-30T01:01:36.859960+00:00,6baf869f1e33bbe8d15ad1e7fc5db182899bdf5ccf42a05fb452c42b61e32d52,False
,,heygen-com/hyperframes: skills/motion-graphics,,GitHub,https://github.com/heygen-com/hyperframes/blob/daa44fcd753d9055aa3c954ad74f09a4e4389780/skills/motion-graphics/SKILL.md,,repository_skill_document,,,public_skill_source,,full_repository_document,,,,,daa44fcd753d9055aa3c954ad74f09a4e4389780,2026-09-30T01:01:36.859960+00:00,d2139f2b6e56e94ee320546c8353aa3ceae84b20c335f6c2096474e89d5241e2,False
,,heygen-com/hyperframes: skills/music-to-video,,GitHub,https://github.com/heygen-com/hyperframes/blob/daa44fcd753d9055aa3c954ad74f09a4e4389780/skills/music-to-video/SKILL.md,,repository_skill_document,,,public_skill_source,,full_repository_document,,,,,daa44fcd753d9055aa3c954ad74f09a4e4389780,2026-09-30T01:01:36.859960+00:00,4a5ac7feeb6e0298e2a2ab3d9714cd27520ccc67f15d036c13cc85326dbf915a,False
,,heygen-com/hyperframes: skills/pr-to-video,,GitHub,https://github.com/heygen-com/hyperframes/blob/daa44fcd753d9055aa3c954ad74f09a4e4389780/skills/pr-to-video/SKILL.md,,repository_skill_document,,,public_skill_source,,full_repository_document,,,,,daa44fcd753d9055aa3c954ad74f09a4e4389780,2026-09-30T01:01:36.859960+00:00,e6d814eaf6bd3ca5a09baccdc9d596fb219ddec3af6024975363d07478043977,False
,,heygen-com/hyperframes: skills/product-launch-video,,GitHub,https://github.com/heygen-com/hyperframes/blob/daa44fcd753d9055aa3c954ad74f09a4e4389780/skills/product-launch-video/SKILL.md,,repository_skill_document,,,public_skill_source,,full_repository_document,,,,,daa44fcd753d9055aa3c954ad74f09a4e4389780,2026-09-30T01:01:36.859960+00:00,5ef06256aa75ca544fdd9fccc4b16b92e45a945ee7438b2aa28b18e27a647448,False
,,heygen-com/hyperframes: skills/remotion-to-hyperframes,,GitHub,https://github.com/heygen-com/hyperframes/blob/daa44fcd753d9055aa3c954ad74f09a4e4389780/skills/remotion-to-hyperframes/SKILL.md,,repository_skill_document,,,public_skill_source,,full_repository_document,,,,,daa44fcd753d9055aa3c954ad74f09a4e4389780,2026-09-30T01:01:36.859960+00:00,dadbc7d7775b80e3e5be407dbd08b81f77e1e6b67476633ca7348f256fe8b251,False
,,heygen-com/hyperframes: skills/slideshow,,GitHub,https://github.com/heygen-com/hyperframes/blob/daa44fcd753d9055aa3c954ad74f09a4e4389780/skills/slideshow/SKILL.md,,repository_skill_document,,,public_skill_source,,full_repository_document,,,,,daa44fcd753d9055aa3c954ad74f09a4e4389780,2026-09-30T01:01:36.859960+00:00,ca93daf7a53781b4c5fc4a881a262e3dc5b2bc62612e77406304e5256222b755,False
,,heygen-com/hyperframes: skills/talking-head-recut,,GitHub,https://github.com/heygen-com/hyperframes/blob/daa44fcd753d9055aa3c954ad74f09a4e4389780/skills/talking-head-recut/SKILL.md,,repository_skill_document,,,public_skill_source,,full_repository_document,,,,,daa44fcd753d9055aa3c954ad74f09a4e4389780,2026-09-30T01:01:36.859960+00:00,a3b6084b4be1e23be6bc04e8b98bb96d073badf335a3c02befd91fa808e644a4,False
,,nopefallacy/vertical-video-editing-skills: skills/video-editing,,GitHub,https://github.com/nopefallacy/vertical-video-editing-skills/blob/8de3a875a7856dba658027a8f64a6bdfe9800b9e/skills/video-editing/SKILL.md,,repository_skill_document,,,public_skill_source,,full_repository_document,,,,,8de3a875a7856dba658027a8f64a6bdfe9800b9e,2026-09-30T01:01:39.018922+00:00,a2e6b58b6be1a9bf49180cb523e3970efa7ea93c44cdb1ab0b1ce42afbf98928,False
,,calesthio/OpenMontage: .agents/skills/3d-asset-generation,,GitHub,https://github.com/calesthio/OpenMontage/blob/08e2151fa02de28a5d6a312b3d575692bf147ad7/.agents/skills/3d-asset-generation/SKILL.md,,repository_skill_document,,,public_skill_source,,full_repository_document,,,,,08e2151fa02de28a5d6a312b3d575692bf147ad7,2026-09-30T01:01:39.946642+00:00,331817c6f484b926d4f91254af2e4aca6ad28ff4140912836fd10c4b29fb7f1c,False
,,calesthio/OpenMontage: .agents/skills/acestep,,GitHub,https://github.com/calesthio/OpenMontage/blob/08e2151fa02de28a5d6a312b3d575692bf147ad7/.agents/skills/acestep/SKILL.md,,repository_skill_document,,,public_skill_source,,full_repository_document,,,,,08e2151fa02de28a5d6a312b3d575692bf147ad7,2026-09-30T01:01:39.946642+00:00,3b645adb13f4a1c8f6ed6f0410c406ce278ae6a6b02c594b381cb2d20e62c56f,False
,,calesthio/OpenMontage: .agents/skills/agents,,GitHub,https://github.com/calesthio/OpenMontage/blob/08e2151fa02de28a5d6a312b3d575692bf147ad7/.agents/skills/agents/SKILL.md,,repository_skill_document,,,public_skill_source,,full_repository_document,,,,,08e2151fa02de28a5d6a312b3d575692bf147ad7,2026-09-30T01:01:39.946642+00:00,e763c739e8a87f5cf06a06d3e962d9c09c94d30db7c8ba00df98c4ef5c7c997c,False
,,calesthio/OpenMontage: .agents/skills/ai-video-gen,,GitHub,https://github.com/calesthio/OpenMontage/blob/08e2151fa02de28a5d6a312b3d575692bf147ad7/.agents/skills/ai-video-gen/SKILL.md,,repository_skill_document,,,public_skill_source,,full_repository_document,,,,,08e2151fa02de28a5d6a312b3d575692bf147ad7,2026-09-30T01:01:39.946642+00:00,f805fc45aeb61691978ed06f70f58945a2023d04a9fc3fbf486307ff27126a75,False
,,calesthio/OpenMontage: .agents/skills/atlas-cloud,,GitHub,https://github.com/calesthio/OpenMontage/blob/08e2151fa02de28a5d6a312b3d575692bf147ad7/.agents/skills/atlas-cloud/SKILL.md,,repository_skill_document,,,public_skill_source,,full_repository_document,,,,,08e2151fa02de28a5d6a312b3d575692bf147ad7,2026-09-30T01:01:39.946642+00:00,853644fe9b081957991592eb6e33d629da05e9e0608fe2e887400242dff6c60a,False
,,calesthio/OpenMontage: .agents/skills/avatar-video,,GitHub,https://github.com/calesthio/OpenMontage/blob/08e2151fa02de28a5d6a312b3d575692bf147ad7/.agents/skills/avatar-video/SKILL.md,,repository_skill_document,,,public_skill_source,,full_repository_document,,,,,08e2151fa02de28a5d6a312b3d575692bf147ad7,2026-09-30T01:01:39.946642+00:00,2bba4e8d4e67aac672c608f7e33272883deacb4bd6a0d677077e4eaf23c394b2,False
,,calesthio/OpenMontage: .agents/skills/azure-speech-to-text,,GitHub,https://github.com/calesthio/OpenMontage/blob/08e2151fa02de28a5d6a312b3d575692bf147ad7/.agents/skills/azure-speech-to-text/SKILL.md,,repository_skill_document,,,public_skill_source,,full_repository_document,,,,,08e2151fa02de28a5d6a312b3d575692bf147ad7,2026-09-30T01:01:39.946642+00:00,732cbd393fadcd67befdf2f50519d65fd4e45695a8288a03149537eb72ae3f76,False
,,calesthio/OpenMontage: .agents/skills/azure-text-to-speech,,GitHub,https://github.com/calesthio/OpenMontage/blob/08e2151fa02de28a5d6a312b3d575692bf147ad7/.agents/skills/azure-text-to-speech/SKILL.md,,repository_skill_document,,,public_skill_source,,full_repository_document,,,,,08e2151fa02de28a5d6a312b3d575692bf147ad7,2026-09-30T01:01:39.946642+00:00,06a64f26bc419d11dfc5e68037e11b8dbddf88e6e8a2080951e071b0fc564383,False
,,calesthio/OpenMontage: .agents/skills/beautiful-mermaid,,GitHub,https://github.com/calesthio/OpenMontage/blob/08e2151fa02de28a5d6a312b3d575692bf147ad7/.agents/skills/beautiful-mermaid/SKILL.md,,repository_skill_document,,,public_skill_source,,full_repository_document,,,,,08e2151fa02de28a5d6a312b3d575692bf147ad7,2026-09-30T01:01:39.946642+00:00,2ea488822ccd006cbbe6a3c4fa52f3224d1f24e96687acbef167bb61e47b1962,False
,,calesthio/OpenMontage: .agents/skills/bfl-api,,GitHub,https://github.com/calesthio/OpenMontage/blob/08e2151fa02de28a5d6a312b3d575692bf147ad7/.agents/skills/bfl-api/SKILL.md,,repository_skill_document,,,public_skill_source,,full_repository_document,,,,,08e2151fa02de28a5d6a312b3d575692bf147ad7,2026-09-30T01:01:39.946642+00:00,ed1bcfa0a2c8c2649f7e8dab8303ff837d605471b647b50216e5e9b1a68e9e9d,False
,,calesthio/OpenMontage: .agents/skills/canvas-procedural-animation,,GitHub,https://github.com/calesthio/OpenMontage/blob/08e2151fa02de28a5d6a312b3d575692bf147ad7/.agents/skills/canvas-procedural-animation/SKILL.md,,repository_skill_document,,,public_skill_source,,full_repository_document,,,,,08e2151fa02de28a5d6a312b3d575692bf147ad7,2026-09-30T01:01:39.946642+00:00,8bcfbc770b8d5a7ca31582d804821677ddc46e38df02f60166faf497df2b5c62,False
,,calesthio/OpenMontage: .agents/skills/character-animation-qa,,GitHub,https://github.com/calesthio/OpenMontage/blob/08e2151fa02de28a5d6a312b3d575692bf147ad7/.agents/skills/character-animation-qa/SKILL.md,,repository_skill_document,,,public_skill_source,,full_repository_document,,,,,08e2151fa02de28a5d6a312b3d575692bf147ad7,2026-09-30T01:01:39.946642+00:00,5f53eb7125349c7fb62d30eb450cb887d0c0e0cc4ebdb47cccbca51146c76371,False
,,calesthio/OpenMontage: .agents/skills/character-rigging,,GitHub,https://github.com/calesthio/OpenMontage/blob/08e2151fa02de28a5d6a312b3d575692bf147ad7/.agents/skills/character-rigging/SKILL.md,,repository_skill_document,,,public_skill_source,,full_repository_document,,,,,08e2151fa02de28a5d6a312b3d575692bf147ad7,2026-09-30T01:01:39.946642+00:00,eb8fe316be44aac19fc3f60a21f19eac658d9c35c108068e16475a39a3dccf61,False
,,calesthio/OpenMontage: .agents/skills/comfyui,,GitHub,https://github.com/calesthio/OpenMontage/blob/08e2151fa02de28a5d6a312b3d575692bf147ad7/.agents/skills/comfyui/SKILL.md,,repository_skill_document,,,public_skill_source,,full_repository_document,,,,,08e2151fa02de28a5d6a312b3d575692bf147ad7,2026-09-30T01:01:39.946642+00:00,6383cb63c366eb37fcbc26d6ff8a53d3dd311cb005224cb5a805170511072d4d,False
,,calesthio/OpenMontage: .agents/skills/create-video,,GitHub,https://github.com/calesthio/OpenMontage/blob/08e2151fa02de28a5d6a312b3d575692bf147ad7/.agents/skills/create-video/SKILL.md,,repository_skill_document,,,public_skill_source,,full_repository_document,,,,,08e2151fa02de28a5d6a312b3d575692bf147ad7,2026-09-30T01:01:39.946642+00:00,7018274f6e11127eb6eafaaf3513dc5183e986924e5c32de905170d5817ab14b,False
,,calesthio/OpenMontage: .agents/skills/d3-viz,,GitHub,https://github.com/calesthio/OpenMontage/blob/08e2151fa02de28a5d6a312b3d575692bf147ad7/.agents/skills/d3-viz/SKILL.md,,repository_skill_document,,,public_skill_source,,full_repository_document,,,,,08e2151fa02de28a5d6a312b3d575692bf147ad7,2026-09-30T01:01:39.946642+00:00,4b1f820cd87c55dc6b7c714a76c1320903187967cd43f3b4db9d6eacbcc085b3,False
,,calesthio/OpenMontage: .agents/skills/dashscope,,GitHub,https://github.com/calesthio/OpenMontage/blob/08e2151fa02de28a5d6a312b3d575692bf147ad7/.agents/skills/dashscope/SKILL.md,,repository_skill_document,,,public_skill_source,,full_repository_document,,,,,08e2151fa02de28a5d6a312b3d575692bf147ad7,2026-09-30T01:01:39.946642+00:00,8ce0f79afd304b347f997fb9e898c97caddb3fce5938789e3ea893a4f7eea30f,False
,,calesthio/OpenMontage: .agents/skills/doubao-tts,,GitHub,https://github.com/calesthio/OpenMontage/blob/08e2151fa02de28a5d6a312b3d575692bf147ad7/.agents/skills/doubao-tts/SKILL.md,,repository_skill_document,,,public_skill_source,,full_repository_document,,,,,08e2151fa02de28a5d6a312b3d575692bf147ad7,2026-09-30T01:01:39.946642+00:00,c2b490a67fd36984c2f2b862c7269bc61f7e16ec1da999cf136b46da55ea42e3,False
,,calesthio/OpenMontage: .agents/skills/elevenlabs,,GitHub,https://github.com/calesthio/OpenMontage/blob/08e2151fa02de28a5d6a312b3d575692bf147ad7/.agents/skills/elevenlabs/SKILL.md,,repository_skill_document,,,public_skill_source,,full_repository_document,,,,,08e2151fa02de28a5d6a312b3d575692bf147ad7,2026-09-30T01:01:39.946642+00:00,fc802e043cc946a50b5074bf97b284d82eb772305ac6f1604fdac17ee9faaa31,False
,,calesthio/OpenMontage: .agents/skills/faceswap,,GitHub,https://github.com/calesthio/OpenMontage/blob/08e2151fa02de28a5d6a312b3d575692bf147ad7/.agents/skills/faceswap/SKILL.md,,repository_skill_document,,,public_skill_source,,full_repository_document,,,,,08e2151fa02de28a5d6a312b3d575692bf147ad7,2026-09-30T01:01:39.946642+00:00,89f620106773853a0c9f848b9d699a6dcbc75c270d6f5e6ffae1741e4a6fb19b,False
,,calesthio/OpenMontage: .agents/skills/ffmpeg,,GitHub,https://github.com/calesthio/OpenMontage/blob/08e2151fa02de28a5d6a312b3d575692bf147ad7/.agents/skills/ffmpeg/SKILL.md,,repository_skill_document,,,public_skill_source,,full_repository_document,,,,,08e2151fa02de28a5d6a312b3d575692bf147ad7,2026-09-30T01:01:39.946642+00:00,20a0c1e35a683a6bdb2ba978cb822b950b3ead5d638e84ef711e021e52711d06,False
,,calesthio/OpenMontage: .agents/skills/fish-audio-tts,,GitHub,https://github.com/calesthio/OpenMontage/blob/08e2151fa02de28a5d6a312b3d575692bf147ad7/.agents/skills/fish-audio-tts/SKILL.md,,repository_skill_document,,,public_skill_source,,full_repository_document,,,,,08e2151fa02de28a5d6a312b3d575692bf147ad7,2026-09-30T01:01:39.946642+00:00,3a873b2e65c1c90f03f722e3f519cbacb3aa953739f58c11c84451af4a699f9f,False
,,calesthio/OpenMontage: .agents/skills/flux-best-practices,,GitHub,https://github.com/calesthio/OpenMontage/blob/08e2151fa02de28a5d6a312b3d575692bf147ad7/.agents/skills/flux-best-practices/SKILL.md,,repository_skill_document,,,public_skill_source,,full_repository_document,,,,,08e2151fa02de28a5d6a312b3d575692bf147ad7,2026-09-30T01:01:39.946642+00:00,6c2fca51bbe6885b16724fa39f00e2c22a59cb9b9ceb6a14d3b5b66034feab9d,False
,,calesthio/OpenMontage: .agents/skills/framer-motion,,GitHub,https://github.com/calesthio/OpenMontage/blob/08e2151fa02de28a5d6a312b3d575692bf147ad7/.agents/skills/framer-motion/SKILL.md,,repository_skill_document,,,public_skill_source,,full_repository_document,,,,,08e2151fa02de28a5d6a312b3d575692bf147ad7,2026-09-30T01:01:39.946642+00:00,8428007eea0cd4f1bf9564e51ef11dfb398184fd67fd8caaedc885866e42fed1,False
,,calesthio/OpenMontage: .agents/skills/gemini-omni,,GitHub,https://github.com/calesthio/OpenMontage/blob/08e2151fa02de28a5d6a312b3d575692bf147ad7/.agents/skills/gemini-omni/SKILL.md,,repository_skill_document,,,public_skill_source,,full_repository_document,,,,,08e2151fa02de28a5d6a312b3d575692bf147ad7,2026-09-30T01:01:39.946642+00:00,dfbc74ff0312a96074101e2f6e565d3de60e8fe8463bb3734a94cedbcc441beb,False
,,calesthio/OpenMontage: .agents/skills/grok-media,,GitHub,https://github.com/calesthio/OpenMontage/blob/08e2151fa02de28a5d6a312b3d575692bf147ad7/.agents/skills/grok-media/SKILL.md,,repository_skill_document,,,public_skill_source,,full_repository_document,,,,,08e2151fa02de28a5d6a312b3d575692bf147ad7,2026-09-30T01:01:39.946642+00:00,a5b968d1069a6f70d61759ad88970a40501464d8953eb71df2d2ceb7fe6b87a9,False
,,calesthio/OpenMontage: .agents/skills/gsap-core,,GitHub,https://github.com/calesthio/OpenMontage/blob/08e2151fa02de28a5d6a312b3d575692bf147ad7/.agents/skills/gsap-core/SKILL.md,,repository_skill_document,,,public_skill_source,,full_repository_document,,,,,08e2151fa02de28a5d6a312b3d575692bf147ad7,2026-09-30T01:01:39.946642+00:00,3887b47e050ab5afbe2a9a820f23d39fa02ab785e06a343be44c6f91d84d12b3,False
,,calesthio/OpenMontage: .agents/skills/gsap-frameworks,,GitHub,https://github.com/calesthio/OpenMontage/blob/08e2151fa02de28a5d6a312b3d575692bf147ad7/.agents/skills/gsap-frameworks/SKILL.md,,repository_skill_document,,,public_skill_source,,full_repository_document,,,,,08e2151fa02de28a5d6a312b3d575692bf147ad7,2026-09-30T01:01:39.946642+00:00,1e14f96aa6cfeb4d9d2d756f2272ca85e39bd576fe8f238ab8f1fcb86a9d5a3d,False
,,calesthio/OpenMontage: .agents/skills/gsap-performance,,GitHub,https://github.com/calesthio/OpenMontage/blob/08e2151fa02de28a5d6a312b3d575692bf147ad7/.agents/skills/gsap-performance/SKILL.md,,repository_skill_document,,,public_skill_source,,full_repository_document,,,,,08e2151fa02de28a5d6a312b3d575692bf147ad7,2026-09-30T01:01:39.946642+00:00,cb5408d6fba707aabcbfe3320317a14c1f8fca6070074e5261047930f50d441e,False
,,calesthio/OpenMontage: .agents/skills/gsap-plugins,,GitHub,https://github.com/calesthio/OpenMontage/blob/08e2151fa02de28a5d6a312b3d575692bf147ad7/.agents/skills/gsap-plugins/SKILL.md,,repository_skill_document,,,public_skill_source,,full_repository_document,,,,,08e2151fa02de28a5d6a312b3d575692bf147ad7,2026-09-30T01:01:39.946642+00:00,ef2d7cdaaf066fc00c6eafb567129181c2ce0b2ed3d2ff6c4579165a5a927da3,False
,,calesthio/OpenMontage: .agents/skills/gsap-react,,GitHub,https://github.com/calesthio/OpenMontage/blob/08e2151fa02de28a5d6a312b3d575692bf147ad7/.agents/skills/gsap-react/SKILL.md,,repository_skill_document,,,public_skill_source,,full_repository_document,,,,,08e2151fa02de28a5d6a312b3d575692bf147ad7,2026-09-30T01:01:39.946642+00:00,88e2a5312b45e8cc7b3c496637ff5bc9af2ae9c925b555c8b235b34cbc989d74,False
,,calesthio/OpenMontage: .agents/skills/gsap-scrolltrigger,,GitHub,https://github.com/calesthio/OpenMontage/blob/08e2151fa02de28a5d6a312b3d575692bf147ad7/.agents/skills/gsap-scrolltrigger/SKILL.md,,repository_skill_document,,,public_skill_source,,full_repository_document,,,,,08e2151fa02de28a5d6a312b3d575692bf147ad7,2026-09-30T01:01:39.946642+00:00,9351b6666a4749c0740406ea363aaccb99a087ff45cc5e8b99a0f367facf3ef4,False
,,calesthio/OpenMontage: .agents/skills/gsap-timeline,,GitHub,https://github.com/calesthio/OpenMontage/blob/08e2151fa02de28a5d6a312b3d575692bf147ad7/.agents/skills/gsap-timeline/SKILL.md,,repository_skill_document,,,public_skill_source,,full_repository_document,,,,,08e2151fa02de28a5d6a312b3d575692bf147ad7,2026-09-30T01:01:39.946642+00:00,1a8b0f39cc4be3ed3d834b89672e4ae2f151b901dc3450bebf10bbc45379fe02,False
,,calesthio/OpenMontage: .agents/skills/gsap-utils,,GitHub,https://github.com/calesthio/OpenMontage/blob/08e2151fa02de28a5d6a312b3d575692bf147ad7/.agents/skills/gsap-utils/SKILL.md,,repository_skill_document,,,public_skill_source,,full_repository_document,,,,,08e2151fa02de28a5d6a312b3d575692bf147ad7,2026-09-30T01:01:39.946642+00:00,1927bcc4ea95b38203404ad5ea1d060b15c4a886c65ae53e885ff1793aabe0ba,False
,,calesthio/OpenMontage: .agents/skills/heygen,,GitHub,https://github.com/calesthio/OpenMontage/blob/08e2151fa02de28a5d6a312b3d575692bf147ad7/.agents/skills/heygen/SKILL.md,,repository_skill_document,,,public_skill_source,,full_repository_document,,,,,08e2151fa02de28a5d6a312b3d575692bf147ad7,2026-09-30T01:01:39.946642+00:00,eb5d021c7e0ea1f65aee1aeafd3dab5e75ab39a6c13b0ef55b375a2080ef04eb,False
,,calesthio/OpenMontage: .agents/skills/hyperframes-animation,,GitHub,https://github.com/calesthio/OpenMontage/blob/08e2151fa02de28a5d6a312b3d575692bf147ad7/.agents/skills/hyperframes-animation/SKILL.md,,repository_skill_document,,,public_skill_source,,full_repository_document,,,,,08e2151fa02de28a5d6a312b3d575692bf147ad7,2026-09-30T01:01:39.946642+00:00,785cacfa594627f4f030edda802edbfd2d08f2653811cbce7ab1da8f0e7f93b0,False
,,calesthio/OpenMontage: .agents/skills/hyperframes-cli,,GitHub,https://github.com/calesthio/OpenMontage/blob/08e2151fa02de28a5d6a312b3d575692bf147ad7/.agents/skills/hyperframes-cli/SKILL.md,,repository_skill_document,,,public_skill_source,,full_repository_document,,,,,08e2151fa02de28a5d6a312b3d575692bf147ad7,2026-09-30T01:01:39.946642+00:00,53b6de9aca72b3b85b60f0be90cff35510aff83f1807d765297c072e8d9bd8b4,False
,,calesthio/OpenMontage: .agents/skills/hyperframes-core,,GitHub,https://github.com/calesthio/OpenMontage/blob/08e2151fa02de28a5d6a312b3d575692bf147ad7/.agents/skills/hyperframes-core/SKILL.md,,repository_skill_document,,,public_skill_source,,full_repository_document,,,,,08e2151fa02de28a5d6a312b3d575692bf147ad7,2026-09-30T01:01:39.946642+00:00,689de1f94e682ee31d1f22cf196040e8f24fdaee5fbf75a832fd890f1a27a2b7,False
,,calesthio/OpenMontage: .agents/skills/hyperframes-creative,,GitHub,https://github.com/calesthio/OpenMontage/blob/08e2151fa02de28a5d6a312b3d575692bf147ad7/.agents/skills/hyperframes-creative/SKILL.md,,repository_skill_document,,,public_skill_source,,full_repository_document,,,,,08e2151fa02de28a5d6a312b3d575692bf147ad7,2026-09-30T01:01:39.946642+00:00,8b104a3928473f3ea683510c377e0ea65d41d3472e80e2983629cca09ff736b3,False
,,calesthio/OpenMontage: .agents/skills/hyperframes-media,,GitHub,https://github.com/calesthio/OpenMontage/blob/08e2151fa02de28a5d6a312b3d575692bf147ad7/.agents/skills/hyperframes-media/SKILL.md,,repository_skill_document,,,public_skill_source,,full_repository_document,,,,,08e2151fa02de28a5d6a312b3d575692bf147ad7,2026-09-30T01:01:39.946642+00:00,2427217105228e80c326fabea4e7e74a91f31536345cc35f1285ef510ba26323,False
,,calesthio/OpenMontage: .agents/skills/hyperframes-registry,,GitHub,https://github.com/calesthio/OpenMontage/blob/08e2151fa02de28a5d6a312b3d575692bf147ad7/.agents/skills/hyperframes-registry/SKILL.md,,repository_skill_document,,,public_skill_source,,full_repository_document,,,,,08e2151fa02de28a5d6a312b3d575692bf147ad7,2026-09-30T01:01:39.946642+00:00,1abaa095aae1b680b5b6e80032e66694fc401ccbfea9526aabcf727c841c9012,False
,,calesthio/OpenMontage: .agents/skills/hyperframes,,GitHub,https://github.com/calesthio/OpenMontage/blob/08e2151fa02de28a5d6a312b3d575692bf147ad7/.agents/skills/hyperframes/SKILL.md,,repository_skill_document,,,public_skill_source,,full_repository_document,,,,,08e2151fa02de28a5d6a312b3d575692bf147ad7,2026-09-30T01:01:39.946642+00:00,cae375ffe84cb58b73eb10c93351868c2a11004c651a2224f9fea0a346d2f40e,False
,,calesthio/OpenMontage: .agents/skills/kling-official,,GitHub,https://github.com/calesthio/OpenMontage/blob/08e2151fa02de28a5d6a312b3d575692bf147ad7/.agents/skills/kling-official/SKILL.md,,repository_skill_document,,,public_skill_source,,full_repository_document,,,,,08e2151fa02de28a5d6a312b3d575692bf147ad7,2026-09-30T01:01:39.946642+00:00,dcc521a4501e71199c0fd3dd9babd35de670245e908d845163d1e904c4498d5b,False
,,calesthio/OpenMontage: .agents/skills/lottie-bodymovin,,GitHub,https://github.com/calesthio/OpenMontage/blob/08e2151fa02de28a5d6a312b3d575692bf147ad7/.agents/skills/lottie-bodymovin/SKILL.md,,repository_skill_document,,,public_skill_source,,full_repository_document,,,,,08e2151fa02de28a5d6a312b3d575692bf147ad7,2026-09-30T01:01:39.946642+00:00,bbd7786a3c5fb998e6b2565beb305fed796ce50bcf9fd3a7604b113a9e2bcdda,False
,,calesthio/OpenMontage: .agents/skills/ltx2,,GitHub,https://github.com/calesthio/OpenMontage/blob/08e2151fa02de28a5d6a312b3d575692bf147ad7/.agents/skills/ltx2/SKILL.md,,repository_skill_document,,,public_skill_source,,full_repository_document,,,,,08e2151fa02de28a5d6a312b3d575692bf147ad7,2026-09-30T01:01:39.946642+00:00,f95de1af442ac14d8d15060aee2b687dc6426f75a88340bb3371bb63e4449589,False
,,calesthio/OpenMontage: .agents/skills/lyria,,GitHub,https://github.com/calesthio/OpenMontage/blob/08e2151fa02de28a5d6a312b3d575692bf147ad7/.agents/skills/lyria/SKILL.md,,repository_skill_document,,,public_skill_source,,full_repository_document,,,,,08e2151fa02de28a5d6a312b3d575692bf147ad7,2026-09-30T01:01:39.946642+00:00,1c7bb60018773c1ed0895f34a36890df17c3ad77025628b466030ec64a0c7a6a,False
,,calesthio/OpenMontage: .agents/skills/manim-composer,,GitHub,https://github.com/calesthio/OpenMontage/blob/08e2151fa02de28a5d6a312b3d575692bf147ad7/.agents/skills/manim-composer/SKILL.md,,repository_skill_document,,,public_skill_source,,full_repository_document,,,,,08e2151fa02de28a5d6a312b3d575692bf147ad7,2026-09-30T01:01:39.946642+00:00,79e7c224fa8912f3e26897aa91252ab30996eddd1208c1128238057a7b89b176,False
,,calesthio/OpenMontage: .agents/skills/manimce-best-practices,,GitHub,https://github.com/calesthio/OpenMontage/blob/08e2151fa02de28a5d6a312b3d575692bf147ad7/.agents/skills/manimce-best-practices/SKILL.md,,repository_skill_document,,,public_skill_source,,full_repository_document,,,,,08e2151fa02de28a5d6a312b3d575692bf147ad7,2026-09-30T01:01:39.946642+00:00,ae09751ec9e3e9389b85f923f4e34b706a32e01b18e378759163d1d855f90d4e,False
,,calesthio/OpenMontage: .agents/skills/manimgl-best-practices,,GitHub,https://github.com/calesthio/OpenMontage/blob/08e2151fa02de28a5d6a312b3d575692bf147ad7/.agents/skills/manimgl-best-practices/SKILL.md,,repository_skill_document,,,public_skill_source,,full_repository_document,,,,,08e2151fa02de28a5d6a312b3d575692bf147ad7,2026-09-30T01:01:39.946642+00:00,acb89023c69fca1f16e29992673f12460946d9ce714940f8353b0fb10e9eecc1,False
,,calesthio/OpenMontage: .agents/skills/media-use,,GitHub,https://github.com/calesthio/OpenMontage/blob/08e2151fa02de28a5d6a312b3d575692bf147ad7/.agents/skills/media-use/SKILL.md,,repository_skill_document,,,public_skill_source,,full_repository_document,,,,,08e2151fa02de28a5d6a312b3d575692bf147ad7,2026-09-30T01:01:39.946642+00:00,139ac9d653450bab3652ec3b9ae43620fb60ff68237f4fd6953b1a578928e075,False
,,calesthio/OpenMontage: .agents/skills/minimax-h3,,GitHub,https://github.com/calesthio/OpenMontage/blob/08e2151fa02de28a5d6a312b3d575692bf147ad7/.agents/skills/minimax-h3/SKILL.md,,repository_skill_document,,,public_skill_source,,full_repository_document,,,,,08e2151fa02de28a5d6a312b3d575692bf147ad7,2026-09-30T01:01:39.946642+00:00,83d8dfe07bf56c1e90aacd4f6808bb800a5273a9cb4c3de1d43c98ed4375590b,False
,,calesthio/OpenMontage: .agents/skills/motion-graphics,,GitHub,https://github.com/calesthio/OpenMontage/blob/08e2151fa02de28a5d6a312b3d575692bf147ad7/.agents/skills/motion-graphics/SKILL.md,,repository_skill_document,,,public_skill_source,,full_repository_document,,,,,08e2151fa02de28a5d6a312b3d575692bf147ad7,2026-09-30T01:01:39.946642+00:00,e8282d9904114ab330357e93dc1cdc1ceca3b95babd8ebed1f2cda9c0262bd66,False
,,calesthio/OpenMontage: .agents/skills/music-to-video,,GitHub,https://github.com/calesthio/OpenMontage/blob/08e2151fa02de28a5d6a312b3d575692bf147ad7/.agents/skills/music-to-video/SKILL.md,,repository_skill_document,,,public_skill_source,,full_repository_document,,,,,08e2151fa02de28a5d6a312b3d575692bf147ad7,2026-09-30T01:01:39.946642+00:00,6187efb7b0f8ed52e1b3be6d3ca6d5ec7f08d8a816c083b8a81c83adf7c20b36,False
,,calesthio/OpenMontage: .agents/skills/music,,GitHub,https://github.com/calesthio/OpenMontage/blob/08e2151fa02de28a5d6a312b3d575692bf147ad7/.agents/skills/music/SKILL.md,,repository_skill_document,,,public_skill_source,,full_repository_document,,,,,08e2151fa02de28a5d6a312b3d575692bf147ad7,2026-09-30T01:01:39.946642+00:00,50d30474d87bb0a1dacd7977ebcfba971e745cea18108140badae4f76845891a,False
,,calesthio/OpenMontage: .agents/skills/playwright-recording,,GitHub,https://github.com/calesthio/OpenMontage/blob/08e2151fa02de28a5d6a312b3d575692bf147ad7/.agents/skills/playwright-recording/SKILL.md,,repository_skill_document,,,public_skill_source,,full_repository_document,,,,,08e2151fa02de28a5d6a312b3d575692bf147ad7,2026-09-30T01:01:39.946642+00:00,291ab7cda312bd3a36d59dc4ead1673d5d5ef92575ca6a1026661414d6bff227,False
,,calesthio/OpenMontage: .agents/skills/pose-library-design,,GitHub,https://github.com/calesthio/OpenMontage/blob/08e2151fa02de28a5d6a312b3d575692bf147ad7/.agents/skills/pose-library-design/SKILL.md,,repository_skill_document,,,public_skill_source,,full_repository_document,,,,,08e2151fa02de28a5d6a312b3d575692bf147ad7,2026-09-30T01:01:39.946642+00:00,a874aaf1b43f25fa9080b89173e356eaa0608c990538336c725969f69d714a3b,False
,,calesthio/OpenMontage: .agents/skills/remotion-best-practices,,GitHub,https://github.com/calesthio/OpenMontage/blob/08e2151fa02de28a5d6a312b3d575692bf147ad7/.agents/skills/remotion-best-practices/SKILL.md,,repository_skill_document,,,public_skill_source,,full_repository_document,,,,,08e2151fa02de28a5d6a312b3d575692bf147ad7,2026-09-30T01:01:39.946642+00:00,2f9be561c1c3659aea1b4c777a9b57733dcd466b6e85231316d2841d947584bf,False
,,calesthio/OpenMontage: .agents/skills/remotion-to-hyperframes,,GitHub,https://github.com/calesthio/OpenMontage/blob/08e2151fa02de28a5d6a312b3d575692bf147ad7/.agents/skills/remotion-to-hyperframes/SKILL.md,,repository_skill_document,,,public_skill_source,,full_repository_document,,,,,08e2151fa02de28a5d6a312b3d575692bf147ad7,2026-09-30T01:01:39.946642+00:00,6cf906c4491b9a323790f05b3bfe095b4eb81643aaf16255c271cbfe6f7b17f0,False
,,calesthio/OpenMontage: .agents/skills/remotion,,GitHub,https://github.com/calesthio/OpenMontage/blob/08e2151fa02de28a5d6a312b3d575692bf147ad7/.agents/skills/remotion/SKILL.md,,repository_skill_document,,,public_skill_source,,full_repository_document,,,,,08e2151fa02de28a5d6a312b3d575692bf147ad7,2026-09-30T01:01:39.946642+00:00,b37046044b69b305700e740c6439f7081db57da8398ed14969145bcb2b59d7d4,False
,,calesthio/OpenMontage: .agents/skills/seedance-2-0,,GitHub,https://github.com/calesthio/OpenMontage/blob/08e2151fa02de28a5d6a312b3d575692bf147ad7/.agents/skills/seedance-2-0/SKILL.md,,repository_skill_document,,,public_skill_source,,full_repository_document,,,,,08e2151fa02de28a5d6a312b3d575692bf147ad7,2026-09-30T01:01:39.946642+00:00,cec29922243503d9e36b21a34287e9e4d7040f0d37ca0fde1a0ca6ac3394a0aa,False
,,calesthio/OpenMontage: .agents/skills/seedance-2-5,,GitHub,https://github.com/calesthio/OpenMontage/blob/08e2151fa02de28a5d6a312b3d575692bf147ad7/.agents/skills/seedance-2-5/SKILL.md,,repository_skill_document,,,public_skill_source,,full_repository_document,,,,,08e2151fa02de28a5d6a312b3d575692bf147ad7,2026-09-30T01:01:39.946642+00:00,64742d7acd63d1faaa56ce612d4b5d454c70f4ce36557add667d4fd9051f8745,False
,,calesthio/OpenMontage: .agents/skills/setup-api-key,,GitHub,https://github.com/calesthio/OpenMontage/blob/08e2151fa02de28a5d6a312b3d575692bf147ad7/.agents/skills/setup-api-key/SKILL.md,,repository_skill_document,,,public_skill_source,,full_repository_document,,,,,08e2151fa02de28a5d6a312b3d575692bf147ad7,2026-09-30T01:01:39.946642+00:00,92f00a9f71f2812bdbb20308f2795e73134f36cae3fdd05a84fdf8954a2be3c3,False
,,calesthio/OpenMontage: .agents/skills/sound-effects,,GitHub,https://github.com/calesthio/OpenMontage/blob/08e2151fa02de28a5d6a312b3d575692bf147ad7/.agents/skills/sound-effects/SKILL.md,,repository_skill_document,,,public_skill_source,,full_repository_document,,,,,08e2151fa02de28a5d6a312b3d575692bf147ad7,2026-09-30T01:01:39.946642+00:00,9da7f48812a55a6569893e900cb43d4088201e21cf38d7b12eda55e63f1dc12a,False
,,calesthio/OpenMontage: .agents/skills/speech-to-text,,GitHub,https://github.com/calesthio/OpenMontage/blob/08e2151fa02de28a5d6a312b3d575692bf147ad7/.agents/skills/speech-to-text/SKILL.md,,repository_skill_document,,,public_skill_source,,full_repository_document,,,,,08e2151fa02de28a5d6a312b3d575692bf147ad7,2026-09-30T01:01:39.946642+00:00,e8f86292bcd42e1ec57e477fb72fa47afc1792b7448199dacf621192864a3168,False
,,calesthio/OpenMontage: .agents/skills/svg-character-animation,,GitHub,https://github.com/calesthio/OpenMontage/blob/08e2151fa02de28a5d6a312b3d575692bf147ad7/.agents/skills/svg-character-animation/SKILL.md,,repository_skill_document,,,public_skill_source,,full_repository_document,,,,,08e2151fa02de28a5d6a312b3d575692bf147ad7,2026-09-30T01:01:39.946642+00:00,b6c51f692d0afe547ebdda56c19d4e501664c169f42c96b9245c9d4a0bd95c3c,False
,,calesthio/OpenMontage: .agents/skills/synthetic-screen-recording,,GitHub,https://github.com/calesthio/OpenMontage/blob/08e2151fa02de28a5d6a312b3d575692bf147ad7/.agents/skills/synthetic-screen-recording/SKILL.md,,repository_skill_document,,,public_skill_source,,full_repository_document,,,,,08e2151fa02de28a5d6a312b3d575692bf147ad7,2026-09-30T01:01:39.946642+00:00,352bcc1435ef931bcdcb37422354b4c91bfe117c573f006aaf6db11601db5397,False
,,calesthio/OpenMontage: .agents/skills/tailwind-design-system,,GitHub,https://github.com/calesthio/OpenMontage/blob/08e2151fa02de28a5d6a312b3d575692bf147ad7/.agents/skills/tailwind-design-system/SKILL.md,,repository_skill_document,,,public_skill_source,,full_repository_document,,,,,08e2151fa02de28a5d6a312b3d575692bf147ad7,2026-09-30T01:01:39.946642+00:00,434ed435d76fb6bcbf311d7b120c1a7e28491264beefb9a1a33a76e9807c954f,False
,,calesthio/OpenMontage: .agents/skills/text-to-speech,,GitHub,https://github.com/calesthio/OpenMontage/blob/08e2151fa02de28a5d6a312b3d575692bf147ad7/.agents/skills/text-to-speech/SKILL.md,,repository_skill_document,,,public_skill_source,,full_repository_document,,,,,08e2151fa02de28a5d6a312b3d575692bf147ad7,2026-09-30T01:01:39.946642+00:00,e9a061a762a136327cb623be9077aa1f0b80121d328621837caab9a2a7424e4a,False
,,calesthio/OpenMontage: .agents/skills/threejs-animation,,GitHub,https://github.com/calesthio/OpenMontage/blob/08e2151fa02de28a5d6a312b3d575692bf147ad7/.agents/skills/threejs-animation/SKILL.md,,repository_skill_document,,,public_skill_source,,full_repository_document,,,,,08e2151fa02de28a5d6a312b3d575692bf147ad7,2026-09-30T01:01:39.946642+00:00,b24dc96c7a854ab97fa797a8e20d6bf981f155dfc625fd1ef347042395b7754c,False
,,calesthio/OpenMontage: .agents/skills/threejs-fundamentals,,GitHub,https://github.com/calesthio/OpenMontage/blob/08e2151fa02de28a5d6a312b3d575692bf147ad7/.agents/skills/threejs-fundamentals/SKILL.md,,repository_skill_document,,,public_skill_source,,full_repository_document,,,,,08e2151fa02de28a5d6a312b3d575692bf147ad7,2026-09-30T01:01:39.946642+00:00,eb66d52f53f489067d602b9b62df507adb391d8220bdd1a8aae6b73e6cee578a,False
,,calesthio/OpenMontage: .agents/skills/threejs-geometry,,GitHub,https://github.com/calesthio/OpenMontage/blob/08e2151fa02de28a5d6a312b3d575692bf147ad7/.agents/skills/threejs-geometry/SKILL.md,,repository_skill_document,,,public_skill_source,,full_repository_document,,,,,08e2151fa02de28a5d6a312b3d575692bf147ad7,2026-09-30T01:01:39.946642+00:00,8337bcf86621411f54ef39727b338c84890815e4b3612ce635d593dd9c321a3e,False
,,calesthio/OpenMontage: .agents/skills/threejs-interaction,,GitHub,https://github.com/calesthio/OpenMontage/blob/08e2151fa02de28a5d6a312b3d575692bf147ad7/.agents/skills/threejs-interaction/SKILL.md,,repository_skill_document,,,public_skill_source,,full_repository_document,,,,,08e2151fa02de28a5d6a312b3d575692bf147ad7,2026-09-30T01:01:39.946642+00:00,1bb23f0388d39863432494ff00ea0a96ae7d093c0c6f3149fb223ba1e673fef6,False
,,calesthio/OpenMontage: .agents/skills/threejs-lighting,,GitHub,https://github.com/calesthio/OpenMontage/blob/08e2151fa02de28a5d6a312b3d575692bf147ad7/.agents/skills/threejs-lighting/SKILL.md,,repository_skill_document,,,public_skill_source,,full_repository_document,,,,,08e2151fa02de28a5d6a312b3d575692bf147ad7,2026-09-30T01:01:39.946642+00:00,777875f7d6a75219d009ac69310772236231eec7cb57287c0509bb53e994af9d,False
,,calesthio/OpenMontage: .agents/skills/threejs-loaders,,GitHub,https://github.com/calesthio/OpenMontage/blob/08e2151fa02de28a5d6a312b3d575692bf147ad7/.agents/skills/threejs-loaders/SKILL.md,,repository_skill_document,,,public_skill_source,,full_repository_document,,,,,08e2151fa02de28a5d6a312b3d575692bf147ad7,2026-09-30T01:01:39.946642+00:00,03e0d7319692bb7eaa13cfada5d27d39840c7520c5ddc3fc8cc07b645dcba2e9,False
,,calesthio/OpenMontage: .agents/skills/threejs-materials,,GitHub,https://github.com/calesthio/OpenMontage/blob/08e2151fa02de28a5d6a312b3d575692bf147ad7/.agents/skills/threejs-materials/SKILL.md,,repository_skill_document,,,public_skill_source,,full_repository_document,,,,,08e2151fa02de28a5d6a312b3d575692bf147ad7,2026-09-30T01:01:39.946642+00:00,d5846d1b8254b903eacb3014486efbe331101518604b451098fd31989c3e7fe7,False
,,calesthio/OpenMontage: .agents/skills/threejs-postprocessing,,GitHub,https://github.com/calesthio/OpenMontage/blob/08e2151fa02de28a5d6a312b3d575692bf147ad7/.agents/skills/threejs-postprocessing/SKILL.md,,repository_skill_document,,,public_skill_source,,full_repository_document,,,,,08e2151fa02de28a5d6a312b3d575692bf147ad7,2026-09-30T01:01:39.946642+00:00,570b86434c30ad9bdc30f4f6d4e8c04124a07dd4ccaa778d4717ecc211dc1d90,False
,,calesthio/OpenMontage: .agents/skills/threejs-shaders,,GitHub,https://github.com/calesthio/OpenMontage/blob/08e2151fa02de28a5d6a312b3d575692bf147ad7/.agents/skills/threejs-shaders/SKILL.md,,repository_skill_document,,,public_skill_source,,full_repository_document,,,,,08e2151fa02de28a5d6a312b3d575692bf147ad7,2026-09-30T01:01:39.946642+00:00,6702267bd3ee70d458b54078211db36b1c3738c3faa0570e88e33dceaf478a4d,False
,,calesthio/OpenMontage: .agents/skills/threejs-textures,,GitHub,https://github.com/calesthio/OpenMontage/blob/08e2151fa02de28a5d6a312b3d575692bf147ad7/.agents/skills/threejs-textures/SKILL.md,,repository_skill_document,,,public_skill_source,,full_repository_document,,,,,08e2151fa02de28a5d6a312b3d575692bf147ad7,2026-09-30T01:01:39.946642+00:00,2a90ce70931e9b172fa5b70c13fd12e7b6f1600482d3ba0c73d95570fe728b65,False
,,calesthio/OpenMontage: .agents/skills/threejs-world-generation,,GitHub,https://github.com/calesthio/OpenMontage/blob/08e2151fa02de28a5d6a312b3d575692bf147ad7/.agents/skills/threejs-world-generation/SKILL.md,,repository_skill_document,,,public_skill_source,,full_repository_document,,,,,08e2151fa02de28a5d6a312b3d575692bf147ad7,2026-09-30T01:01:39.946642+00:00,e968e59d528ef57dd361492c3e697ddbac82407b21d5d7aad62b6798a8ff8c37,False
,,calesthio/OpenMontage: .agents/skills/vercel-composition-patterns,,GitHub,https://github.com/calesthio/OpenMontage/blob/08e2151fa02de28a5d6a312b3d575692bf147ad7/.agents/skills/vercel-composition-patterns/SKILL.md,,repository_skill_document,,,public_skill_source,,full_repository_document,,,,,08e2151fa02de28a5d6a312b3d575692bf147ad7,2026-09-30T01:01:39.946642+00:00,6f228aa8c71048a2b5c0fc94f54ca708be4aa7d46edb7ab26bb96939c4db5456,False
,,calesthio/OpenMontage: .agents/skills/vercel-react-best-practices,,GitHub,https://github.com/calesthio/OpenMontage/blob/08e2151fa02de28a5d6a312b3d575692bf147ad7/.agents/skills/vercel-react-best-practices/SKILL.md,,repository_skill_document,,,public_skill_source,,full_repository_document,,,,,08e2151fa02de28a5d6a312b3d575692bf147ad7,2026-09-30T01:01:39.946642+00:00,97c8b0404aa9f6674681c97ff8bc67f2f829ee415d4083ad1d15c002a1fd2c73,False
,,calesthio/OpenMontage: .agents/skills/video-download,,GitHub,https://github.com/calesthio/OpenMontage/blob/08e2151fa02de28a5d6a312b3d575692bf147ad7/.agents/skills/video-download/SKILL.md,,repository_skill_document,,,public_skill_source,,full_repository_document,,,,,08e2151fa02de28a5d6a312b3d575692bf147ad7,2026-09-30T01:01:39.946642+00:00,350159d5cd3f36b84e503b40d42ff50be8538102bfd6288f1b318a86d7d89b37,False
,,calesthio/OpenMontage: .agents/skills/video-edit,,GitHub,https://github.com/calesthio/OpenMontage/blob/08e2151fa02de28a5d6a312b3d575692bf147ad7/.agents/skills/video-edit/SKILL.md,,repository_skill_document,,,public_skill_source,,full_repository_document,,,,,08e2151fa02de28a5d6a312b3d575692bf147ad7,2026-09-30T01:01:39.946642+00:00,25a8a985c4ecc4ad4c32fe29f51d9122f02f149e641916e1709bee5dfaccb7f0,False
,,calesthio/OpenMontage: .agents/skills/video-toolkit,,GitHub,https://github.com/calesthio/OpenMontage/blob/08e2151fa02de28a5d6a312b3d575692bf147ad7/.agents/skills/video-toolkit/SKILL.md,,repository_skill_document,,,public_skill_source,,full_repository_document,,,,,08e2151fa02de28a5d6a312b3d575692bf147ad7,2026-09-30T01:01:39.946642+00:00,4b815f9b94e0330f63df41683742eec6db8a3a8388aae466fd47ff3988bfc3dd,False
,,calesthio/OpenMontage: .agents/skills/video-translate,,GitHub,https://github.com/calesthio/OpenMontage/blob/08e2151fa02de28a5d6a312b3d575692bf147ad7/.agents/skills/video-translate/SKILL.md,,repository_skill_document,,,public_skill_source,,full_repository_document,,,,,08e2151fa02de28a5d6a312b3d575692bf147ad7,2026-09-30T01:01:39.946642+00:00,3114c2b5e23e40e2abef74b2d2a5c854945de856023409f840d7425c4d79b3e9,False
,,calesthio/OpenMontage: .agents/skills/video-understand,,GitHub,https://github.com/calesthio/OpenMontage/blob/08e2151fa02de28a5d6a312b3d575692bf147ad7/.agents/skills/video-understand/SKILL.md,,repository_skill_document,,,public_skill_source,,full_repository_document,,,,,08e2151fa02de28a5d6a312b3d575692bf147ad7,2026-09-30T01:01:39.946642+00:00,3ae2a42d7eaec84b8f80c9b3f4b5a35c6e583c3d462d3cabdda585c55dba97f2,False
,,calesthio/OpenMontage: .agents/skills/visual-style,,GitHub,https://github.com/calesthio/OpenMontage/blob/08e2151fa02de28a5d6a312b3d575692bf147ad7/.agents/skills/visual-style/SKILL.md,,repository_skill_document,,,public_skill_source,,full_repository_document,,,,,08e2151fa02de28a5d6a312b3d575692bf147ad7,2026-09-30T01:01:39.946642+00:00,4d6b51fa9b4e6111dfabc8bfcce8e868645ddad4da30b5a4b8b258f458a32b46,False
,,calesthio/OpenMontage: .agents/skills/web-design-guidelines,,GitHub,https://github.com/calesthio/OpenMontage/blob/08e2151fa02de28a5d6a312b3d575692bf147ad7/.agents/skills/web-design-guidelines/SKILL.md,,repository_skill_document,,,public_skill_source,,full_repository_document,,,,,08e2151fa02de28a5d6a312b3d575692bf147ad7,2026-09-30T01:01:39.946642+00:00,f4647ca866a3accf763777f83e7682954f0187cd6bea7eea0399796652414e8f,False
,,calesthio/OpenMontage: .agents/skills/website-to-video,,GitHub,https://github.com/calesthio/OpenMontage/blob/08e2151fa02de28a5d6a312b3d575692bf147ad7/.agents/skills/website-to-video/SKILL.md,,repository_skill_document,,,public_skill_source,,full_repository_document,,,,,08e2151fa02de28a5d6a312b3d575692bf147ad7,2026-09-30T01:01:39.946642+00:00,034276ce1b67aa7f56652ca0304372671d568d89ba074b01b754b2ed85c6250b,False
,,calesthio/OpenMontage: .claude/skills/acestep,,GitHub,https://github.com/calesthio/OpenMontage/blob/08e2151fa02de28a5d6a312b3d575692bf147ad7/.claude/skills/acestep/SKILL.md,,repository_skill_document,,,public_skill_source,,full_repository_document,,,,,08e2151fa02de28a5d6a312b3d575692bf147ad7,2026-09-30T01:01:39.946642+00:00,3b645adb13f4a1c8f6ed6f0410c406ce278ae6a6b02c594b381cb2d20e62c56f,False
,,calesthio/OpenMontage: .claude/skills/agents,,GitHub,https://github.com/calesthio/OpenMontage/blob/08e2151fa02de28a5d6a312b3d575692bf147ad7/.claude/skills/agents/SKILL.md,,repository_skill_document,,,public_skill_source,,full_repository_document,,,,,08e2151fa02de28a5d6a312b3d575692bf147ad7,2026-09-30T01:01:39.946642+00:00,e763c739e8a87f5cf06a06d3e962d9c09c94d30db7c8ba00df98c4ef5c7c997c,False
,,calesthio/OpenMontage: .claude/skills/ai-video-gen,,GitHub,https://github.com/calesthio/OpenMontage/blob/08e2151fa02de28a5d6a312b3d575692bf147ad7/.claude/skills/ai-video-gen/SKILL.md,,repository_skill_document,,,public_skill_source,,full_repository_document,,,,,08e2151fa02de28a5d6a312b3d575692bf147ad7,2026-09-30T01:01:39.946642+00:00,d6c3f1d1686f84d39dcb7fb6714dffe737f27c86156e94391b153c1cb3eb26aa,False
,,calesthio/OpenMontage: .claude/skills/avatar-video,,GitHub,https://github.com/calesthio/OpenMontage/blob/08e2151fa02de28a5d6a312b3d575692bf147ad7/.claude/skills/avatar-video/SKILL.md,,repository_skill_document,,,public_skill_source,,full_repository_document,,,,,08e2151fa02de28a5d6a312b3d575692bf147ad7,2026-09-30T01:01:39.946642+00:00,2bba4e8d4e67aac672c608f7e33272883deacb4bd6a0d677077e4eaf23c394b2,False
,,calesthio/OpenMontage: .claude/skills/azure-speech-to-text,,GitHub,https://github.com/calesthio/OpenMontage/blob/08e2151fa02de28a5d6a312b3d575692bf147ad7/.claude/skills/azure-speech-to-text/SKILL.md,,repository_skill_document,,,public_skill_source,,full_repository_document,,,,,08e2151fa02de28a5d6a312b3d575692bf147ad7,2026-09-30T01:01:39.946642+00:00,732cbd393fadcd67befdf2f50519d65fd4e45695a8288a03149537eb72ae3f76,False
,,calesthio/OpenMontage: .claude/skills/azure-text-to-speech,,GitHub,https://github.com/calesthio/OpenMontage/blob/08e2151fa02de28a5d6a312b3d575692bf147ad7/.claude/skills/azure-text-to-speech/SKILL.md,,repository_skill_document,,,public_skill_source,,full_repository_document,,,,,08e2151fa02de28a5d6a312b3d575692bf147ad7,2026-09-30T01:01:39.946642+00:00,06a64f26bc419d11dfc5e68037e11b8dbddf88e6e8a2080951e071b0fc564383,False
,,calesthio/OpenMontage: .claude/skills/beautiful-mermaid,,GitHub,https://github.com/calesthio/OpenMontage/blob/08e2151fa02de28a5d6a312b3d575692bf147ad7/.claude/skills/beautiful-mermaid/SKILL.md,,repository_skill_document,,,public_skill_source,,full_repository_document,,,,,08e2151fa02de28a5d6a312b3d575692bf147ad7,2026-09-30T01:01:39.946642+00:00,2ea488822ccd006cbbe6a3c4fa52f3224d1f24e96687acbef167bb61e47b1962,False
,,calesthio/OpenMontage: .claude/skills/bfl-api,,GitHub,https://github.com/calesthio/OpenMontage/blob/08e2151fa02de28a5d6a312b3d575692bf147ad7/.claude/skills/bfl-api/SKILL.md,,repository_skill_document,,,public_skill_source,,full_repository_document,,,,,08e2151fa02de28a5d6a312b3d575692bf147ad7,2026-09-30T01:01:39.946642+00:00,ed1bcfa0a2c8c2649f7e8dab8303ff837d605471b647b50216e5e9b1a68e9e9d,False
,,calesthio/OpenMontage: .claude/skills/create-video,,GitHub,https://github.com/calesthio/OpenMontage/blob/08e2151fa02de28a5d6a312b3d575692bf147ad7/.claude/skills/create-video/SKILL.md,,repository_skill_document,,,public_skill_source,,full_repository_document,,,,,08e2151fa02de28a5d6a312b3d575692bf147ad7,2026-09-30T01:01:39.946642+00:00,7018274f6e11127eb6eafaaf3513dc5183e986924e5c32de905170d5817ab14b,False
,,calesthio/OpenMontage: .claude/skills/d3-viz,,GitHub,https://github.com/calesthio/OpenMontage/blob/08e2151fa02de28a5d6a312b3d575692bf147ad7/.claude/skills/d3-viz/SKILL.md,,repository_skill_document,,,public_skill_source,,full_repository_document,,,,,08e2151fa02de28a5d6a312b3d575692bf147ad7,2026-09-30T01:01:39.946642+00:00,4b1f820cd87c55dc6b7c714a76c1320903187967cd43f3b4db9d6eacbcc085b3,False
,,calesthio/OpenMontage: .claude/skills/elevenlabs,,GitHub,https://github.com/calesthio/OpenMontage/blob/08e2151fa02de28a5d6a312b3d575692bf147ad7/.claude/skills/elevenlabs/SKILL.md,,repository_skill_document,,,public_skill_source,,full_repository_document,,,,,08e2151fa02de28a5d6a312b3d575692bf147ad7,2026-09-30T01:01:39.946642+00:00,114d8cfe298cfc4b5c82ee5347d4b5fb1e2f050936e97584140f45dea7ff039b,False
,,calesthio/OpenMontage: .claude/skills/faceswap,,GitHub,https://github.com/calesthio/OpenMontage/blob/08e2151fa02de28a5d6a312b3d575692bf147ad7/.claude/skills/faceswap/SKILL.md,,repository_skill_document,,,public_skill_source,,full_repository_document,,,,,08e2151fa02de28a5d6a312b3d575692bf147ad7,2026-09-30T01:01:39.946642+00:00,89f620106773853a0c9f848b9d699a6dcbc75c270d6f5e6ffae1741e4a6fb19b,False
,,calesthio/OpenMontage: .claude/skills/ffmpeg,,GitHub,https://github.com/calesthio/OpenMontage/blob/08e2151fa02de28a5d6a312b3d575692bf147ad7/.claude/skills/ffmpeg/SKILL.md,,repository_skill_document,,,public_skill_source,,full_repository_document,,,,,08e2151fa02de28a5d6a312b3d575692bf147ad7,2026-09-30T01:01:39.946642+00:00,20a0c1e35a683a6bdb2ba978cb822b950b3ead5d638e84ef711e021e52711d06,False
,,calesthio/OpenMontage: .claude/skills/flux-best-practices,,GitHub,https://github.com/calesthio/OpenMontage/blob/08e2151fa02de28a5d6a312b3d575692bf147ad7/.claude/skills/flux-best-practices/SKILL.md,,repository_skill_document,,,public_skill_source,,full_repository_document,,,,,08e2151fa02de28a5d6a312b3d575692bf147ad7,2026-09-30T01:01:39.946642+00:00,6c2fca51bbe6885b16724fa39f00e2c22a59cb9b9ceb6a14d3b5b66034feab9d,False
,,calesthio/OpenMontage: .claude/skills/framer-motion,,GitHub,https://github.com/calesthio/OpenMontage/blob/08e2151fa02de28a5d6a312b3d575692bf147ad7/.claude/skills/framer-motion/SKILL.md,,repository_skill_document,,,public_skill_source,,full_repository_document,,,,,08e2151fa02de28a5d6a312b3d575692bf147ad7,2026-09-30T01:01:39.946642+00:00,8428007eea0cd4f1bf9564e51ef11dfb398184fd67fd8caaedc885866e42fed1,False
,,calesthio/OpenMontage: .claude/skills/heygen,,GitHub,https://github.com/calesthio/OpenMontage/blob/08e2151fa02de28a5d6a312b3d575692bf147ad7/.claude/skills/heygen/SKILL.md,,repository_skill_document,,,public_skill_source,,full_repository_document,,,,,08e2151fa02de28a5d6a312b3d575692bf147ad7,2026-09-30T01:01:39.946642+00:00,eb5d021c7e0ea1f65aee1aeafd3dab5e75ab39a6c13b0ef55b375a2080ef04eb,False
,,calesthio/OpenMontage: .claude/skills/lottie-bodymovin,,GitHub,https://github.com/calesthio/OpenMontage/blob/08e2151fa02de28a5d6a312b3d575692bf147ad7/.claude/skills/lottie-bodymovin/SKILL.md,,repository_skill_document,,,public_skill_source,,full_repository_document,,,,,08e2151fa02de28a5d6a312b3d575692bf147ad7,2026-09-30T01:01:39.946642+00:00,bbd7786a3c5fb998e6b2565beb305fed796ce50bcf9fd3a7604b113a9e2bcdda,False
,,calesthio/OpenMontage: .claude/skills/ltx2,,GitHub,https://github.com/calesthio/OpenMontage/blob/08e2151fa02de28a5d6a312b3d575692bf147ad7/.claude/skills/ltx2/SKILL.md,,repository_skill_document,,,public_skill_source,,full_repository_document,,,,,08e2151fa02de28a5d6a312b3d575692bf147ad7,2026-09-30T01:01:39.946642+00:00,f95de1af442ac14d8d15060aee2b687dc6426f75a88340bb3371bb63e4449589,False
,,calesthio/OpenMontage: .claude/skills/manim-composer,,GitHub,https://github.com/calesthio/OpenMontage/blob/08e2151fa02de28a5d6a312b3d575692bf147ad7/.claude/skills/manim-composer/SKILL.md,,repository_skill_document,,,public_skill_source,,full_repository_document,,,,,08e2151fa02de28a5d6a312b3d575692bf147ad7,2026-09-30T01:01:39.946642+00:00,79e7c224fa8912f3e26897aa91252ab30996eddd1208c1128238057a7b89b176,False
,,calesthio/OpenMontage: .claude/skills/manimce-best-practices,,GitHub,https://github.com/calesthio/OpenMontage/blob/08e2151fa02de28a5d6a312b3d575692bf147ad7/.claude/skills/manimce-best-practices/SKILL.md,,repository_skill_document,,,public_skill_source,,full_repository_document,,,,,08e2151fa02de28a5d6a312b3d575692bf147ad7,2026-09-30T01:01:39.946642+00:00,ae09751ec9e3e9389b85f923f4e34b706a32e01b18e378759163d1d855f90d4e,False
,,calesthio/OpenMontage: .claude/skills/manimgl-best-practices,,GitHub,https://github.com/calesthio/OpenMontage/blob/08e2151fa02de28a5d6a312b3d575692bf147ad7/.claude/skills/manimgl-best-practices/SKILL.md,,repository_skill_document,,,public_skill_source,,full_repository_document,,,,,08e2151fa02de28a5d6a312b3d575692bf147ad7,2026-09-30T01:01:39.946642+00:00,acb89023c69fca1f16e29992673f12460946d9ce714940f8353b0fb10e9eecc1,False
,,calesthio/OpenMontage: .claude/skills/music,,GitHub,https://github.com/calesthio/OpenMontage/blob/08e2151fa02de28a5d6a312b3d575692bf147ad7/.claude/skills/music/SKILL.md,,repository_skill_document,,,public_skill_source,,full_repository_document,,,,,08e2151fa02de28a5d6a312b3d575692bf147ad7,2026-09-30T01:01:39.946642+00:00,50d30474d87bb0a1dacd7977ebcfba971e745cea18108140badae4f76845891a,False
,,calesthio/OpenMontage: .claude/skills/playwright-recording,,GitHub,https://github.com/calesthio/OpenMontage/blob/08e2151fa02de28a5d6a312b3d575692bf147ad7/.claude/skills/playwright-recording/SKILL.md,,repository_skill_document,,,public_skill_source,,full_repository_document,,,,,08e2151fa02de28a5d6a312b3d575692bf147ad7,2026-09-30T01:01:39.946642+00:00,291ab7cda312bd3a36d59dc4ead1673d5d5ef92575ca6a1026661414d6bff227,False
,,calesthio/OpenMontage: .claude/skills/remotion-best-practices,,GitHub,https://github.com/calesthio/OpenMontage/blob/08e2151fa02de28a5d6a312b3d575692bf147ad7/.claude/skills/remotion-best-practices/SKILL.md,,repository_skill_document,,,public_skill_source,,full_repository_document,,,,,08e2151fa02de28a5d6a312b3d575692bf147ad7,2026-09-30T01:01:39.946642+00:00,2f9be561c1c3659aea1b4c777a9b57733dcd466b6e85231316d2841d947584bf,False
,,calesthio/OpenMontage: .claude/skills/remotion,,GitHub,https://github.com/calesthio/OpenMontage/blob/08e2151fa02de28a5d6a312b3d575692bf147ad7/.claude/skills/remotion/SKILL.md,,repository_skill_document,,,public_skill_source,,full_repository_document,,,,,08e2151fa02de28a5d6a312b3d575692bf147ad7,2026-09-30T01:01:39.946642+00:00,b37046044b69b305700e740c6439f7081db57da8398ed14969145bcb2b59d7d4,False
,,calesthio/OpenMontage: .claude/skills/setup-api-key,,GitHub,https://github.com/calesthio/OpenMontage/blob/08e2151fa02de28a5d6a312b3d575692bf147ad7/.claude/skills/setup-api-key/SKILL.md,,repository_skill_document,,,public_skill_source,,full_repository_document,,,,,08e2151fa02de28a5d6a312b3d575692bf147ad7,2026-09-30T01:01:39.946642+00:00,92f00a9f71f2812bdbb20308f2795e73134f36cae3fdd05a84fdf8954a2be3c3,False
,,calesthio/OpenMontage: .claude/skills/sound-effects,,GitHub,https://github.com/calesthio/OpenMontage/blob/08e2151fa02de28a5d6a312b3d575692bf147ad7/.claude/skills/sound-effects/SKILL.md,,repository_skill_document,,,public_skill_source,,full_repository_document,,,,,08e2151fa02de28a5d6a312b3d575692bf147ad7,2026-09-30T01:01:39.946642+00:00,9da7f48812a55a6569893e900cb43d4088201e21cf38d7b12eda55e63f1dc12a,False
,,calesthio/OpenMontage: .claude/skills/speech-to-text,,GitHub,https://github.com/calesthio/OpenMontage/blob/08e2151fa02de28a5d6a312b3d575692bf147ad7/.claude/skills/speech-to-text/SKILL.md,,repository_skill_document,,,public_skill_source,,full_repository_document,,,,,08e2151fa02de28a5d6a312b3d575692bf147ad7,2026-09-30T01:01:39.946642+00:00,e8f86292bcd42e1ec57e477fb72fa47afc1792b7448199dacf621192864a3168,False
,,calesthio/OpenMontage: .claude/skills/tailwind-design-system,,GitHub,https://github.com/calesthio/OpenMontage/blob/08e2151fa02de28a5d6a312b3d575692bf147ad7/.claude/skills/tailwind-design-system/SKILL.md,,repository_skill_document,,,public_skill_source,,full_repository_document,,,,,08e2151fa02de28a5d6a312b3d575692bf147ad7,2026-09-30T01:01:39.946642+00:00,434ed435d76fb6bcbf311d7b120c1a7e28491264beefb9a1a33a76e9807c954f,False
,,calesthio/OpenMontage: .claude/skills/text-to-speech,,GitHub,https://github.com/calesthio/OpenMontage/blob/08e2151fa02de28a5d6a312b3d575692bf147ad7/.claude/skills/text-to-speech/SKILL.md,,repository_skill_document,,,public_skill_source,,full_repository_document,,,,,08e2151fa02de28a5d6a312b3d575692bf147ad7,2026-09-30T01:01:39.946642+00:00,e9a061a762a136327cb623be9077aa1f0b80121d328621837caab9a2a7424e4a,False
,,calesthio/OpenMontage: .claude/skills/threejs-animation,,GitHub,https://github.com/calesthio/OpenMontage/blob/08e2151fa02de28a5d6a312b3d575692bf147ad7/.claude/skills/threejs-animation/SKILL.md,,repository_skill_document,,,public_skill_source,,full_repository_document,,,,,08e2151fa02de28a5d6a312b3d575692bf147ad7,2026-09-30T01:01:39.946642+00:00,b24dc96c7a854ab97fa797a8e20d6bf981f155dfc625fd1ef347042395b7754c,False
,,calesthio/OpenMontage: .claude/skills/threejs-fundamentals,,GitHub,https://github.com/calesthio/OpenMontage/blob/08e2151fa02de28a5d6a312b3d575692bf147ad7/.claude/skills/threejs-fundamentals/SKILL.md,,repository_skill_document,,,public_skill_source,,full_repository_document,,,,,08e2151fa02de28a5d6a312b3d575692bf147ad7,2026-09-30T01:01:39.946642+00:00,eb66d52f53f489067d602b9b62df507adb391d8220bdd1a8aae6b73e6cee578a,False
,,calesthio/OpenMontage: .claude/skills/threejs-geometry,,GitHub,https://github.com/calesthio/OpenMontage/blob/08e2151fa02de28a5d6a312b3d575692bf147ad7/.claude/skills/threejs-geometry/SKILL.md,,repository_skill_document,,,public_skill_source,,full_repository_document,,,,,08e2151fa02de28a5d6a312b3d575692bf147ad7,2026-09-30T01:01:39.946642+00:00,8337bcf86621411f54ef39727b338c84890815e4b3612ce635d593dd9c321a3e,False
,,calesthio/OpenMontage: .claude/skills/threejs-interaction,,GitHub,https://github.com/calesthio/OpenMontage/blob/08e2151fa02de28a5d6a312b3d575692bf147ad7/.claude/skills/threejs-interaction/SKILL.md,,repository_skill_document,,,public_skill_source,,full_repository_document,,,,,08e2151fa02de28a5d6a312b3d575692bf147ad7,2026-09-30T01:01:39.946642+00:00,1bb23f0388d39863432494ff00ea0a96ae7d093c0c6f3149fb223ba1e673fef6,False
,,calesthio/OpenMontage: .claude/skills/threejs-lighting,,GitHub,https://github.com/calesthio/OpenMontage/blob/08e2151fa02de28a5d6a312b3d575692bf147ad7/.claude/skills/threejs-lighting/SKILL.md,,repository_skill_document,,,public_skill_source,,full_repository_document,,,,,08e2151fa02de28a5d6a312b3d575692bf147ad7,2026-09-30T01:01:39.946642+00:00,777875f7d6a75219d009ac69310772236231eec7cb57287c0509bb53e994af9d,False
,,calesthio/OpenMontage: .claude/skills/threejs-loaders,,GitHub,https://github.com/calesthio/OpenMontage/blob/08e2151fa02de28a5d6a312b3d575692bf147ad7/.claude/skills/threejs-loaders/SKILL.md,,repository_skill_document,,,public_skill_source,,full_repository_document,,,,,08e2151fa02de28a5d6a312b3d575692bf147ad7,2026-09-30T01:01:39.946642+00:00,03e0d7319692bb7eaa13cfada5d27d39840c7520c5ddc3fc8cc07b645dcba2e9,False
,,calesthio/OpenMontage: .claude/skills/threejs-materials,,GitHub,https://github.com/calesthio/OpenMontage/blob/08e2151fa02de28a5d6a312b3d575692bf147ad7/.claude/skills/threejs-materials/SKILL.md,,repository_skill_document,,,public_skill_source,,full_repository_document,,,,,08e2151fa02de28a5d6a312b3d575692bf147ad7,2026-09-30T01:01:39.946642+00:00,d5846d1b8254b903eacb3014486efbe331101518604b451098fd31989c3e7fe7,False
,,calesthio/OpenMontage: .claude/skills/threejs-postprocessing,,GitHub,https://github.com/calesthio/OpenMontage/blob/08e2151fa02de28a5d6a312b3d575692bf147ad7/.claude/skills/threejs-postprocessing/SKILL.md,,repository_skill_document,,,public_skill_source,,full_repository_document,,,,,08e2151fa02de28a5d6a312b3d575692bf147ad7,2026-09-30T01:01:39.946642+00:00,570b86434c30ad9bdc30f4f6d4e8c04124a07dd4ccaa778d4717ecc211dc1d90,False
,,calesthio/OpenMontage: .claude/skills/threejs-shaders,,GitHub,https://github.com/calesthio/OpenMontage/blob/08e2151fa02de28a5d6a312b3d575692bf147ad7/.claude/skills/threejs-shaders/SKILL.md,,repository_skill_document,,,public_skill_source,,full_repository_document,,,,,08e2151fa02de28a5d6a312b3d575692bf147ad7,2026-09-30T01:01:39.946642+00:00,6702267bd3ee70d458b54078211db36b1c3738c3faa0570e88e33dceaf478a4d,False
,,calesthio/OpenMontage: .claude/skills/threejs-textures,,GitHub,https://github.com/calesthio/OpenMontage/blob/08e2151fa02de28a5d6a312b3d575692bf147ad7/.claude/skills/threejs-textures/SKILL.md,,repository_skill_document,,,public_skill_source,,full_repository_document,,,,,08e2151fa02de28a5d6a312b3d575692bf147ad7,2026-09-30T01:01:39.946642+00:00,2a90ce70931e9b172fa5b70c13fd12e7b6f1600482d3ba0c73d95570fe728b65,False
,,calesthio/OpenMontage: .claude/skills/vercel-composition-patterns,,GitHub,https://github.com/calesthio/OpenMontage/blob/08e2151fa02de28a5d6a312b3d575692bf147ad7/.claude/skills/vercel-composition-patterns/SKILL.md,,repository_skill_document,,,public_skill_source,,full_repository_document,,,,,08e2151fa02de28a5d6a312b3d575692bf147ad7,2026-09-30T01:01:39.946642+00:00,6f228aa8c71048a2b5c0fc94f54ca708be4aa7d46edb7ab26bb96939c4db5456,False
,,calesthio/OpenMontage: .claude/skills/vercel-react-best-practices,,GitHub,https://github.com/calesthio/OpenMontage/blob/08e2151fa02de28a5d6a312b3d575692bf147ad7/.claude/skills/vercel-react-best-practices/SKILL.md,,repository_skill_document,,,public_skill_source,,full_repository_document,,,,,08e2151fa02de28a5d6a312b3d575692bf147ad7,2026-09-30T01:01:39.946642+00:00,97c8b0404aa9f6674681c97ff8bc67f2f829ee415d4083ad1d15c002a1fd2c73,False
,,calesthio/OpenMontage: .claude/skills/video-download,,GitHub,https://github.com/calesthio/OpenMontage/blob/08e2151fa02de28a5d6a312b3d575692bf147ad7/.claude/skills/video-download/SKILL.md,,repository_skill_document,,,public_skill_source,,full_repository_document,,,,,08e2151fa02de28a5d6a312b3d575692bf147ad7,2026-09-30T01:01:39.946642+00:00,350159d5cd3f36b84e503b40d42ff50be8538102bfd6288f1b318a86d7d89b37,False
,,calesthio/OpenMontage: .claude/skills/video-edit,,GitHub,https://github.com/calesthio/OpenMontage/blob/08e2151fa02de28a5d6a312b3d575692bf147ad7/.claude/skills/video-edit/SKILL.md,,repository_skill_document,,,public_skill_source,,full_repository_document,,,,,08e2151fa02de28a5d6a312b3d575692bf147ad7,2026-09-30T01:01:39.946642+00:00,25a8a985c4ecc4ad4c32fe29f51d9122f02f149e641916e1709bee5dfaccb7f0,False
,,calesthio/OpenMontage: .claude/skills/video-translate,,GitHub,https://github.com/calesthio/OpenMontage/blob/08e2151fa02de28a5d6a312b3d575692bf147ad7/.claude/skills/video-translate/SKILL.md,,repository_skill_document,,,public_skill_source,,full_repository_document,,,,,08e2151fa02de28a5d6a312b3d575692bf147ad7,2026-09-30T01:01:39.946642+00:00,3114c2b5e23e40e2abef74b2d2a5c854945de856023409f840d7425c4d79b3e9,False
,,calesthio/OpenMontage: .claude/skills/video-understand,,GitHub,https://github.com/calesthio/OpenMontage/blob/08e2151fa02de28a5d6a312b3d575692bf147ad7/.claude/skills/video-understand/SKILL.md,,repository_skill_document,,,public_skill_source,,full_repository_document,,,,,08e2151fa02de28a5d6a312b3d575692bf147ad7,2026-09-30T01:01:39.946642+00:00,3ae2a42d7eaec84b8f80c9b3f4b5a35c6e583c3d462d3cabdda585c55dba97f2,False
,,calesthio/OpenMontage: .claude/skills/video_toolkit,,GitHub,https://github.com/calesthio/OpenMontage/blob/08e2151fa02de28a5d6a312b3d575692bf147ad7/.claude/skills/video_toolkit/SKILL.md,,repository_skill_document,,,public_skill_source,,full_repository_document,,,,,08e2151fa02de28a5d6a312b3d575692bf147ad7,2026-09-30T01:01:39.946642+00:00,4b815f9b94e0330f63df41683742eec6db8a3a8388aae466fd47ff3988bfc3dd,False
,,calesthio/OpenMontage: .claude/skills/visual-style,,GitHub,https://github.com/calesthio/OpenMontage/blob/08e2151fa02de28a5d6a312b3d575692bf147ad7/.claude/skills/visual-style/SKILL.md,,repository_skill_document,,,public_skill_source,,full_repository_document,,,,,08e2151fa02de28a5d6a312b3d575692bf147ad7,2026-09-30T01:01:39.946642+00:00,4d6b51fa9b4e6111dfabc8bfcce8e868645ddad4da30b5a4b8b258f458a32b46,False
,,calesthio/OpenMontage: .claude/skills/web-design-guidelines,,GitHub,https://github.com/calesthio/OpenMontage/blob/08e2151fa02de28a5d6a312b3d575692bf147ad7/.claude/skills/web-design-guidelines/SKILL.md,,repository_skill_document,,,public_skill_source,,full_repository_document,,,,,08e2151fa02de28a5d6a312b3d575692bf147ad7,2026-09-30T01:01:39.946642+00:00,f4647ca866a3accf763777f83e7682954f0187cd6bea7eea0399796652414e8f,False
,,robonuggets/hyperframes-helper: .claude/skills/hyperframes-helper,,GitHub,https://github.com/robonuggets/hyperframes-helper/blob/4d75272b4ccba94f056fd6acdb6a234cbc6f883b/.claude/skills/hyperframes-helper/SKILL.md,,repository_skill_document,,,public_skill_source,,full_repository_document,,,,,4d75272b4ccba94f056fd6acdb6a234cbc6f883b,2026-09-30T01:01:40.351783+00:00,59a6d80f4ccde95a5ce0715f2a055763298c2c6524b7b5cef1f7bb10625be85e,False
,,HeroicSwan/after-effects-mcp: skills/after-effects-mcp,,GitHub,https://github.com/HeroicSwan/after-effects-mcp/blob/e38b2609cde262822b888e815684117b35447b11/skills/after-effects-mcp/SKILL.md,,repository_skill_document,,,public_skill_source,,full_repository_document,,,,,e38b2609cde262822b888e815684117b35447b11,2026-09-30T01:01:41.130617+00:00,a3b4d2f56a49862a10b533d7d93b6e53134e6fbe77c630fd341f48f8215ba688,False
,,samuelgursky/davinci-resolve-mcp: .agents/skills/house-style,,GitHub,https://github.com/samuelgursky/davinci-resolve-mcp/blob/89da04b19b0dbcbf6e5a53a54fe80542a8d2ef23/.agents/skills/house-style/SKILL.md,,repository_skill_document,,,public_skill_source,,full_repository_document,,,,,89da04b19b0dbcbf6e5a53a54fe80542a8d2ef23,2026-09-30T01:01:42.989377+00:00,420e0e12735094a12529be6c349a7e9f16598b7f698cb24279254f4e62ea2f0d,False
,,samuelgursky/davinci-resolve-mcp: .agents/skills/release-check,,GitHub,https://github.com/samuelgursky/davinci-resolve-mcp/blob/89da04b19b0dbcbf6e5a53a54fe80542a8d2ef23/.agents/skills/release-check/SKILL.md,,repository_skill_document,,,public_skill_source,,full_repository_document,,,,,89da04b19b0dbcbf6e5a53a54fe80542a8d2ef23,2026-09-30T01:01:42.989377+00:00,c04c6e7607ba7f35c33714b5dd91643fbcedb18b99e3d1440307302bc9d00fbd,False
,,samuelgursky/davinci-resolve-mcp: .agents/skills/resolve-audio,,GitHub,https://github.com/samuelgursky/davinci-resolve-mcp/blob/89da04b19b0dbcbf6e5a53a54fe80542a8d2ef23/.agents/skills/resolve-audio/SKILL.md,,repository_skill_document,,,public_skill_source,,full_repository_document,,,,,89da04b19b0dbcbf6e5a53a54fe80542a8d2ef23,2026-09-30T01:01:42.989377+00:00,1017d938aa2841a0a95ad2f0e2028e290fadf604c771eeebd1aec8dee5f87e0f,False
,,samuelgursky/davinci-resolve-mcp: .agents/skills/resolve-color,,GitHub,https://github.com/samuelgursky/davinci-resolve-mcp/blob/89da04b19b0dbcbf6e5a53a54fe80542a8d2ef23/.agents/skills/resolve-color/SKILL.md,,repository_skill_document,,,public_skill_source,,full_repository_document,,,,,89da04b19b0dbcbf6e5a53a54fe80542a8d2ef23,2026-09-30T01:01:42.989377+00:00,7b7816ac2b7e05e766c1dd523257bc080d94707765592f4fe6a904c88130f082,False
,,samuelgursky/davinci-resolve-mcp: .agents/skills/resolve-conform,,GitHub,https://github.com/samuelgursky/davinci-resolve-mcp/blob/89da04b19b0dbcbf6e5a53a54fe80542a8d2ef23/.agents/skills/resolve-conform/SKILL.md,,repository_skill_document,,,public_skill_source,,full_repository_document,,,,,89da04b19b0dbcbf6e5a53a54fe80542a8d2ef23,2026-09-30T01:01:42.989377+00:00,7c8ae3c7d93569c417815125ba3526262d01df2b4b616e7db57e9b2078e4066e,False
,,samuelgursky/davinci-resolve-mcp: .agents/skills/resolve-delivery,,GitHub,https://github.com/samuelgursky/davinci-resolve-mcp/blob/89da04b19b0dbcbf6e5a53a54fe80542a8d2ef23/.agents/skills/resolve-delivery/SKILL.md,,repository_skill_document,,,public_skill_source,,full_repository_document,,,,,89da04b19b0dbcbf6e5a53a54fe80542a8d2ef23,2026-09-30T01:01:42.989377+00:00,a14e74224363061c35cc63d1546f1d3effe4b31bdeb6a1cec8782810d683b38e,False
,,samuelgursky/davinci-resolve-mcp: .agents/skills/resolve-edit,,GitHub,https://github.com/samuelgursky/davinci-resolve-mcp/blob/89da04b19b0dbcbf6e5a53a54fe80542a8d2ef23/.agents/skills/resolve-edit/SKILL.md,,repository_skill_document,,,public_skill_source,,full_repository_document,,,,,89da04b19b0dbcbf6e5a53a54fe80542a8d2ef23,2026-09-30T01:01:42.989377+00:00,6da587dcaa2568b89dc744842da684a65b67a576bd70b2f43ce69091baca03f8,False
,,samuelgursky/davinci-resolve-mcp: .agents/skills/resolve-fusion,,GitHub,https://github.com/samuelgursky/davinci-resolve-mcp/blob/89da04b19b0dbcbf6e5a53a54fe80542a8d2ef23/.agents/skills/resolve-fusion/SKILL.md,,repository_skill_document,,,public_skill_source,,full_repository_document,,,,,89da04b19b0dbcbf6e5a53a54fe80542a8d2ef23,2026-09-30T01:01:42.989377+00:00,dac9c60855b1a92d7501b4675e11cd642a8d20843f25f53985c840b0f4d1a26b,False
,,samuelgursky/davinci-resolve-mcp: .agents/skills/resolve-mcp,,GitHub,https://github.com/samuelgursky/davinci-resolve-mcp/blob/89da04b19b0dbcbf6e5a53a54fe80542a8d2ef23/.agents/skills/resolve-mcp/SKILL.md,,repository_skill_document,,,public_skill_source,,full_repository_document,,,,,89da04b19b0dbcbf6e5a53a54fe80542a8d2ef23,2026-09-30T01:01:42.989377+00:00,4b26dcb21157fa039a35d966775fab99efe34e3b9318ae2726e421ddb0bb8d9b,False
,,samuelgursky/davinci-resolve-mcp: .agents/skills/resolve-media-analysis,,GitHub,https://github.com/samuelgursky/davinci-resolve-mcp/blob/89da04b19b0dbcbf6e5a53a54fe80542a8d2ef23/.agents/skills/resolve-media-analysis/SKILL.md,,repository_skill_document,,,public_skill_source,,full_repository_document,,,,,89da04b19b0dbcbf6e5a53a54fe80542a8d2ef23,2026-09-30T01:01:42.989377+00:00,da1b3d23de3b806c5160bc1b50ae527d6d4d47cfc52e5ed4d8b9caa7b65087cf,False
,,samuelgursky/davinci-resolve-mcp: .agents/skills/resolve-media-pool,,GitHub,https://github.com/samuelgursky/davinci-resolve-mcp/blob/89da04b19b0dbcbf6e5a53a54fe80542a8d2ef23/.agents/skills/resolve-media-pool/SKILL.md,,repository_skill_document,,,public_skill_source,,full_repository_document,,,,,89da04b19b0dbcbf6e5a53a54fe80542a8d2ef23,2026-09-30T01:01:42.989377+00:00,83b7e9b62458dcc79301642b9155919b894e10e66a4415d7ff6c95d9ce200f51,False
,,samuelgursky/davinci-resolve-mcp: .agents/skills/resolve-rough-cut,,GitHub,https://github.com/samuelgursky/davinci-resolve-mcp/blob/89da04b19b0dbcbf6e5a53a54fe80542a8d2ef23/.agents/skills/resolve-rough-cut/SKILL.md,,repository_skill_document,,,public_skill_source,,full_repository_document,,,,,89da04b19b0dbcbf6e5a53a54fe80542a8d2ef23,2026-09-30T01:01:42.989377+00:00,8c1cda947c190dfc938e433e4bee175a850d73dfcab66ba817bcfc24baa37fc7,False
,,samuelgursky/davinci-resolve-mcp: .agents/skills/resolve-session,,GitHub,https://github.com/samuelgursky/davinci-resolve-mcp/blob/89da04b19b0dbcbf6e5a53a54fe80542a8d2ef23/.agents/skills/resolve-session/SKILL.md,,repository_skill_document,,,public_skill_source,,full_repository_document,,,,,89da04b19b0dbcbf6e5a53a54fe80542a8d2ef23,2026-09-30T01:01:42.989377+00:00,1a5120a3e0c9c99e8422609991e0944919e6505c25c87664cd8e6fe093377a99,False
,,samuelgursky/davinci-resolve-mcp: .agents/skills/resolve-tighten-recording,,GitHub,https://github.com/samuelgursky/davinci-resolve-mcp/blob/89da04b19b0dbcbf6e5a53a54fe80542a8d2ef23/.agents/skills/resolve-tighten-recording/SKILL.md,,repository_skill_document,,,public_skill_source,,full_repository_document,,,,,89da04b19b0dbcbf6e5a53a54fe80542a8d2ef23,2026-09-30T01:01:42.989377+00:00,e30d00903b70758c51c950f3f9a09799ca91bc6afbe101da1c866d02e4e96241,False
,,samuelgursky/davinci-resolve-mcp: .claude/skills/house-style,,GitHub,https://github.com/samuelgursky/davinci-resolve-mcp/blob/89da04b19b0dbcbf6e5a53a54fe80542a8d2ef23/.claude/skills/house-style/SKILL.md,,repository_skill_document,,,public_skill_source,,full_repository_document,,,,,89da04b19b0dbcbf6e5a53a54fe80542a8d2ef23,2026-09-30T01:01:42.989377+00:00,420e0e12735094a12529be6c349a7e9f16598b7f698cb24279254f4e62ea2f0d,False
,,samuelgursky/davinci-resolve-mcp: .claude/skills/release-check,,GitHub,https://github.com/samuelgursky/davinci-resolve-mcp/blob/89da04b19b0dbcbf6e5a53a54fe80542a8d2ef23/.claude/skills/release-check/SKILL.md,,repository_skill_document,,,public_skill_source,,full_repository_document,,,,,89da04b19b0dbcbf6e5a53a54fe80542a8d2ef23,2026-09-30T01:01:42.989377+00:00,c04c6e7607ba7f35c33714b5dd91643fbcedb18b99e3d1440307302bc9d00fbd,False
,,samuelgursky/davinci-resolve-mcp: .claude/skills/resolve-audio,,GitHub,https://github.com/samuelgursky/davinci-resolve-mcp/blob/89da04b19b0dbcbf6e5a53a54fe80542a8d2ef23/.claude/skills/resolve-audio/SKILL.md,,repository_skill_document,,,public_skill_source,,full_repository_document,,,,,89da04b19b0dbcbf6e5a53a54fe80542a8d2ef23,2026-09-30T01:01:42.989377+00:00,1017d938aa2841a0a95ad2f0e2028e290fadf604c771eeebd1aec8dee5f87e0f,False
,,samuelgursky/davinci-resolve-mcp: .claude/skills/resolve-color,,GitHub,https://github.com/samuelgursky/davinci-resolve-mcp/blob/89da04b19b0dbcbf6e5a53a54fe80542a8d2ef23/.claude/skills/resolve-color/SKILL.md,,repository_skill_document,,,public_skill_source,,full_repository_document,,,,,89da04b19b0dbcbf6e5a53a54fe80542a8d2ef23,2026-09-30T01:01:42.989377+00:00,7b7816ac2b7e05e766c1dd523257bc080d94707765592f4fe6a904c88130f082,False
,,samuelgursky/davinci-resolve-mcp: .claude/skills/resolve-conform,,GitHub,https://github.com/samuelgursky/davinci-resolve-mcp/blob/89da04b19b0dbcbf6e5a53a54fe80542a8d2ef23/.claude/skills/resolve-conform/SKILL.md,,repository_skill_document,,,public_skill_source,,full_repository_document,,,,,89da04b19b0dbcbf6e5a53a54fe80542a8d2ef23,2026-09-30T01:01:42.989377+00:00,7c8ae3c7d93569c417815125ba3526262d01df2b4b616e7db57e9b2078e4066e,False
,,samuelgursky/davinci-resolve-mcp: .claude/skills/resolve-delivery,,GitHub,https://github.com/samuelgursky/davinci-resolve-mcp/blob/89da04b19b0dbcbf6e5a53a54fe80542a8d2ef23/.claude/skills/resolve-delivery/SKILL.md,,repository_skill_document,,,public_skill_source,,full_repository_document,,,,,89da04b19b0dbcbf6e5a53a54fe80542a8d2ef23,2026-09-30T01:01:42.989377+00:00,a14e74224363061c35cc63d1546f1d3effe4b31bdeb6a1cec8782810d683b38e,False
,,samuelgursky/davinci-resolve-mcp: .claude/skills/resolve-edit,,GitHub,https://github.com/samuelgursky/davinci-resolve-mcp/blob/89da04b19b0dbcbf6e5a53a54fe80542a8d2ef23/.claude/skills/resolve-edit/SKILL.md,,repository_skill_document,,,public_skill_source,,full_repository_document,,,,,89da04b19b0dbcbf6e5a53a54fe80542a8d2ef23,2026-09-30T01:01:42.989377+00:00,6da587dcaa2568b89dc744842da684a65b67a576bd70b2f43ce69091baca03f8,False
,,samuelgursky/davinci-resolve-mcp: .claude/skills/resolve-fusion,,GitHub,https://github.com/samuelgursky/davinci-resolve-mcp/blob/89da04b19b0dbcbf6e5a53a54fe80542a8d2ef23/.claude/skills/resolve-fusion/SKILL.md,,repository_skill_document,,,public_skill_source,,full_repository_document,,,,,89da04b19b0dbcbf6e5a53a54fe80542a8d2ef23,2026-09-30T01:01:42.989377+00:00,dac9c60855b1a92d7501b4675e11cd642a8d20843f25f53985c840b0f4d1a26b,False
,,samuelgursky/davinci-resolve-mcp: .claude/skills/resolve-mcp,,GitHub,https://github.com/samuelgursky/davinci-resolve-mcp/blob/89da04b19b0dbcbf6e5a53a54fe80542a8d2ef23/.claude/skills/resolve-mcp/SKILL.md,,repository_skill_document,,,public_skill_source,,full_repository_document,,,,,89da04b19b0dbcbf6e5a53a54fe80542a8d2ef23,2026-09-30T01:01:42.989377+00:00,4b26dcb21157fa039a35d966775fab99efe34e3b9318ae2726e421ddb0bb8d9b,False
,,samuelgursky/davinci-resolve-mcp: .claude/skills/resolve-media-analysis,,GitHub,https://github.com/samuelgursky/davinci-resolve-mcp/blob/89da04b19b0dbcbf6e5a53a54fe80542a8d2ef23/.claude/skills/resolve-media-analysis/SKILL.md,,repository_skill_document,,,public_skill_source,,full_repository_document,,,,,89da04b19b0dbcbf6e5a53a54fe80542a8d2ef23,2026-09-30T01:01:42.989377+00:00,da1b3d23de3b806c5160bc1b50ae527d6d4d47cfc52e5ed4d8b9caa7b65087cf,False
,,samuelgursky/davinci-resolve-mcp: .claude/skills/resolve-media-pool,,GitHub,https://github.com/samuelgursky/davinci-resolve-mcp/blob/89da04b19b0dbcbf6e5a53a54fe80542a8d2ef23/.claude/skills/resolve-media-pool/SKILL.md,,repository_skill_document,,,public_skill_source,,full_repository_document,,,,,89da04b19b0dbcbf6e5a53a54fe80542a8d2ef23,2026-09-30T01:01:42.989377+00:00,83b7e9b62458dcc79301642b9155919b894e10e66a4415d7ff6c95d9ce200f51,False
,,samuelgursky/davinci-resolve-mcp: .claude/skills/resolve-rough-cut,,GitHub,https://github.com/samuelgursky/davinci-resolve-mcp/blob/89da04b19b0dbcbf6e5a53a54fe80542a8d2ef23/.claude/skills/resolve-rough-cut/SKILL.md,,repository_skill_document,,,public_skill_source,,full_repository_document,,,,,89da04b19b0dbcbf6e5a53a54fe80542a8d2ef23,2026-09-30T01:01:42.989377+00:00,8c1cda947c190dfc938e433e4bee175a850d73dfcab66ba817bcfc24baa37fc7,False
,,samuelgursky/davinci-resolve-mcp: .claude/skills/resolve-session,,GitHub,https://github.com/samuelgursky/davinci-resolve-mcp/blob/89da04b19b0dbcbf6e5a53a54fe80542a8d2ef23/.claude/skills/resolve-session/SKILL.md,,repository_skill_document,,,public_skill_source,,full_repository_document,,,,,89da04b19b0dbcbf6e5a53a54fe80542a8d2ef23,2026-09-30T01:01:42.989377+00:00,1a5120a3e0c9c99e8422609991e0944919e6505c25c87664cd8e6fe093377a99,False
,,samuelgursky/davinci-resolve-mcp: .claude/skills/resolve-tighten-recording,,GitHub,https://github.com/samuelgursky/davinci-resolve-mcp/blob/89da04b19b0dbcbf6e5a53a54fe80542a8d2ef23/.claude/skills/resolve-tighten-recording/SKILL.md,,repository_skill_document,,,public_skill_source,,full_repository_document,,,,,89da04b19b0dbcbf6e5a53a54fe80542a8d2ef23,2026-09-30T01:01:42.989377+00:00,e30d00903b70758c51c950f3f9a09799ca91bc6afbe101da1c866d02e4e96241,False
,,samuelgursky/davinci-resolve-mcp: docs,,GitHub,https://github.com/samuelgursky/davinci-resolve-mcp/blob/89da04b19b0dbcbf6e5a53a54fe80542a8d2ef23/docs/SKILL.md,,repository_skill_document,,,public_skill_source,,full_repository_document,,,,,89da04b19b0dbcbf6e5a53a54fe80542a8d2ef23,2026-09-30T01:01:42.989377+00:00,aa677409e5904ea42de2f130ff81feabae19f93002fdc334d9b735a370d6ed82,False
,,ZAURAN/ZAURAN-AI-CREATIVE: .,,GitHub,https://github.com/ZAURAN/ZAURAN-AI-CREATIVE/blob/fcfaf15952347c4616d30e78e21e3b671e4142ea/SKILL.md,,repository_skill_document,,,public_skill_source,,full_repository_document,,,,,fcfaf15952347c4616d30e78e21e3b671e4142ea,2026-09-30T01:01:48.058790+00:00,ea1a9cfde1f8bd1dda7c5b34c68b9ab4b8bf620045638efa94ef191c3e03f516,False
,,ZAURAN/ZAURAN-AI-CREATIVE: zauran-character-forge,,GitHub,https://github.com/ZAURAN/ZAURAN-AI-CREATIVE/blob/fcfaf15952347c4616d30e78e21e3b671e4142ea/zauran-character-forge/SKILL.md,,repository_skill_document,,,public_skill_source,,full_repository_document,,,,,fcfaf15952347c4616d30e78e21e3b671e4142ea,2026-09-30T01:01:48.058790+00:00,349c27c91f9146ad296340f9fd395d64cabe6f58d683c54b0285f5d95c2ea0eb,False
,,ZAURAN/ZAURAN-AI-CREATIVE: zauran-context-guard,,GitHub,https://github.com/ZAURAN/ZAURAN-AI-CREATIVE/blob/fcfaf15952347c4616d30e78e21e3b671e4142ea/zauran-context-guard/SKILL.md,,repository_skill_document,,,public_skill_source,,full_repository_document,,,,,fcfaf15952347c4616d30e78e21e3b671e4142ea,2026-09-30T01:01:48.058790+00:00,251eeda5b47fe8916f5e9212b1bdcfc0f1b3ef74eb3d5fc644995901fe6fd5d0,False
,,ZAURAN/ZAURAN-AI-CREATIVE: zauran-scene-director,,GitHub,https://github.com/ZAURAN/ZAURAN-AI-CREATIVE/blob/fcfaf15952347c4616d30e78e21e3b671e4142ea/zauran-scene-director/SKILL.md,,repository_skill_document,,,public_skill_source,,full_repository_document,,,,,fcfaf15952347c4616d30e78e21e3b671e4142ea,2026-09-30T01:01:48.058790+00:00,62299bbe655940528142457d49217fc33d14b32c93254f0f55d7f3aa4b7a259a,False
,,ZAURAN/ZAURAN-AI-CREATIVE: zauran-story-engine,,GitHub,https://github.com/ZAURAN/ZAURAN-AI-CREATIVE/blob/fcfaf15952347c4616d30e78e21e3b671e4142ea/zauran-story-engine/SKILL.md,,repository_skill_document,,,public_skill_source,,full_repository_document,,,,,fcfaf15952347c4616d30e78e21e3b671e4142ea,2026-09-30T01:01:48.058790+00:00,be094af11f618e5fdaf4799bd0eee57962129533355dc2652663bcc4218b3b73,False
